00000002
00000038
00000079
00000081
00000094
00000100
00000114
00000135
00000228
00000254
00000298
00000338
00000339
00000345
00000376
00000420
00000571
00000606
00000883
00000889
00000905
00000923
00001021
00001078
00001111
00001135
00001144
00001225
00001268
00001440
00001549
00001552
00001554
00001583
00001590
00001631
00001742
00001781
00001828
00001963
00002102
00002104
00002425
00002431
00002439
00002444
00002524
00002529
00002534
00002755
00002791
00002947
00002998
00003056
00003090
00003323
00003387
00003570
00003571
00003794
00003845
00003995
00004197
00004209
00004379
00004396
00004450
00004484
00004858
00004913
00004962
00005327
00005404
00005412
00005590
00005591
00005704
00005705
00005706
00005707
00005726
00005731
00005848
00005964
00006333
00006415
00006510
00006529
00006546
00006554
00006562
00006716
00006830
00006936
00006992
00007037
00007039
00007128
00007141
00007142
00007300
00007303
00007306
00007654
00007667
00007856
00008004
00008098
00008145
00008235
00008526
00008527
00008530
00008649
00008653
00008682
00008746
00008820
00008821
00008852
00009329
00009344
00009507
00009676
00009784
00009787
00009912
00009981
00010123
00010189
00010331
00010571
00010579
00010789
00010792
00010803
00010804
00010806
00010807
00010812
00010896
00010905
00010945
00011008
00011045
00011052
00011131
00011161
00011163
00011191
00011301
00011405
00011421
00011437
00011484
00011514
00011516
00011541
00011767
00011782
00011832
00011833
00011873
00011920
00011942
00011986
00012139
00012178
00012211
00012212
00012216
00012248
00012261
00012318
00012494
00012707
00012725
00012763
00012764
00012903
00012932
00012937
00012961
00013250
00013291
00013693
00013759
00013782
00013864
00013907
00013967
00014008
00014134
00014140
00014257
00014332
00014342
00014365
00014423
00014567
00014573
00014578
00014742
00014793
00014797
00014820
00015094
00015102
00015107
00015276
00015419
00015565
00015574
00015575
00015582
00015583
00015637
00015644
00015647
00015650
00015694
00015805
00015819
00015828
00016110
00016126
00016262
00016851
00016859
00016898
00016929
00017061
00017077
00017306
00017447
00017460
00017463
00017464
00017468
00017471
00017483
00017484
00017486
00017610
00017676
00017700
00017718
00017728
00017743
00017755
00017979
00018055
00018152
00018194
00018235
00018237
00018261
00018262
00018299
00018346
00018370
00018375
00018387
00018481
00018725
00018765
00018829
00019214
00019218
00019527
00019528
00019539
00019620
00019627
00019894
00019988
00019990
00020087
00020142
00020169
00020215
00020325
00020326
00020344
00020367
00020395
00020420
00020538
00020601
00020635
00020643
00020731
00020762
00020898
00020915
00020952
00021057
00021143
00021144
00021171
00021364
00021365
00021421
00021468
00021513
00021520
00021659
00021667
00021724
00021732
00021950
00022038
00022140
00022271
00022457
00022491
00022493
00022587
00022613
00022616
00022635
00022685
00022687
00022708
00022777
00022781
00022898
00023089
00023095
00023098
00023315
00023321
00023343
00023376
00023382
00023414
00023436
00023438
00023489
00023532
00023729
00023780
00023796
00023823
00023833
00023838
00023911
00023919
00024014
00024130
00024170
00024228
00024573
00025085
00025098
00025194
00025355
00025378
00025379
00025384
00025515
00025521
00025559
00025675
00025682
00025705
00025738
00025751
00025908
00025923
00025953
00025958
00025962
00025965
00026007
00026154
00026295
00026308
00026333
00026393
00026731
00026745
00026798
00026804
00026872
00026911
00026913
00026914
00026923
00026938
00026998
00027209
00027213
00027303
00027352
00027364
00027437
00027438
00027518
00027580
00027713
00027781
00027852
00027925
00028008
00028241
00028357
00028363
00028504
00028506
00028549
00028600
00028602
00028718
00028833
00028849
00028869
00029105
00029231
00029357
00029436
00029445
00029627
00029738
00029767
00029768
00029789
00029978
00030367
00030370
00030456
00030501
00030782
00030790
00030791
00030821
00030831
00030918
00031002
00031003
00031049
00031071
00031127
00031192
00031213
00031215
00031247
00031306
00031365
00031409
00031544
00031545
00031554
00031592
00031607
00031661
00031662
00031663
00031664
00031850
00031900
00031913
00031976
00032020
00032023
00032085
00032141
00032147
00032149
00032190
00032208
00032266
00032433
00032513
00032515
00032536
00032562
00032591
00032600
00032830
00032836
00033416
00033479
00033588
00033603
00033726
00033789
00033843
00033993
00034002
00034367
00034480
00034757
00034768
00034779
00034935
00035022
00035048
00035091
00035202
00035321
00035353
00035387
00035458
00035531
00035533
00035534
00035862
00036067
00036206
00036304
00036575
00036577
00036611
00036618
00036625
00036878
00037036
00037037
00037038
00037053
00037145
00037188
00037251
00037304
00037321
00037323
00037374
00037479
00037619
00037636
00037658
00037694
00037780
00037794
00037808
00037855
00037914
00037995
00038211
00038248
00038340
00038383
00038442
00038447
00038659
00038711
00038720
00038779
00038817
00038952
00039001
00039041
00039054
00039116
00039139
00039151
00039203
00039476
00039501
00039522
00039523
00039695
00039817
00039839
00039886
00039931
00039935
00040002
00040106
00040108
00040141
00040250
00040788
00040808
00041029
00041041
00041049
00041058
00041098
00041121
00041178
00041233
00041251
00041336
00041345
00041367
00041488
00041556
00041635
00041667
00041701
00041703
00041725
00041864
00041972
00042173
00042268
00042311
00042746
00042925
00042993
00043007
00043040
00043055
00043090
00043093
00043110
00043112
00043130
00043137
00043181
00043184
00043187
00043259
00043274
00043289
00043561
00043623
00043671
00043685
00043743
00043756
00043777
00043779
00043789
00043791
00043838
00043866
00044052
00044077
00044094
00044101
00044109
00044304
00044321
00044322
00044325
00044339
00044349
00044411
00044417
00044418
00044426
00044443
00044464
00044486
00044655
00044672
00044689
00044713
00044823
00044908
00044981
00045033
00045040
00045062
00045169
00045295
00045308
00045362
00045363
00045461
00045475
00045482
00045540
00045616
00045645
00045696
00045779
00045784
00045837
00045839
00045840
00045891
00045893
00045895
00045896
00045909
00045932
00045936
00045972
00046010
00046152
00046180
00046256
00046281
00046353
00046466
00046467
00046473
00046482
00046483
00046631
00046635
00046841
00046888
00046889
00046908
00046909
00046910
00046911
00047208
00047327
00047328
00047442
00047477
00047519
00047573
00047608
00047730
00047757
00047814
00047822
00047993
00048013
00048101
00048114
00048148
00048218
00048342
00048343
00048454
00048474
00048538
00048647
00048650
00048655
00048768
00048779
00048867
00048972
00049084
00049131
00049258
00049267
00049388
00049497
00049501
00049649
00049657
00049662
00049664
00049676
00049743
00049790
00049814
00049892
00049979
00050019
00050137
00050141
00050143
00050153
00050162
00050223
00050265
00050289
00050355
00050417
00050432
00050459
00050500
00050522
00050539
00050722
00050728
00050734
00050746
00050781
00050783
00050795
00050917
00050996
00051007
00051041
00051052
00051106
00051127
00051249
00051380
00051457
00051538
00051597
00051947
00052234
00052249
00052251
00052280
00052310
00052371
00052429
00052564
00052589
00052818
00053150
00053231
00053385
00053386
00053431
00053433
00053476
00053479
00053505
00053538
00053596
00053661
00053664
00053697
00053743
00053767
00053768
00053772
00053781
00053845
00053853
00053869
00053873
00054018
00054052
00054090
00054171
00054210
00054342
00054344
00054345
00054347
00054415
00054483
00054506
00054508
00054532
00054533
00054534
00054568
00054675
00054676
00054706
00054759
00054814
00054851
00054943
00055158
00055288
00055406
00055449
00055463
00055511
00055517
00055524
00055557
00055612
00055929
00055937
00055954
00056035
00056090
00056103
00056134
00056214
00056448
00056481
00057564
00057798
00057828
00057833
00057931
00058536
00058632
00058748
00058828
00058833
00059335
00059952
00060028
00060040
00060071
00060161
00060325
00060347
00060349
00060509
00060533
00060534
00060540
00060561
00060639
00060955
00061099
00061334
00061396
00061551
00061558
00061696
00061739
00061754
00061801
00061831
00061873
00061878
00062037
00062116
00062123
00062146
00062161
00062241
00062476
00062478
00062508
00062588
00062602
00062825
00062838
00062982
00063053
00063135
00063164
00063276
00063362
00063401
00063421
00063424
00063509
00063510
00063524
00063556
00063559
00063796
00063955
00063961
00063962
00064093
00064248
00064381
00064440
00064467
00064491
00064497
00064522
00064546
00064566
00064581
00064593
00064613
00064831
00064860
00064861
00065030
00065058
00065073
00065166
00065223
00065266
00065272
00065352
00065469
00065589
00065623
00065636
00065637
00065715
00065786
00065835
00065843
00065873
00065877
00065878
00066003
00066010
00066023
00066024
00066025
00066026
00066027
00066028
00066029
00066054
00066101
00066114
00066201
00066377
00066577
00066591
00066594
00066639
00066726
00066748
00066763
00066798
00066945
00066950
00066956
00066968
00066969
00066971
00066994
00067093
00067181
00067182
00067188
00067271
00067458
00067463
00067605
00067632
00067743
00067893
00068002
00068073
00068277
00068316
00068357
00068411
00068448
00068575
00068609
00068636
00068644
00068667
00068711
00068827
00068848
00068849
00068850
00068851
00068857
00068907
00068919
00068920
00068921
00068931
00068946
00068996
00069010
00069081
00069160
00069502
00069534
00069597
00069605
00069622
00069627
00069724
00069728
00069730
00069778
00069831
00069833
00069844
00069854
00069891
00069905
00069912
00069961
00070046
00070064
00070286
00070308
00070337
00070373
00070394
00070896
00071037
00071048
00071074
00071101
00071157
00071160
00071189
00071191
00071337
00071362
00071366
00071454
00071526
00071616
00071724
00071743
00071929
00071962
00071970
00071997
00072238
00072275
00072307
00072359
00072360
00072429
00072472
00072549
00072583
00072747
00072937
00072948
00072969
00072981
00073118
00073142
00073200
00073225
00073307
00073336
00073381
00073540
00073551
00073602
00073605
00073706
00073707
00073820
00074122
00074175
00074240
00074256
00074398
00074442
00074444
00074495
00074499
00074531
00074660
00074785
00074786
00074788
00074817
00074818
00074821
00074835
00074845
00074858
00074870
00074980
00074981
00074992
00075177
00075278
00075508
00075532
00075617
00075691
00075705
00075719
00075836
00075867
00075875
00075927
00075999
00076254
00076268
00076300
00076468
00076469
00076487
00076525
00076543
00076548
00076619
00076667
00076811
00076904
00076937
00077129
00077143
00077151
00077183
00077254
00077255
00077265
00077310
00077347
00077356
00077398
00077467
00077492
00077548
00077563
00077708
00077764
00077831
00078226
00078227
00078243
00078244
00078259
00078260
00078280
00078287
00078289
00078390
00078466
00078547
00078551
00078565
00078615
00078659
00078707
00078735
00078736
00078760
00078762
00078785
00078872
00078931
00079022
00079059
00079155
00079194
00079200
00079250
00079391
00079439
00079573
00079583
00079632
00079701
00079702
00079748
00079895
00079938
00079986
00080089
00080183
00080235
00080274
00080472
00080475
00080492
00080606
00080638
00080738
00080762
00080792
00080795
00080817
00080831
00080867
00080907
00080993
00081025
00081038
00081159
00081238
00081282
00081393
00081401
00081429
00081474
00081490
00081516
00081565
00081596
00081620
00081625
00081685
00081691
00081693
00081699
00081832
00081918
00081993
00082022
00082023
00082056
00082058
00082122
00082204
00082276
00082279
00082301
00082323
00082433
00082472
00082504
00082510
00082514
00082535
00082597
00082612
00082620
00082633
00082650
00082823
00082889
00082926
00083101
00083108
00083176
00083183
00083377
00083380
00083383
00083394
00083482
00083493
00083512
00083551
00083576
00083849
00083935
00083945
00084002
00084017
00084072
00084075
00084078
00084243
00084459
00084492
00084601
00084623
00084660
00084690
00084696
00084697
00084704
00084739
00084861
00084880
00084913
00084946
00084990
00085041
00085145
00085215
00085238
00085326
00085335
00085336
00085337
00085351
00085378
00085388
00085414
00085445
00085453
00085454
00085463
00085523
00085582
00085639
00085689
00085709
00085723
00085733
00085860
00085927
00085947
00085975
00086331
00086355
00086374
00086392
00086423
00086426
00086451
00086458
00086462
00086488
00086490
00086501
00086510
00086569
00086620
00086637
00086646
00086652
00086684
00086695
00086758
00086774
00086783
00086964
00087023
00087249
00087256
00087285
00087306
00087337
00087378
00087496
00087564
00087565
00087656
00087668
00087673
00087708
00087718
00087736
00087887
00088013
00088125
00088130
00088132
00088281
00088327
00088363
00088413
00088472
00088485
00088491
00088671
00088700
00088716
00088812
00088819
00088834
00088943
00088945
00088947
00088949
00089012
00089144
00089149
00089199
00089214
00089273
00089294
00089346
00089675
00089737
00089781
00089806
00089808
00089897
00089910
00089954
00089974
00089985
00090045
00090102
00090151
00090157
00090162
00090165
00090174
00090230
00090262
00090352
00090365
00090370
00090409
00090468
00090490
00090501
00090528
00090627
00090676
00090700
00090740
00090758
00090789
00090832
00090897
00091009
00091034
00091038
00091074
00091077
00091078
00091135
00091183
00091326
00091328
00091330
00091336
00091344
00091389
00091404
00091433
00091505
00091512
00091515
00091518
00091522
00091539
00091541
00091584
00091643
00091707
00091708
00091709
00091721
00091724
00091751
00091927
00091940
00091947
00091961
00091990
00092052
00092068
00092110
00092121
00092125
00092198
00092235
00092268
00092396
00092461
00092483
00092514
00092526
00092532
00092555
00092614
00092783
00092794
00092796
00092829
00092849
00092858
00092896
00092897
00092903
00092910
00092918
00092943
00092997
00093019
00093020
00093084
00093190
00093267
00093272
00093319
00093428
00093687
00093702
00093732
00093777
00093787
00093874
00093895
00093903
00094051
00094114
00094231
00094249
00094274
00094286
00094290
00094308
00094312
00094335
00094374
00094392
00094446
00094552
00094580
00094594
00094616
00094617
00094618
00094620
00094621
00094651
00094657
00094696
00094702
00094857
00094885
00095024
00095070
00095094
00095105
00095264
00095302
00095307
00095332
00095348
00095399
00095661
00095799
00095906
00096144
00096185
00096284
00096293
00096308
00096309
00096321
00096381
00096385
00096555
00096558
00096574
00096576
00096598
00096616
00096638
00096657
00096658
00096976
00096985
00097030
00097050
00097107
00097115
00097117
00097133
00097174
00097205
00097215
00097257
00097330
00097334
00097338
00097344
00097345
00097390
00097397
00097415
00097435
00097436
00097461
00097463
00097464
00097526
00097558
00097619
00097647
00097681
00097720
00097856
00097865
00097867
00097918
00097932
00097957
00097961
00097971
00097980
00098167
00098223
00098278
00098289
00098354
00098357
00098487
00098629
00098653
00098662
00098700
00098717
00098723
00098758
00098761
00098778
00098793
00098800
00098864
00098892
00098901
00098903
00098905
00098906
00098959
00099005
00099016
00099054
00099108
00099146
00099298
00099302
00099352
00099366
00099482
00099506
00099513
00099526
00099545
00099567
00099604
00099706
00099754
00099771
00099798
00099829
00099842
00099912
00099958
00099977
00100005
00100055
00100067
00100074
00100119
00100145
00100247
00100298
00100331
00100364
00100366
00100406
00100436
00100496
00100504
00100520
00100558
00100559
00100572
00100602
00100623
00100650
00100655
00100660
00100664
00100674
00100677
00100712
00100716
00100724
00100736
00100775
00100840
00100875
00100876
00100878
00100886
00100893
00100976
00101004
00101055
00101063
00101118
00101172
00101305
00101308
00101383
00101480
00101482
00101488
00101507
00101516
00101612
00101651
00101659
00101668
00101669
00101702
00101731
00101786
00101787
00101788
00101792
00101796
00101797
00101805
00101815
00101843
00101927
00101984
00102162
00102181
00102204
00102209
00102252
00102254
00102288
00102301
00102328
00102341
00102342
00102410
00102563
00102570
00102601
00102606
00102614
00102619
00102657
00102733
00102748
00102750
00102751
00102756
00102757
00102776
00102783
00102808
00102819
00102831
00102899
00102920
00102949
00102969
00102982
00103006
00103008
00103010
00103055
00103057
00103206
00103282
00103309
00103328
00103391
00103410
00103428
00103439
00103446
00103460
00103480
00103481
00103521
00103587
00103608
00103664
00103714
00103821
00103827
00103839
00103892
00103962
00103965
00103969
00104000
00104061
00104079
00104102
00104145
00104172
00104179
00104192
00104210
00104211
00104222
00104242
00104268
00104296
00104297
00104313
00104329
00104332
00104375
00104389
00104405
00104438
00104465
00104488
00104562
00104570
00104606
00104616
00104676
00104696
00104698
00104705
00104723
00104803
00104853
00104877
00104936
00105001
00105009
00105169
00105221
00105232
00105312
00105335
00105336
00105361
00105387
00105393
00105398
00105411
00105483
00105512
00105518
00105536
00105541
00105543
00105582
00105640
00105707
00105714
00105819
00105847
00105912
00105923
00105926
00105939
00105955
00105959
00105970
00105971
00105976
00106090
00106139
00106148
00106180
00106181
00106257
00106370
00106416
00106418
00106424
00106470
00106531
00106555
00106606
00106607
00106780
00106813
00106814
00106842
00106851
00106865
00106874
00106921
00106939
00106941
00106972
00106991
00107003
00107006
00107009
00107013
00107019
00107065
00107078
00107081
00107103
00107122
00107163
00107195
00107222
00107258
00107293
00107334
00107356
00107418
00107435
00107474
00107632
00107643
00107653
00107660
00107663
00107805
00107850
00107863
00107899
00107900
00107903
00108024
00108056
00108074
00108082
00108129
00108130
00108135
00108167
00108168
00108178
00108219
00108333
00108375
00108379
00108386
00108408
00108474
00108476
00108617
00108643
00108730
00108758
00108772
00108779
00108859
00108877
00108912
00108924
00108937
00108949
00109011
00109056
00109108
00109118
00109122
00109206
00109217
00109269
00109467
00109468
00109534
00109538
00109616
00109645
00109671
00109696
00109724
00109730
00109778
00109799
00109913
00109957
00110002
00110031
00110035
00110089
00110223
00110324
00110420
00110442
00110444
00110455
00110463
00110484
00110578
00110663
00110689
00110710
00110721
00110778
00110785
00110808
00110820
00110837
00110897
00110909
00111004
00111028
00111183
00111185
00111208
00111273
00111399
00111426
00111440
00111447
00111493
00111495
00111507
00111522
00111598
00111661
00111707
00111711
00111732
00111786
00111804
00111823
00111841
00111863
00111875
00111877
00111933
00111959
00111964
00111965
00111984
00111985
00112003
00112023
00112058
00112081
00112083
00112088
00112094
00112095
00112136
00112224
00112300
00112318
00112319
00112332
00112364
00112393
00112420
00112422
00112642
00112678
00112687
00112690
00112747
00112771
00112812
00112886
00112926
00112934
00112964
00112976
00113038
00113056
00113071
00113084
00113115
00113186
00113192
00113217
00113223
00113298
00113349
00113378
00113439
00113557
00113612
00113640
00113665
00113667
00113686
00113752
00113846
00113848
00113849
00113852
00113862
00113863
00113909
00113978
00113999
00114020
00114038
00114081
00114183
00114184
00114200
00114201
00114216
00114275
00114345
00114401
00114408
00114425
00114428
00114432
00114460
00114493
00114504
00114529
00114535
00114597
00114619
00114655
00114694
00114699
00114700
00114715
00114778
00114835
00114907
00114924
00114959
00115036
00115079
00115149
00115164
00115227
00115235
00115277
00115308
00115309
00115333
00115340
00115341
00115452
00115459
00115465
00115566
00115637
00115694
00115711
00115723
00115731
00115732
00115758
00115815
00115818
00115827
00115849
00115915
00115953
00115974
00115983
00115984
00116054
00116105
00116112
00116150
00116153
00116155
00116186
00116205
00116228
00116277
00116373
00116459
00116460
00116559
00116563
00116576
00116599
00116606
00116657
00116679
00116770
00116779
00116794
00116795
00116848
00116914
00116928
00116969
00116981
00117005
00117044
00117057
00117083
00117127
00117129
00117208
00117246
00117259
00117377
00117384
00117473
00117487
00117505
00117538
00117583
00117621
00117644
00117666
00117668
00117697
00117708
00117725
00117731
00117761
00117816
00117833
00117842
00117882
00117987
00118074
00118083
00118087
00118140
00118161
00118242
00118257
00118294
00118307
00118317
00118359
00118388
00118400
00118407
00118416
00118418
00118458
00118459
00118499
00118516
00118517
00118609
00118636
00118665
00118722
00118788
00118817
00118909
00118929
00118942
00118978
00118979
00119031
00119059
00119095
00119108
00119142
00119164
00119177
00119203
00119219
00119220
00119223
00119263
00119267
00119272
00119274
00119275
00119319
00119376
00119419
00119425
00119443
00119444
00119468
00119489
00119569
00119575
00119676
00119764
00119831
00119857
00119862
00119883
00119976
00120084
00120190
00120203
00120210
00120262
00120276
00120332
00120333
00120338
00120454
00120460
00120463
00120541
00120548
00120554
00120560
00120572
00120582
00120592
00120643
00120645
00120659
00120660
00120664
00120665
00120666
00120758
00120785
00120888
00120919
00120944
00120965
00120973
00120976
00120997
00121002
00121110
00121168
00121200
00121238
00121256
00121282
00121402
00121403
00121404
00121439
00121533
00121534
00121568
00121615
00121622
00121677
00121683
00121756
00121823
00121827
00121829
00121835
00121863
00121869
00121883
00121905
00121950
00122061
00122083
00122117
00122136
00122140
00122163
00122261
00122282
00122307
00122343
00122380
00122385
00122494
00122552
00122571
00122590
00122619
00122647
00122713
00122780
00122815
00122833
00122931
00122937
00122962
00122987
00123050
00123080
00123158
00123165
00123166
00123208
00123245
00123308
00123309
00123339
00123380
00123390
00123428
00123452
00123457
00123459
00123484
00123497
00123501
00123529
00123556
00123562
00123566
00123596
00123599
00123657
00123744
00123748
00123770
00123782
00123794
00123819
00123821
00123844
00123907
00123937
00123947
00123980
00123982
00123987
00124031
00124108
00124109
00124122
00124171
00124210
00124245
00124249
00124273
00124337
00124347
00124352
00124371
00124377
00124430
00124471
00124487
00124498
00124510
00124511
00124525
00124570
00124648
00124668
00124690
00124696
00124752
00124762
00124800
00124820
00124831
00124926
00124970
00125120
00125125
00125132
00125163
00125240
00125252
00125331
00125337
00125359
00125384
00125387
00125388
00125439
00125442
00125512
00125515
00125557
00125572
00125609
00125696
00125701
00125733
00125775
00125820
00125979
00126009
00126021
00126048
00126069
00126181
00126223
00126243
00126302
00126321
00126331
00126352
00126368
00126415
00126452
00126477
00126478
00126510
00126539
00126696
00126795
00126885
00126901
00126909
00126921
00126931
00126934
00127001
00127044
00127062
00127063
00127070
00127097
00127122
00127170
00127196
00127212
00127227
00127240
00127253
00127289
00127340
00127365
00127376
00127387
00127413
00127480
00127494
00127669
00127678
00127744
00127754
00127758
00127759
00127760
00127809
00127811
00127820
00127826
00127828
00127919
00127963
00128007
00128041
00128042
00128068
00128083
00128094
00128162
00128185
00128201
00128221
00128228
00128229
00128403
00128462
00128516
00128614
00128691
00128815
00128854
00128985
00129000
00129009
00129010
00129029
00129030
00129038
00129039
00129040
00129049
00129050
00129051
00129052
00129053
00129054
00129062
00129092
00129109
00129156
00129158
00129162
00129185
00129201
00129223
00129226
00129283
00129323
00129339
00129341
00129388
00129400
00129620
00129625
00129654
00129655
00129723
00129725
00129730
00129748
00129749
00129774
00129775
00129785
00129802
00129840
00129850
00129852
00129874
00129876
00129929
00130071
00130072
00130073
00130165
00130236
00130279
00130285
00130287
00130291
00130367
00130374
00130401
00130424
00130427
00130515
00130517
00130532
00130538
00130543
00130592
00130601
00130647
00130665
00130688
00130690
00130696
00130700
00130704
00130710
00130761
00130823
00130871
00130906
00130916
00131011
00131025
00131070
00131092
00131111
00131183
00131188
00131244
00131245
00131251
00131255
00131258
00131277
00131330
00131339
00131372
00131414
00131438
00131457
00131467
00131469
00131473
00131478
00131532
00131541
00131586
00131591
00131593
00131605
00131618
00131622
00131624
00131695
00131700
00131715
00131742
00131793
00131806
00131828
00131837
00131891
00131892
00131899
00131907
00131908
00131958
00131985
00132054
00132078
00132137
00132139
00132140
00132141
00132142
00132187
00132254
00132310
00132329
00132331
00132379
00132445
00132503
00132598
00132600
00132647
00132648
00132673
00132703
00132705
00132754
00132769
00132771
00132774
00132931
00132942
00132943
00132956
00132973
00133041
00133046
00133075
00133092
00133093
00133116
00133119
00133170
00133217
00133280
00133282
00133291
00133355
00133360
00133376
00133382
00133383
00133403
00133407
00133416
00133419
00133459
00133460
00133467
00133468
00133495
00133498
00133501
00133531
00133534
00133558
00133582
00133604
00133616
00133692
00133704
00133767
00133787
00133810
00133811
00133827
00133828
00133864
00133870
00133891
00133893
00133914
00133975
00134009
00134032
00134041
00134049
00134056
00134061
00134077
00134108
00134132
00134140
00134224
00134246
00134250
00134253
00134319
00134396
00134407
00134463
00134470
00134500
00134516
00134526
00134554
00134610
00134658
00134702
00134774
00134857
00134868
00134879
00134881
00134903
00134915
00134959
00134961
00135022
00135040
00135103
00135116
00135196
00135225
00135230
00135242
00135277
00135328
00135350
00135370
00135380
00135385
00135387
00135411
00135464
00135504
00135545
00135573
00135582
00135634
00135640
00135682
00135689
00135718
00135797
00135808
00135910
00135914
00135956
00135989
00135990
00136019
00136045
00136085
00136135
00136197
00136219
00136222
00136223
00136231
00136244
00136255
00136256
00136269
00136279
00136283
00136288
00136297
00136338
00136348
00136407
00136447
00136530
00136532
00136533
00136547
00136548
00136571
00136586
00136618
00136695
00136745
00136779
00136939
00136952
00136956
00137012
00137025
00137048
00137195
00137235
00137304
00137324
00137386
00137403
00137470
00137486
00137537
00137554
00137581
00137597
00137607
00137650
00137663
00137671
00137676
00137678
00137682
00137738
00137762
00137794
00137796
00137797
00137809
00137841
00137878
00137929
00137941
00137955
00137985
00138089
00138143
00138217
00138224
00138245
00138303
00138307
00138309
00138346
00138378
00138381
00138397
00138534
00138578
00138611
00138691
00138757
00138774
00138782
00138859
00138895
00138896
00138898
00138913
00138949
00138976
00138978
00138983
00138988
00139007
00139061
00139084
00139129
00139135
00139148
00139149
00139178
00139193
00139221
00139252
00139295
00139303
00139326
00139329
00139452
00139488
00139546
00139565
00139696
00139710
00139765
00139811
00139859
00139883
00139888
00139903
00139913
00139927
00139934
00139936
00139937
00140017
00140018
00140029
00140030
00140125
00140173
00140209
00140210
00140211
00140314
00140315
00140356
00140437
00140470
00140472
00140486
00140546
00140568
00140599
00140601
00140648
00140771
00140772
00140773
00140860
00140888
00140917
00140971
00140985
00141043
00141170
00141171
00141240
00141242
00141268
00141306
00141430
00141441
00141447
00141490
00141497
00141501
00141502
00141526
00141590
00141597
00141601
00141613
00141627
00141642
00141659
00141666
00141704
00141715
00141810
00141823
00141838
00141919
00141926
00141940
00141946
00141950
00142013
00142070
00142095
00142172
00142173
00142184
00142190
00142200
00142202
00142247
00142251
00142310
00142324
00142326
00142340
00142341
00142345
00142371
00142413
00142414
00142416
00142418
00142516
00142563
00142599
00142729
00142764
00142787
00142788
00142849
00142891
00142894
00142918
00142933
00142977
00142991
00143001
00143057
00143088
00143274
00143277
00143306
00143330
00143407
00143413
00143442
00143445
00143446
00143448
00143457
00143501
00143518
00143538
00143570
00143626
00143639
00143640
00143664
00143672
00143727
00143735
00143813
00143928
00143962
00144217
00144219
00144427
00144440
00144475
00144490
00144505
00144537
00144594
00144710
00144760
00144795
00144847
00144924
00144972
00144987
00145016
00145020
00145063
00145096
00145111
00145136
00145157
00145172
00145193
00145224
00145231
00145257
00145325
00145432
00145484
00145547
00145570
00145578
00145617
00145799
00145838
00145876
00146003
00146045
00146046
00146050
00146149
00146199
00146209
00146317
00146318
00146367
00146424
00146441
00146442
00146443
00146444
00146467
00146481
00146536
00146544
00146627
00146663
00146680
00146691
00146783
00146938
00146970
00146999
00147053
00147070
00147138
00147189
00147220
00147226
00147266
00147268
00147289
00147302
00147386
00147411
00147450
00147550
00147623
00147644
00147667
00147669
00147702
00147708
00147744
00147751
00147760
00147788
00147797
00147833
00147890
00147918
00147976
00147977
00148022
00148045
00148092
00148093
00148114
00148153
00148170
00148211
00148345
00148405
00148441
00148448
00148487
00148522
00148558
00148564
00148571
00148595
00148771
00148830
00148873
00148913
00149089
00149185
00149218
00149255
00149326
00149371
00149426
00149454
00149479
00149494
00149525
00149584
00149644
00149682
00149714
00149730
00149739
00149818
00149820
00149883
00149892
00149905
00150004
00150024
00150047
00150054
00150079
00150109
00150149
00150181
00150204
00150248
00150250
00150277
00150288
00150315
00150394
00150618
00150678
00150695
00150699
00150848
00150849
00150865
00150871
00150956
00150978
00150990
00150997
00151001
00151102
00151111
00151114
00151116
00151240
00151281
00151284
00151344
00151358
00151370
00151397
00151415
00151427
00151454
00151516
00151538
00151673
00151689
00151746
00151756
00151810
00151828
00151835
00151855
00151897
00151932
00152037
00152048
00152074
00152142
00152148
00152191
00152223
00152273
00152311
00152380
00152451
00152467
00152512
00152528
00152573
00152638
00152716
00152729
00152799
00152811
00152820
00152849
00152850
00152864
00152871
00152925
00152963
00152964
00152987
00153003
00153016
00153056
00153101
00153112
00153126
00153142
00153161
00153163
00153238
00153278
00153325
00153330
00153338
00153363
00153381
00153456
00153477
00153480
00153487
00153499
00153538
00153605
00153686
00153901
00153941
00153947
00153998
00154039
00154044
00154045
00154052
00154055
00154066
00154104
00154115
00154146
00154161
00154162
00154190
00154194
00154248
00154320
00154372
00154440
00154486
00154552
00154604
00154642
00154861
00154862
00154951
00154975
00155021
00155048
00155057
00155202
00155216
00155232
00155275
00155317
00155356
00155371
00155461
00155473
00155499
00155507
00155527
00155615
00155626
00155652
00155667
00155681
00155712
00155737
00155789
00155877
00155890
00155927
00155930
00155956
00155977
00156014
00156030
00156043
00156053
00156098
00156301
00156323
00156371
00156433
00156459
00156472
00156492
00156533
00156535
00156537
00156587
00156609
00156648
00156650
00156671
00156673
00156731
00156732
00156733
00156815
00156869
00156921
00156944
00156994
00157012
00157102
00157122
00157195
00157198
00157238
00157239
00157290
00157315
00157365
00157375
00157376
00157385
00157399
00157459
00157463
00157490
00157514
00157593
00157622
00157687
00157762
00157935
00157949
00157972
00157979
00158002
00158007
00158049
00158109
00158112
00158119
00158136
00158189
00158227
00158238
00158274
00158278
00158286
00158308
00158387
00158441
00158448
00158469
00158479
00158501
00158516
00158546
00158623
00158638
00158713
00158730
00158747
00158818
00158960
00159009
00159051
00159065
00159096
00159123
00159191
00159205
00159214
00159218
00159277
00159314
00159321
00159332
00159399
00159400
00159401
00159414
00159421
00159427
00159432
00159465
00159471
00159537
00159539
00159583
00159600
00159602
00159603
00159678
00159788
00159793
00159810
00159814
00159848
00159849
00159949
00160058
00160119
00160137
00160245
00160310
00160321
00160336
00160350
00160392
00160396
00160428
00160464
00160489
00160603
00160716
00160730
00160812
00160820
00160846
00160865
00160945
00160975
00161010
00161096
00161105
00161142
00161225
00161227
00161228
00161238
00161243
00161249
00161250
00161365
00161429
00161448
00161476
00161492
00161518
00161542
00161548
00161720
00161806
00161843
00161901
00161905
00161959
00161986
00162079
00162092
00162135
00162183
00162213
00162217
00162286
00162293
00162297
00162331
00162414
00162428
00162465
00162467
00162468
00162470
00162471
00162499
00162538
00162616
00162643
00162654
00162689
00162714
00162720
00162770
00162775
00162816
00162837
00162844
00162904
00162920
00162987
00162994
00163031
00163188
00163189
00163255
00163295
00163337
00163486
00163507
00163596
00163665
00163669
00163689
00163703
00163704
00163712
00163772
00163791
00163809
00163886
00163919
00163978
00164023
00164099
00164100
00164142
00164144
00164175
00164205
00164313
00164347
00164390
00164394
00164410
00164411
00164413
00164503
00164529
00164579
00164739
00164775
00164828
00164841
00164845
00164847
00164887
00164908
00164963
00165028
00165046
00165111
00165113
00165121
00165146
00165174
00165185
00165193
00165240
00165257
00165308
00165375
00165392
00165429
00165434
00165444
00165472
00165509
00165532
00165568
00165569
00165595
00165627
00165628
00165642
00165663
00165688
00165717
00165718
00165770
00165849
00165872
00165873
00165902
00165920
00165961
00166087
00166173
00166217
00166227
00166281
00166292
00166331
00166386
00166390
00166439
00166475
00166515
00166528
00166561
00166601
00166632
00166695
00166712
00166714
00166759
00166793
00166808
00166811
00166831
00166891
00166892
00166893
00166898
00166963
00167023
00167024
00167138
00167168
00167256
00167268
00167270
00167287
00167308
00167333
00167472
00167518
00167519
00167526
00167541
00167561
00167581
00167588
00167652
00167701
00167703
00167704
00167737
00167964
00167986
00167989
00168037
00168076
00168263
00168269
00168314
00168320
00168338
00168340
00168341
00168361
00168365
00168376
00168416
00168428
00168433
00168457
00168539
00168558
00168585
00168592
00168593
00168709
00168733
00168737
00168746
00168747
00168775
00168785
00168808
00168809
00168822
00168825
00168839
00168899
00168932
00168938
00168963
00169002
00169024
00169026
00169027
00169235
00169238
00169290
00169342
00169373
00169376
00169443
00169459
00169467
00169475
00169481
00169517
00169571
00169586
00169665
00169688
00169710
00169723
00169787
00169813
00169874
00169922
00169929
00169931
00169989
00170005
00170080
00170087
00170110
00170114
00170119
00170133
00170150
00170161
00170164
00170176
00170191
00170195
00170251
00170270
00170290
00170301
00170315
00170335
00170422
00170426
00170442
00170470
00170471
00170472
00170479
00170580
00170588
00170592
00170596
00170605
00170694
00170739
00170802
00170803
00170890
00170943
00170944
00170985
00171019
00171022
00171024
00171051
00171122
00171129
00171140
00171142
00171175
00171231
00171359
00171364
00171404
00171427
00171483
00171484
00171493
00171514
00171523
00171525
00171600
00171609
00171610
00171611
00171676
00171689
00171708
00171722
00171752
00171779
00171796
00171864
00171951
00171984
00172083
00172130
00172190
00172221
00172305
00172313
00172316
00172405
00172406
00172417
00172426
00172428
00172432
00172440
00172466
00172505
00172561
00172575
00172613
00172622
00172721
00172735
00172772
00172773
00172774
00172868
00172932
00172938
00172941
00173035
00173051
00173052
00173155
00173167
00173176
00173243
00173277
00173308
00173323
00173332
00173398
00173402
00173424
00173435
00173436
00173445
00173454
00173530
00173545
00173570
00173593
00173594
00173595
00173610
00173612
00173637
00173653
00173676
00173703
00173721
00173828
00173861
00173948
00173995
00173997
00174003
00174014
00174015
00174022
00174028
00174034
00174046
00174069
00174071
00174072
00174274
00174282
00174316
00174381
00174392
00174402
00174520
00174609
00174638
00174640
00174693
00174777
00174793
00174840
00174967
00174968
00174969
00174985
00175025
00175027
00175033
00175040
00175046
00175049
00175053
00175117
00175119
00175133
00175167
00175202
00175203
00175207
00175231
00175234
00175237
00175242
00175269
00175290
00175309
00175313
00175329
00175405
00175409
00175501
00175525
00175570
00175595
00175606
00175626
00175639
00175644
00175700
00175738
00175792
00175804
00175808
00175819
00175828
00175865
00175874
00175893
00175899
00175912
00175915
00175959
00176098
00176183
00176190
00176217
00176321
00176347
00176363
00176408
00176452
00176494
00176556
00176560
00176578
00176584
00176619
00176625
00176647
00176749
00176763
00176775
00176882
00176904
00176914
00176920
00176945
00176961
00176970
00176983
00176985
00177020
00177040
00177043
00177063
00177106
00177115
00177314
00177410
00177494
00177508
00177523
00177544
00177549
00177553
00177565
00177664
00177692
00177705
00177714
00177718
00177760
00177767
00177768
00177776
00177868
00177900
00177907
00177942
00178017
00178024
00178062
00178117
00178147
00178151
00178154
00178157
00178161
00178174
00178188
00178203
00178217
00178249
00178277
00178293
00178294
00178295
00178313
00178316
00178354
00178388
00178413
00178417
00178447
00178448
00178490
00178523
00178628
00178675
00178729
00178786
00178815
00178822
00178851
00178888
00178889
00178906
00178910
00178950
00178951
00178984
00178991
00178997
00179053
00179071
00179092
00179127
00179141
00179161
00179171
00179172
00179175
00179186
00179207
00179228
00179235
00179307
00179323
00179333
00179336
00179360
00179398
00179402
00179524
00179622
00179638
00179654
00179693
00179705
00179707
00179730
00179745
00179769
00179787
00179823
00179843
00179889
00179894
00179955
00180169
00180214
00180216
00180227
00180238
00180330
00180347
00180363
00180472
00180476
00180494
00180522
00180548
00180558
00180633
00180659
00180662
00180672
00180687
00180761
00180796
00180798
00180800
00180802
00180848
00180849
00180857
00180864
00180905
00180940
00180947
00180957
00180958
00180959
00181000
00181023
00181028
00181040
00181041
00181049
00181054
00181064
00181071
00181083
00181135
00181143
00181147
00181161
00181164
00181168
00181188
00181308
00181310
00181350
00181368
00181369
00181373
00181400
00181401
00181427
00181434
00181442
00181456
00181464
00181508
00181527
00181534
00181607
00181685
00181712
00181801
00181976
00181984
00181985
00182032
00182070
00182080
00182082
00182085
00182095
00182125
00182159
00182201
00182250
00182270
00182311
00182376
00182377
00182393
00182409
00182473
00182482
00182486
00182541
00182557
00182579
00182586
00182590
00182603
00182636
00182719
00182990
00182991
00183003
00183009
00183032
00183034
00183058
00183119
00183124
00183138
00183164
00183260
00183312
00183320
00183355
00183365
00183380
00183392
00183416
00183426
00183442
00183516
00183528
00183549
00183553
00183558
00183569
00183573
00183598
00183668
00183709
00183717
00183724
00183759
00183773
00183793
00183797
00183806
00183843
00183875
00183888
00183941
00183950
00184012
00184140
00184195
00184232
00184263
00184265
00184303
00184314
00184349
00184371
00184430
00184499
00184515
00184519
00184538
00184547
00184557
00184563
00184565
00184566
00184568
00184579
00184598
00184691
00184724
00184748
00184778
00184793
00184881
00184915
00184981
00184982
00185002
00185037
00185045
00185051
00185068
00185071
00185083
00185087
00185097
00185110
00185133
00185165
00185184
00185215
00185339
00185424
00185469
00185570
00185611
00185627
00185656
00185665
00185700
00185704
00185832
00185871
00185887
00185896
00185901
00185902
00185905
00185907
00185916
00185955
00185957
00185985
00185997
00186030
00186088
00186097
00186115
00186155
00186157
00186158
00186162
00186212
00186223
00186226
00186245
00186246
00186271
00186301
00186311
00186341
00186350
00186373
00186375
00186377
00186387
00186390
00186403
00186417
00186470
00186491
00186524
00186533
00186582
00186631
00186641
00186653
00186688
00186692
00186696
00186699
00186701
00186718
00186749
00186823
00186884
00186914
00186920
00186999
00187011
00187228
00187230
00187309
00187332
00187388
00187394
00187411
00187413
00187427
00187428
00187429
00187441
00187449
00187469
00187487
00187506
00187517
00187522
00187536
00187542
00187544
00187551
00187574
00187595
00187617
00187642
00187675
00187690
00187702
00187706
00187741
00187778
00187782
00187810
00187840
00187865
00187878
00187932
00187936
00187937
00187961
00187976
00187978
00188008
00188011
00188018
00188025
00188044
00188068
00188096
00188101
00188171
00188186
00188203
00188216
00188295
00188315
00188382
00188447
00188503
00188504
00188510
00188560
00188565
00188586
00188598
00188640
00188655
00188700
00188717
00188726
00188727
00188749
00188761
00188785
00188816
00188836
00188871
00188906
00188925
00188929
00188931
00188959
00188960
00188986
00189041
00189042
00189064
00189068
00189070
00189083
00189092
00189101
00189108
00189176
00189186
00189238
00189242
00189245
00189261
00189265
00189294
00189298
00189322
00189323
00189364
00189365
00189371
00189372
00189379
00189405
00189409
00189428
00189447
00189456
00189501
00189516
00189531
00189595
00189625
00189649
00189650
00189652
00189658
00189675
00189701
00189735
00189751
00189755
00189780
00189787
00189831
00189843
00189867
00189952
00190001
00190102
00190106
00190114
00190164
00190198
00190201
00190205
00190209
00190210
00190212
00190220
00190236
00190261
00190292
00190318
00190335
00190370
00190384
00190388
00190414
00190424
00190434
00190446
00190458
00190463
00190467
00190480
00190483
00190485
00190496
00190498
00190500
00190515
00190522
00190546
00190636
00190646
00190684
00190714
00190750
00190754
00190802
00190823
00190825
00190844
00190852
00190861
00190864
00190867
00190929
00190930
00190998
00191009
00191018
00191060
00191105
00191135
00191165
00191225
00191242
00191281
00191360
00191371
00191384
00191403
00191483
00191485
00191504
00191537
00191566
00191637
00191680
00191686
00191697
00191725
00191726
00191730
00191738
00191739
00191761
00191779
00191821
00191854
00191903
00191958
00191978
00191993
00192024
00192043
00192056
00192090
00192153
00192190
00192231
00192232
00192245
00192267
00192309
00192324
00192339
00192349
00192360
00192363
00192422
00192447
00192465
00192488
00192552
00192558
00192561
00192579
00192590
00192616
00192663
00192715
00192722
00192723
00192726
00192728
00192760
00192789
00192791
00192793
00192859
00192860
00192861
00192890
00192909
00192941
00192983
00193028
00193030
00193047
00193063
00193065
00193069
00193107
00193125
00193202
00193204
00193229
00193310
00193331
00193349
00193396
00193481
00193554
00193579
00193583
00193598
00193637
00193643
00193645
00193651
00193674
00193675
00193713
00193723
00193728
00193761
00193789
00193832
00193957
00194392
00194559
00194611
00194787
00194949
00194952
00194956
00194986
00194995
00194997
00195273
00195568
00195594
00195743
00196088
00196143
00196262
00196288
00196315
00196358
00196400
00196464
00196649
00196749
00196794
00196795
00196797
00196807
00197334
00197478
00197545
00197638
00198075
00198159
00198250
00198259
00198260
00198269
00198270
00198271
00198324
00198332
00198588
00198589
00198714
00199063
00199107
00199120
00199179
00199269
00199352
00199375
00199419
00199603
00199746
00200254
00200445
00200519
00200520
00200572
00200616
00201138
00201193
00201633
00201648
00201652
00201700
00201838
00201928
00201929
00201968
00201998
00202097
00202114
00202381
00202399
00202536
00203074
00203181
00203482
00203483
00203484
00203504
00203523
00203559
00203597
00203986
00204288
00204368
00204489
00204496
00204592
00204742
00204826
00204913
00204916
00205071
00205198
00205449
00205512
00205523
00205547
00205643
00205790
00206055
00206056
00206436
00206835
00207148
00207302
00207455
00207710
00208229
00208889
00209059
00209286
00209735
00209853
00209858
00209893
00209894
00209897
00209972
00209974
00209985
00210217
00210290
00210499
00210642
00211104
00211126
00211130
00211198
00211208
00211308
00211388
00211542
00211567
00212029
00212041
00212244
00212469
00212472
00212585
00212606
00212665
00212680
00212905
00213092
00213436
00213603
00213698
00213750
00213876
00213881
00214227
00214313
00214785
00214827
00214870
00214900
00215202
00215312
00215757
00215835
00215926
00216007
00216054
00216078
00216132
00216137
00216159
00216197
00216213
00216233
00216259
00216386
00216387
00216496
00216613
00217177
00217276
00217302
00217403
00217469
00217515
00217570
00217678
00217701
00217893
00217969
00218033
00218278
00218549
00218684
00218766
00218789
00218844
00219603
00219830
00219859
00219886
00219914
00219933
00219955
00219991
00220397
00220601
00220698
00220757
00221386
00221388
00221572
00221585
00221707
00221861
00222645
00222790
00222820
00222831
00222832
00222908
00222927
00223026
00223043
00223085
00223102
00223115
00223116
00223140
00223321
00223845
00223846
00223936
00224102
00224673
00224824
00224845
00224869
00225015
00225213
00225284
00225306
00225896
00226124
00226342
00226376
00226384
00226436
00226437
00226444
00226464
00227233
00227372
00227447
00227464
00227533
00227567
00227572
00227621
00227695
00227730
00227808
00227893
00227900
00228095
00228133
00228257
00228350
00228663
00228748
00228750
00228776
00228831
00229064
00229227
00229551
00229807
00229921
00229963
00230022
00230096
00230396
00230526
00230660
00230709
00231070
00231098
00231106
00231161
00231241
00231380
00231489
00231492
00231518
00231557
00231577
00231666
00231670
00231772
00231776
00231777
00231951
00232092
00232568
00233155
00233256
00233273
00233369
00233427
00233557
00233894
00234314
00234395
00234441
00234442
00234443
00234498
00234603
00234675
00234722
00234724
00235399
00235411
00235412
00235634
00235721
00235923
00235945
00236316
00236727
00236962
00237056
00237107
00237375
00237789
00237818
00237819
00238463
00238696
00238726
00238764
00238796
00238895
00238897
00238950
00239010
00239064
00239066
00239096
00239186
00239235
00239295
00239471
00239543
00239604
00239684
00239742
00239889
00239983
00240062
00240272
00240546
00240879
00241006
00241139
00241496
00241699
00241792
00241918
00242033
00242040
00242143
00242159
00242170
00242219
00242234
00242334
00242536
00242819
00242911
00243283
00243343
00243601
00243753
00243862
00243870
00243959
00245076
00245230
00245326
00245373
00245752
00246195
00246344
00247106
00247317
00248168
00248198
00248252
00248354
00248429
00248436
00248449
00248566
00248686
00248831
00249007
00249160
00249453
00249559
00249600
00249836
00249898
00250016
00250019
00250104
00250289
00250335
00250596
00250714
00250725
00250805
00250806
00250835
00250979
00251014
00251015
00251060
00251089
00251146
00251197
00251369
00251449
00251535
00251550
00252334
00252595
00253067
00253148
00253171
00253208
00253295
00253417
00253427
00253598
00253599
00253656
00253819
00254308
00254700
00254702
00255083
00255436
00255623
00255624
00255732
00255877
00256304
00256509
00256581
00256877
00257009
00257478
00257547
00257680
00257703
00257955
00258081
00258464
00258504
00258532
00258665
00258676
00258763
00258928
00259053
00259078
00259621
00259622
00260120
00260231
00260441
00260701
00260943
00260990
00261171
00261192
00261201
00261236
00261237
00261394
00261411
00261561
00261683
00262426
00263038
00263211
00263362
00263529
00263904
00264020
00264247
00265105
00265113
00265151
00265346
00265444
00265783
00266135
00266551
00266566
00266589
00266699
00266774
00266789
00266908
00266909
00267022
00267029
00267037
00267068
00267086
00267524
00267525
00267588
00267872
00268195
00268295
00268601
00268602
00268603
00268726
00268727
00268733
00268791
00269058
00269068
00269069
00269218
00269653
00269949
00270087
00270161
00270178
00270218
00270237
00270254
00270370
00270596
00271086
00271154
00271264
00271304
00271361
00271433
00271459
00271675
00271682
00272664
00273324
00273977
00274194
00274205
00274219
00274275
00274335
00274412
00274651
00274847
00274948
00275045
00275433
00275464
00275465
00275498
00275499
00275685
00275941
00275942
00275943
00275994
00276180
00276279
00276280
00276460
00276582
00276612
00276639
00276703
00276773
00276815
00277450
00278549
00278673
00278675
00278735
00278758
00278962
00279048
00279064
00279066
00279124
00279546
00279567
00279683
00280035
00280788
00280956
00280965
00280997
00281025
00281027
00281043
00281218
00281371
00281372
00281712
00282453
00282794
00283114
00283143
00283273
00283307
00283317
00283644
00283645
00283912
00284074
00284318
00284319
00284429
00284453
00284700
00284910
00285145
00285566
00285636
00285648
00286090
00286399
00286421
00286476
00286508
00286514
00286581
00286621
00286741
00286794
00286802
00286918
00287089
00287090
00287430
00287590
00287698
00287699
00287805
00287830
00287831
00287850
00287851
00288039
00288147
00288201
00288263
00288602
00288885
00288914
00288980
00289262
00289371
00289407
00289447
00289534
00289717
00289739
00289760
00289939
00290064
00290074
00290279
00290947
00291018
00291019
00291028
00291048
00291056
00291060
00291158
00291329
00291352
00291353
00291471
00291542
00291630
00291719
00291774
00291830
00291918
00292418
00292572
00293305
00293348
00293578
00293617
00293675
00293767
00293982
00294003
00294020
00294088
00294131
00294722
00294778
00294910
00295385
00295463
00295810
00295814
00296228
00296305
00296826
00296840
00297587
00297664
00297788
00297882
00297918
00298055
00298070
00298127
00298348
00298646
00299724
00299727
00299758
00299787
00299932
00299996
00300105
00301032
00301304
00301580
00301629
00301635
00301661
00301678
00301685
00301824
00301946
00303073
00303310
00303326
00303448
00303479
00303587
00303659
00303791
00304669
00304882
00305011
00305012
00305111
00305112
00305113
00305114
00305195
00305227
00305504
00306239
00306393
00306459
00306460
00306493
00306533
00306555
00306564
00307011
00307036
00307192
00307402
00307427
00307575
00308181
00308445
00308497
00308587
00308589
00308698
00308758
00308761
00308762
00308773
00308975
00309177
00309178
00309221
00309238
00309346
00309692
00309758
00310065
00310130
00310282
00310329
00310340
00310385
00310497
00310535
00310713
00310721
00310730
00310745
00310770
00310814
00310837
00311006
00311070
00311242
00311463
00311527
00311777
00311784
00311799
00311896
00311901
00312090
00312307
00312466
00312789
00312866
00312933
00313131
00313218
00313327
00313331
00313451
00313753
00313824
00313825
00313872
00313887
00314036
00314410
00314640
00314645
00314655
00314765
00315122
00315264
00315298
00315327
00315372
00315463
00315464
00315475
00315562
00316429
00316834
00316901
00317048
00317059
00317084
00317126
00317143
00317149
00317220
00317231
00317260
00317428
00317436
00317438
00317450
00317597
00318219
00318324
00318453
00318485
00318492
00318887
00319021
00319098
00319145
00319149
00319553
00319662
00319747
00319761
00319794
00319914
00320503
00320813
00320858
00320942
00321137
00321287
00321289
00321335
00321454
00321470
00321814
00321855
00322661
00323033
00323130
00323350
00323377
00323425
00323491
00323528
00323546
00323554
00324550
00324707
00324924
00324927
00325008
00325009
00325060
00325061
00325113
00325173
00325310
00325471
00325776
00326047
00326068
00326672
00326922
00327165
00327234
00327294
00327360
00327361
00327581
00327584
00327774
00328160
00328194
00328276
00328393
00328424
00328850
00328879
00328909
00329097
00329211
00329225
00329230
00329440
00329613
00329637
00329757
00329829
00329915
00329976
00329978
00329985
00330068
00330134
00330228
00330527
00330939
00330983
00330985
00331137
00331326
00331551
00331676
00331763
00331824
00331829
00331883
00332095
00332442
00332876
00332917
00332920
00332953
00332955
00332984
00333020
00333266
00333299
00333440
00333599
00333674
00333823
00334252
00334676
00334677
00334705
00334736
00334748
00334754
00334767
00334834
00335040
00335071
00335222
00335473
00335672
00335673
00335742
00336331
00336656
00336659
00336937
00336947
00336976
00336980
00336983
00336991
00337036
00337092
00337108
00337114
00337331
00337429
00337949
00338108
00338274
00338349
00338443
00338610
00338621
00338644
00338651
00338960
00338985
00339062
00339093
00339118
00339173
00339199
00339266
00339587
00339867
00339956
00340083
00340169
00340314
00340349
00340449
00341011
00341253
00341449
00341732
00342032
00342183
00342264
00342535
00342552
00342744
00342775
00342801
00342809
00342889
00342957
00343045
00343095
00343156
00343212
00343229
00343597
00343638
00343823
00343954
00343997
00344010
00344241
00344274
00344329
00344355
00344533
00344574
00344629
00344650
00344704
00344719
00344737
00344778
00344922
00344943
00345036
00345120
00345285
00345706
00345887
00346099
00346166
00346323
00346862
00347005
00347006
00347010
00347012
00347021
00347112
00347175
00347200
00347211
00347244
00347299
00347472
00347647
00348740
00348808
00348828
00348965
00349092
00349189
00349191
00349378
00349433
00349434
00349449
00349459
00349489
00349511
00349637
00349725
00349738
00349853
00350131
00350564
00351220
00351261
00351532
00351535
00351536
00351702
00351746
00352174
00352185
00352190
00352196
00352421
00352653
00352893
00353005
00353025
00353089
00353092
00353122
00353223
00353343
00353575
00353925
00354027
00354093
00354189
00354224
00354308
00354501
00354572
00354631
00354776
00354983
00355025
00355030
00355200
00355864
00356160
00356215
00356279
00356355
00356395
00356462
00356548
00356644
00356795
00356952
00357178
00357433
00357434
00357582
00357652
00357698
00357724
00357757
00357962
00358033
00358122
00358157
00358197
00358389
00358750
00358775
00358795
00358848
00358849
00358941
00358957
00358974
00358976
00359197
00359353
00359384
00359390
00359391
00359394
00359903
00359990
00359992
00360231
00360339
00360412
00360595
00360806
00360889
00360932
00360974
00361080
00361225
00361471
00361552
00361618
00361619
00361786
00362094
00362096
00362125
00362249
00362287
00362292
00362345
00362347
00362386
00362443
00362701
00362800
00363032
00363301
00363708
00363725
00363799
00363818
00363844
00363931
00363950
00363963
00364047
00364089
00364186
00364212
00364336
00364391
00364540
00364554
00364615
00364761
00364900
00365005
00365172
00365226
00365408
00365422
00365431
00365434
00366091
00366357
00366721
00366722
00366789
00366833
00366868
00366896
00367628
00367744
00367770
00367912
00367913
00367984
00368031
00368128
00368151
00368348
00368714
00369273
00369395
00369636
00369908
00370085
00370436
00370499
00370549
00370569
00370691
00370711
00370861
00371271
00371298
00371797
00372050
00372071
00372132
00372666
00372915
00372950
00373193
00373429
00373431
00373511
00373655
00374204
00374397
00374484
00374619
00374679
00374793
00374818
00374874
00374886
00374887
00374905
00374932
00375000
00375027
00375129
00375146
00375472
00376117
00376263
00376421
00376443
00376444
00376467
00376533
00376541
00376550
00376600
00376693
00376892
00377512
00377535
00377803
00377899
00377925
00377930
00378410
00378458
00379214
00379295
00379544
00379571
00379596
00379635
00380153
00380196
00380285
00380340
00380354
00380497
00380506
00380668
00380678
00380715
00380719
00381029
00381038
00381039
00381048
00381049
00381257
00381354
00381749
00381800
00381983
00382340
00382473
00382676
00382795
00383037
00383069
00383479
00383757
00383793
00383905
00383944
00383969
00384059
00384099
00384109
00384187
00384270
00384496
00385312
00385325
00385371
00385438
00385565
00385827
00385840
00385912
00385974
00386012
00386249
00386830
00386899
00386935
00386946
00386954
00387018
00387036
00387043
00387151
00387203
00387216
00387217
00387218
00387302
00387600
00387739
00388144
00388486
00388523
00388564
00388589
00388734
00388749
00388772
00388810
00388833
00388955
00389351
00390045
00390330
00390417
00390980
00390987
00391089
00391626
00391805
00391974
00392069
00392149
00392273
00392386
00392652
00392685
00392739
00392741
00392884
00393309
00393556
00393663
00393871
00393904
00393918
00393975
00394087
00394324
00394358
00394612
00394749
00394889
00395217
00395487
00395506
00395514
00395611
00395663
00395705
00395762
00395816
00395846
00395878
00395987
00396022
00396051
00396290
00396373
00396957
00396965
00397033
00397034
00397036
00397055
00397067
00397275
00397305
00397315
00397371
00397521
00397585
00397617
00397655
00397800
00398295
00398538
00398547
00399285
00399682
00399765
00400311
00400476
00400639
00400680
00400715
00400785
00400796
00400866
00400887
00400896
00400908
00401131
00401297
00401311
00401545
00401819
00402166
00402191
00402192
00402277
00402411
00402425
00402426
00402469
00402539
00402620
00402789
00402853
00403094
00403770
00403805
00403818
00403847
00404034
00404054
00404440
00404680
00404728
00404806
00404883
00404904
00405044
00405085
00405089
00405103
00405150
00405159
00405160
00405180
00405308
00405691
00405824
00406184
00406326
00406402
00407119
00407142
00407147
00407189
00407254
00407365
00407403
00407477
00407533
00407929
00407944
00408110
00408164
00408367
00408557
00408614
00408649
00408681
00408872
00409042
00409059
00409681
00409870
00409981
00409999
00410161
00410206
00410240
00410368
00410430
00410630
00410686
00410692
00411153
00411235
00411620
00411632
00411649
00411681
00412136
00412330
00412779
00412847
00412944
00412957
00412960
00413082
00413087
00413262
00413292
00413567
00413573
00413630
00413702
00413738
00413820
00413838
00413884
00413885
00413942
00414123
00414384
00415043
00415172
00415174
00415308
00415486
00415487
00415765
00415773
00415875
00415919
00415997
00416184
00416200
00416376
00416403
00416429
00416559
00417192
00417263
00417278
00417312
00417331
00417442
00417445
00417535
00417613
00417729
00417768
00417784
00417901
00417906
00418173
00418189
00418263
00418309
00418475
00418632
00418969
00418982
00418988
00419212
00419273
00419274
00419291
00419406
00419407
00419513
00419587
00419774
00419843
00419925
00420090
00420246
00420300
00420309
00420310
00420380
00420398
00420437
00420511
00420606
00421076
00421202
00421243
00421384
00421442
00421650
00421925
00421949
00421974
00422008
00422258
00422328
00422340
00422538
00422635
00422879
00422979
00423079
00423223
00423231
00423242
00423311
00423363
00423559
00423698
00423719
00423835
00423847
00423850
00423852
00423913
00423946
00423951
00424140
00424488
00424632
00424647
00424706
00424715
00424722
00424754
00424816
00424877
00424962
00424973
00425045
00425240
00425255
00425275
00425342
00425391
00425444
00425487
00425510
00425723
00425771
00425814
00426002
00426110
00426538
00426549
00426552
00426706
00426709
00426723
00426805
00426858
00426923
00426941
00427020
00427073
00427201
00427583
00427712
00427733
00427900
00427938
00427963
00427965
00428167
00428268
00428336
00428410
00428416
00428422
00428491
00428799
00428824
00428880
00428914
00428931
00429059
00429221
00429256
00429286
00429475
00429996
00429998
00430208
00430209
00430248
00430311
00430430
00430530
00430542
00430559
00430578
00430665
00430667
00430672
00430676
00430794
00430836
00430898
00431036
00431256
00431469
00431490
00431910
00432317
00432384
00432431
00432500
00432538
00432642
00432700
00433328
00433418
00433741
00433794
00433849
00433855
00433930
00434017
00434061
00434123
00434254
00434316
00434331
00434341
00434374
00434405
00434451
00434485
00434488
00434489
00434569
00434733
00434953
00435251
00435532
00435945
00436125
00436191
00436200
00436202
00436205
00436240
00436313
00436473
00436500
00436501
00436573
00436574
00436598
00436620
00437087
00437297
00437301
00437481
00437631
00437696
00438077
00438172
00438241
00438289
00438325
00438366
00438410
00438413
00438414
00438430
00438435
00438487
00438532
00438543
00438576
00438671
00438780
00438846
00438876
00438897
00438899
00438999
00439042
00439269
00439341
00439443
00439811
00439917
00440027
00440028
00440207
00440211
00440290
00440307
00440365
00440398
00440456
00440690
00440756
00440761
00441112
00441274
00441452
00441496
00441536
00441612
00441861
00441964
00441989
00442049
00442097
00442099
00442141
00442200
00442255
00442418
00442587
00442894
00443369
00443628
00443632
00443697
00443699
00443703
00443848
00443880
00443943
00444148
00444310
00444342
00444343
00444362
00444372
00444438
00444481
00444542
00444556
00445001
00445095
00445202
00445259
00445278
00445414
00445478
00445513
00445604
00445619
00445713
00445759
00446037
00446263
00446299
00446534
00446635
00446682
00446971
00447042
00447057
00447118
00447121
00447131
00447150
00447166
00447228
00447672
00447688
00447873
00447924
00448003
00448021
00448201
00448550
00448678
00449008
00449020
00449034
00449089
00449438
00449483
00449843
00449989
00450100
00450151
00450294
00450355
00450534
00450678
00450679
00450800
00450802
00450858
00451124
00451129
00451763
00451774
00451797
00451991
00452054
00452070
00452134
00452253
00452321
00452372
00452448
00452581
00452617
00452859
00452869
00453227
00453389
00453416
00453545
00453662
00453666
00453748
00453830
00453875
00454285
00454361
00454519
00454567
00454690
00454691
00454784
00454826
00454841
00455191
00455192
00455277
00455370
00455385
00455416
00455442
00455600
00455648
00455672
00455686
00455755
00455759
00455773
00455927
00455928
00455943
00456071
00456086
00456087
00456139
00456255
00456320
00456542
00456625
00456657
00456735
00456742
00456754
00456756
00456779
00456815
00456828
00456829
00456995
00457050
00457079
00457180
00457202
00457228
00457230
00457258
00457427
00457493
00457509
00457616
00457642
00457659
00457685
00457716
00457747
00457779
00457786
00457918
00458109
00458131
00458208
00458705
00458727
00458787
00463521
00463525
00463680
00463741
00463863
00463926
00463971
00463995
00464039
00464274
00464460
00464462
00464515
00464794
00465026
00465277
00465299
00465648
00465773
00465823
00465976
00466103
00466275
00466280
00466300
00466310
00466311
00466926
00467024
00467050
00467369
00467404
00467405
00467431
00467471
00467481
00467535
00467581
00467582
00467591
00467594
00467596
00467616
00467691
00467717
00467764
00467802
00467843
00467949
00467967
00468160
00468169
00468563
00468601
00468606
00468762
00468766
00468782
00468959
00469001
00469031
00469034
00469137
00469161
00469361
00469363
00469442
00469508
00469509
00469513
00469673
00469801
00469855
00469900
00469993
00470069
00470172
00470426
00470431
00470446
00470528
00470533
00470657
00470714
00470728
00470733
00470796
00470825
00470883
00470894
00471083
00471130
00471156
00471174
00471475
00471602
00471996
00472165
00472428
00472488
00472531
00472541
00472692
00472706
00472992
00472999
00473004
00473064
00473094
00473373
00473408
00473432
00473606
00473609
00473704
00473873
00473939
00473956
00474019
00474092
00474107
00474258
00474285
00474306
00474310
00474369
00474571
00474584
00474658
00474659
00474863
00475248
00475251
00475257
00475259
00475324
00475326
00475336
00475350
00475351
00475370
00475379
00475381
00475411
00475438
00475503
00475817
00475875
00476132
00476473
00476525
00476636
00476707
00476710
00476843
00476894
00477119
00477243
00477330
00477440
00477569
00477843
00477845
00477849
00478116
00478158
00478163
00478234
00478366
00478385
00478393
00478432
00478446
00478479
00478501
00478576
00478632
00478678
00478686
00478687
00478804
00478819
00479062
00479223
00479317
00479498
00479679
00479745
00479807
00479960
00479997
00480001
00480072
00480076
00480089
00480108
00480186
00480257
00480270
00480349
00480383
00480437
00480655
00480994
00481084
00481346
00481347
00481362
00481391
00481455
00481561
00481594
00481605
00481614
00481635
00481754
00481771
00481781
00481797
00482095
00482115
00482187
00482409
00482508
00482637
00482696
00482834
00482848
00482869
00483031
00483088
00483598
00483950
00484007
00484106
00484227
00484316
00484388
00484389
00484396
00484559
00484794
00484999
00485004
00485029
00485301
00485525
00485548
00485622
00485668
00485833
00486236
00486335
00486562
00486628
00486783
00486819
00486861
00486908
00486929
00486956
00486966
00486967
00487683
00487712
00488269
00488286
00488297
00488346
00488512
00488564
00488588
00488596
00488603
00488862
00489014
00489202
00489420
00489428
00489450
00489503
00489689
00489708
00489717
00489737
00490158
00490386
00490409
00490414
00490564
00490571
00490574
00490584
00490748
00490888
00490899
00490955
00490968
00491045
00491068
00491155
00491172
00491175
00491185
00491273
00491399
00491403
00491409
00491431
00491441
00491740
00491789
00491793
00491927
00491936
00491938
00492025
00492075
00492315
00492419
00492463
00492535
00492573
00492611
00492792
00492804
00492866
00492926
00492993
00493025
00493059
00493259
00493511
00493513
00493779
00493874
00493878
00493941
00493944
00494137
00494281
00494493
00494495
00494502
00494578
00494677
00494752
00494889
00494931
00494951
00495032
00495039
00495084
00495098
00495506
00496049
00496177
00496223
00496236
00496294
00496413
00496910
00497172
00497336
00497337
00497344
00497354
00497361
00497426
00497536
00497539
00497589
00497792
00497860
00497893
00498035
00498050
00498089
00498167
00498194
00498226
00498232
00498405
00498908
00499047
00499171
00499356
00499421
00499570
00499603
00499766
00499850
00499993
00500047
00500049
00500079
00500435
00500446
00500512
00500578
00500613
00500616
00500683
00500750
00500751
00500999
00501018
00501274
00501412
00501499
00501555
00501629
00501646
00501711
00501803
00501893
00501962
00501999
00502030
00502187
00502234
00502309
00502366
00502405
00502725
00502762
00503011
00503137
00503272
00503306
00503437
00503548
00503564
00503667
00503731
00503770
00503822
00503972
00504008
00504031
00504216
00504231
00504441
00504483
00504506
00504778
00504816
00505006
00505009
00505030
00505079
00505202
00505253
00505280
00505332
00505506
00505518
00505756
00505828
00505844
00505936
00505992
00506073
00506152
00506231
00506346
00506351
00506352
00506355
00506356
00506440
00506477
00506488
00506501
00506502
00506503
00506504
00506505
00506506
00506507
00506518
00506540
00506544
00506584
00506658
00506813
00506924
00506955
00507271
00507453
00507501
00507589
00507682
00507726
00507827
00507866
00507922
00507938
00508018
00508179
00508287
00508291
00508390
00508413
00508640
00508920
00508932
00509059
00509073
00509308
00509315
00509388
00509418
00509424
00509472
00509487
00509488
00509497
00509550
00509559
00509713
00509721
00509799
00510002
00510491
00510637
00510638
00510659
00510667
00510671
00510725
00510760
00510777
00510782
00510808
00510844
00510911
00510918
00510941
00511077
00511079
00511255
00511486
00511614
00511621
00511711
00511908
00511946
00511949
00511953
00511965
00512036
00512195
00512315
00512388
00512637
00512817
00512822
00512959
00513337
00513825
00513925
00513988
00514016
00514036
00514055
00514237
00514765
00514837
00514858
00515006
00515025
00515286
00515343
00515346
00515431
00515520
00515522
00515534
00515573
00515587
00515650
00515738
00516062
00516098
00516111
00516113
00516162
00516352
00516353
00516461
00516509
00516622
00516626
00516717
00516786
00516829
00516891
00516908
00517018
00518026
00518365
00518374
00518412
00518414
00518515
00518536
00518569
00518596
00518814
00518835
00518870
00518886
00518926
00518933
00518951
00518974
00519227
00519285
00519394
00519400
00519406
00519470
00519709
00519804
00519855
00519912
00520026
00520036
00520504
00520705
00520989
00521006
00521058
00521162
00521262
00521272
00521280
00521313
00521421
00521458
00521470
00521471
00521472
00521474
00521477
00521523
00521542
00521543
00521601
00521736
00521884
00521901
00521912
00521926
00522050
00522079
00522109
00522257
00522281
00522291
00522326
00522362
00522363
00522410
00522449
00522505
00522535
00522678
00522687
00522765
00522844
00522850
00522910
00522920
00523331
00523479
00523657
00524453
00524467
00524511
00524582
00524586
00524646
00524686
00524751
00524762
00524782
00524783
00525175
00525409
00525449
00525476
00525478
00525599
00525675
00525732
00525749
00525850
00525863
00525920
00525960
00525990
00526045
00526090
00526348
00526371
00526404
00526894
00526926
00526982
00527002
00527004
00527015
00527145
00527170
00527181
00527896
00528217
00528224
00528244
00528323
00528329
00528414
00528499
00528503
00528629
00528809
00528859
00529150
00529209
00529216
00529294
00529295
00529491
00529648
00529649
00529697
00529718
00529863
00530203
00530238
00530248
00530254
00530280
00530606
00530633
00530728
00530744
00530837
00530895
00530941
00530980
00531001
00531067
00531090
00531118
00531130
00531221
00531226
00531230
00531231
00531478
00531495
00531661
00531692
00531889
00531988
00532040
00532075
00532281
00532283
00532327
00532568
00532644
00532750
00532801
00532885
00532908
00532956
00533001
00533041
00533059
00533087
00533119
00533148
00533199
00533200
00533204
00533210
00533313
00533351
00533358
00533368
00533369
00533447
00533561
00533562
00534162
00534164
00534165
00534166
00534167
00534178
00534364
00534387
00534415
00534456
00534464
00534503
00534554
00534565
00534633
00534788
00535066
00535100
00535211
00535324
00535362
00535571
00535835
00535937
00535941
00535973
00536021
00536079
00536091
00536102
00536195
00536202
00536203
00536522
00536535
00536666
00537075
00537108
00537181
00537328
00537335
00537653
00537685
00537689
00537806
00537878
00537895
00537960
00538014
00538144
00538164
00538205
00538229
00538276
00538301
00538524
00538571
00538727
00538790
00538926
00539016
00539271
00539549
00539578
00539784
00539914
00539915
00539916
00540078
00540079
00540316
00540348
00540477
00540868
00540870
00540940
00541008
00541042
00541060
00541179
00541199
00541201
00541658
00541671
00541690
00541706
00541730
00541787
00541804
00541894
00542168
00542573
00542703
00542836
00542894
00542915
00542986
00542988
00542995
00543047
00543049
00543191
00543640
00543753
00543814
00543919
00544148
00544155
00544156
00544243
00544287
00544351
00544374
00544380
00544416
00544427
00544535
00544612
00544621
00544695
00544697
00544764
00544952
00544954
00544979
00544987
00545173
00545242
00545440
00545463
00545464
00545550
00545810
00545817
00545821
00545825
00545979
00546152
00546168
00546215
00546216
00546244
00546245
00546317
00546423
00546477
00546503
00546548
00546614
00546625
00546660
00546790
00546793
00546902
00546935
00547135
00547163
00547262
00547291
00547402
00547508
00547529
00547599
00547627
00547856
00547925
00547936
00547937
00548002
00548017
00548062
00548077
00548166
00548273
00548396
00548397
00548510
00548550
00548723
00548782
00548937
00549013
00549393
00549587
00549643
00550020
00550035
00550142
00550323
00550326
00550500
00550537
00550669
00551064
00551139
00551153
00551235
00551451
00551497
00551508
00551518
00551532
00551830
00552025
00552180
00552207
00552277
00552290
00552323
00552374
00552560
00552701
00552880
00552992
00553008
00553367
00553406
00553526
00553714
00553758
00553765
00553768
00553831
00553852
00553871
00553900
00553995
00554046
00554124
00554208
00554253
00554493
00554712
00554729
00554962
00555115
00555476
00555500
00556003
00556163
00556188
00556363
00556375
00556695
00556730
00556792
00556877
00556921
00556966
00557063
00557117
00557212
00557230
00557330
00557412
00557422
00557713
00558127
00558129
00558132
00558212
00558259
00558399
00558618
00558720
00558856
00558878
00558882
00559101
00559117
00559162
00559217
00559226
00559246
00559360
00559423
00559432
00559506
00559734
00559753
00559857
00559911
00560033
00560083
00560132
00560273
00560321
00560422
00560454
00560607
00560640
00560688
00560726
00560862
00560962
00561015
00561090
00561118
00561220
00561221
00561569
00561991
00562260
00562341
00562342
00562391
00562422
00562434
00562441
00562469
00562482
00562626
00562732
00563152
00563240
00563482
00563493
00563545
00563561
00563945
00564177
00564312
00564326
00564814
00564855
00565019
00565166
00565174
00565185
00565238
00565250
00565344
00565436
00565991
00566050
00566752
00566771
00566849
00567068
00567133
00567201
00567269
00567413
00567424
00567442
00567449
00567605
00568219
00568399
00568464
00568477
00568486
00568524
00568527
00568532
00568574
00568582
00568622
00568624
00568667
00568678
00568801
00569111
00569230
00569323
00569438
00569440
00569622
00569624
00569648
00569696
00569698
00569719
00569759
00570039
00570131
00570263
00570389
00570473
00570576
00570632
00570656
00570711
00570904
00571085
00571122
00571588
00571683
00571767
00572072
00572094
00572119
00572137
00572470
00572640
00572665
00572858
00572883
00572925
00572951
00572979
00572984
00573035
00573085
00573098
00573238
00573578
00573743
00573948
00574010
00574016
00574051
00574110
00574855
00574888
00574916
00575228
00575235
00575361
00575452
00575484
00575506
00575565
00575583
00575606
00575613
00575614
00575654
00575759
00576291
00576515
00576643
00576837
00576850
00576863
00576888
00576935
00576988
00577291
00577435
00577683
00577923
00577990
00578623
00578689
00578707
00578863
00578940
00578952
00578953
00579024
00579076
00579087
00579091
00579093
00579094
00579099
00579117
00579176
00579333
00579404
00579707
00580024
00580266
00580288
00580295
00580536
00580579
00580648
00580675
00580683
00580702
00580807
00580865
00580905
00581052
00581191
00581283
00581527
00581617
00581635
00581655
00581955
00581964
00582177
00582329
00582360
00582402
00582410
00582411
00582660
00582744
00582747
00582843
00582851
00582974
00582975
00582978
00583002
00583037
00583100
00583110
00583259
00583784
00584110
00584186
00584333
00584337
00584353
00584393
00584430
00584476
00584545
00584629
00584700
00584894
00584983
00585299
00585347
00585857
00585957
00586002
00586017
00586023
00586031
00586032
00586053
00586060
00586125
00586173
00586307
00586424
00586438
00586442
00586445
00586757
00587333
00587419
00587591
00587603
00587644
00587842
00587911
00587933
00587939
00587984
00588129
00588152
00588333
00588678
00588723
00588945
00589099
00589107
00589291
00589365
00589785
00589809
00589841
00589965
00589981
00589996
00590053
00590054
00590132
00590145
00590154
00590165
00590171
00590173
00590225
00590281
00590336
00590377
00590536
00590551
00590578
00590687
00590697
00590831
00590846
00590873
00590990
00591121
00591158
00591159
00591309
00591342
00591398
00591450
00592131
00592344
00592620
00592647
00592687
00592753
00592813
00592929
00593116
00593175
00593219
00593233
00593237
00593296
00593313
00593382
00593394
00593422
00593515
00593598
00593649
00593654
00593723
00593757
00593809
00593940
00593946
00594019
00594041
00594388
00594430
00594453
00594619
00594747
00594789
00594919
00594992
00595036
00595250
00595352
00595446
00595528
00595549
00595565
00595566
00595619
00595623
00595746
00595751
00595779
00595862
00595917
00595962
00596276
00596323
00596324
00596382
00596465
00596604
00596798
00596830
00597220
00597327
00597355
00597482
00597525
00597530
00597739
00597779
00597792
00597836
00597865
00597908
00597909
00597915
00597962
00597993
00597994
00597995
00598015
00598215
00598314
00598324
00598337
00598490
00598521
00598529
00598714
00598769
00598867
00598937
00599000
00599013
00599171
00599329
00599451
00599583
00599637
00600012
00600188
00600203
00600268
00600284
00600292
00600384
00600475
00600501
00600603
00600685
00600714
00600743
00600754
00600770
00600778
00600899
00600916
00600984
00601066
00601652
00601670
00602199
00602289
00602347
00602970
00603058
00603135
00603176
00603229
00603245
00603949
00603961
00604082
00604098
00604130
00604137
00604164
00604199
00604268
00604269
00604312
00604353
00604427
00604439
00604455
00604464
00604466
00604482
00604483
00604489
00604514
00604624
00604687
00604729
00604856
00605205
00605720
00605766
00606037
00606053
00606220
00606226
00606302
00606324
00606349
00606392
00606406
00606653
00606694
00606738
00606773
00606808
00606834
00607442
00607457
00607496
00607507
00607531
00607533
00607590
00607698
00607729
00607759
00607764
00607833
00607956
00607976
00608055
00608082
00608131
00608166
00608168
00608212
00608341
00608412
00608415
00608444
00608451
00608452
00608488
00608495
00608619
00608658
00609197
00609314
00609354
00609360
00609371
00609391
00609435
00609484
00609668
00609706
00609708
00609711
00609719
00609790
00609796
00609837
00609842
00609887
00609972
00609992
00610027
00610068
00610069
00610083
00610091
00610101
00610308
00610393
00610587
00610643
00610696
00610767
00610833
00611129
00611130
00611209
00611290
00611357
00611482
00611578
00611652
00611688
00611765
00611772
00611861
00611868
00611869
00611870
00611879
00611931
00611949
00612039
00612316
00612347
00612567
00612620
00613079
00613141
00613322
00613346
00613382
00613398
00613440
00613441
00613474
00613500
00613532
00613539
00613543
00613614
00613672
00613694
00613700
00613710
00614116
00614314
00614424
00614457
00614458
00614509
00614592
00614719
00614862
00614939
00614972
00615072
00615130
00615146
00615205
00615212
00615295
00615342
00615384
00615388
00615470
00615502
00615577
00615582
00615627
00615689
00615728
00615736
00615768
00615859
00616085
00616177
00616688
00616864
00617333
00617613
00617631
00617784
00617849
00617852
00617871
00617936
00617954
00618027
00618038
00618085
00618235
00618845
00618878
00618950
00619042
00619193
00619211
00619456
00619695
00619826
00619852
00619892
00619962
00620035
00620278
00620466
00620467
00620830
00620838
00620929
00621033
00621110
00621369
00621512
00621624
00621630
00621675
00621707
00621717
00621826
00621827
00621900
00621947
00622015
00622035
00622055
00622112
00622126
00622238
00622378
00622390
00622580
00622632
00622669
00622738
00622743
00622800
00623054
00623250
00623267
00623278
00623622
00623636
00623646
00623657
00623703
00623765
00623793
00623811
00624118
00624166
00624181
00624218
00624223
00624267
00624473
00624478
00624579
00624792
00625006
00625111
00625268
00625279
00625306
00625455
00625634
00625665
00625736
00625753
00625755
00625761
00625777
00625813
00625831
00625907
00625963
00625991
00625995
00626200
00626221
00626302
00626418
00626580
00626640
00626671
00626811
00626867
00626896
00627081
00627113
00627140
00627238
00627260
00627297
00627310
00627330
00627421
00627464
00627586
00627588
00627601
00627733
00627766
00627790
00627816
00627851
00627876
00627897
00627930
00627973
00627992
00628034
00628055
00628095
00628100
00628120
00628123
00628124
00628130
00628148
00628156
00628157
00628202
00628208
00628211
00628223
00628335
00628508
00628536
00628691
00628811
00628834
00628847
00628884
00629050
00629072
00629660
00629661
00629785
00629866
00629908
00629922
00629951
00629976
00629983
00630071
00630115
00630135
00630138
00630139
00630199
00630778
00630779
00630780
00630781
00630822
00630856
00631015
00631086
00631120
00631233
00631309
00631310
00631645
00631649
00631748
00631749
00631750
00631755
00631830
00631832
00631853
00631879
00631895
00631933
00631945
00631963
00631985
00632015
00632167
00632175
00632200
00632242
00632259
00632313
00632315
00632515
00632534
00632717
00632815
00633270
00633338
00633506
00633533
00633718
00633779
00634032
00634064
00634109
00634127
00634129
00634136
00634138
00634142
00634148
00634232
00634263
00634264
00634388
00634441
00634554
00634600
00634813
00634837
00634948
00635009
00635099
00635184
00635382
00635484
00635518
00635685
00635841
00635871
00635901
00635903
00636114
00636188
00636294
00636296
00636326
00636368
00636378
00636381
00636411
00636414
00636436
00636451
00636514
00636589
00636650
00636681
00636715
00636859
00636905
00636906
00636914
00636939
00636994
00637369
00637441
00637443
00637492
00637810
00637833
00638004
00638073
00638123
00638160
00638229
00638260
00638299
00638303
00638382
00638460
00638493
00638520
00638541
00638598
00638839
00639088
00639230
00639329
00639330
00639332
00639370
00639429
00639521
00639627
00639645
00639763
00639814
00639958
00640006
00640013
00640054
00640090
00640101
00640235
00640240
00640472
00640561
00640774
00640804
00640949
00640998
00641361
00641428
00641513
00641601
00641708
00641709
00641724
00641801
00641803
00641814
00641836
00641970
00641999
00642001
00642147
00642199
00642294
00642461
00642462
00642479
00642805
00642967
00642968
00642976
00642986
00643062
00643140
00643149
00643234
00643395
00643558
00643561
00643630
00643687
00643703
00643755
00643759
00643775
00643791
00643854
00644099
00644117
00644319
00644349
00644415
00644419
00644533
00644596
00644662
00644666
00644739
00644971
00645057
00645294
00645404
00645455
00645461
00645505
00645522
00645684
00645708
00645746
00645845
00645852
00645885
00645902
00645929
00646010
00646067
00646205
00646296
00646348
00646356
00646463
00646538
00646543
00646548
00646660
00646861
00646874
00646922
00646932
00647013
00647174
00647330
00647392
00647471
00647482
00647594
00647620
00647794
00647797
00647825
00647846
00647978
00648091
00648133
00648350
00648357
00648368
00648427
00648448
00648587
00648682
00648716
00648736
00648791
00648795
00649158
00649361
00649391
00649528
00649533
00649694
00649782
00649805
00649847
00649878
00649910
00649918
00649933
00649946
00649962
00649976
00649978
00649995
00650017
00650026
00650036
00650044
00650221
00650647
00650713
00650768
00650773
00650939
00650940
00651053
00651092
00651108
00651149
00651179
00651194
00651209
00651225
00651283
00651296
00651321
00651457
00651509
00651566
00651625
00651699
00651721
00651722
00651737
00651793
00651835
00652160
00652272
00652368
00652382
00652501
00652541
00652573
00652764
00652796
00652838
00652850
00652862
00652964
00652974
00653035
00653095
00653099
00653115
00653138
00653157
00653184
00653214
00653246
00653394
00653492
00653539
00653578
00653665
00653802
00653833
00653851
00654043
00654335
00654539
00654686
00654867
00654915
00654943
00655083
00655110
00655114
00655159
00655174
00655214
00655252
00655277
00655375
00655383
00655407
00655447
00655468
00655469
00655470
00655535
00655573
00655583
00655794
00656066
00656136
00656157
00656200
00656323
00656434
00656441
00656519
00656527
00656528
00656587
00656618
00656796
00656825
00656839
00656849
00656858
00656859
00656868
00656954
00656997
00657060
00657095
00657097
00657101
00657117
00657171
00657492
00657535
00657660
00657697
00657704
00657861
00657864
00658004
00658010
00658160
00658182
00658213
00658217
00658229
00658252
00658284
00658333
00658390
00658391
00658469
00658511
00658515
00658572
00658592
00658606
00658734
00658743
00658824
00659121
00659172
00659217
00659222
00659365
00659520
00659547
00659611
00659643
00659725
00659745
00659849
00659871
00659876
00659877
00659882
00659938
00659944
00659954
00659958
00659979
00660120
00660204
00660260
00660279
00660282
00660283
00660349
00660560
00660634
00660652
00660804
00660848
00660886
00660888
00661005
00661020
00661034
00661060
00661212
00661359
00661380
00661931
00662260
00662313
00662384
00662385
00662396
00662833
00662836
00663135
00663174
00663183
00663220
00663404
00663451
00663505
00663511
00663529
00663601
00663690
00663731
00663765
00663772
00663839
00663968
00664088
00664308
00664344
00664351
00664383
00664559
00664568
00664648
00664887
00664894
00665081
00665337
00665378
00665409
00665425
00665453
00665456
00665460
00665467
00665468
00665478
00665729
00665803
00665804
00665806
00665808
00665823
00665842
00665873
00666055
00666206
00666320
00666340
00666633
00666635
00666662
00666688
00666730
00666768
00666779
00666789
00666791
00667011
00667126
00667153
00667165
00667174
00667204
00667320
00667324
00667341
00667589
00667590
00667592
00667722
00667892
00668030
00668068
00668080
00668105
00668124
00668324
00668386
00668528
00668636
00668740
00668802
00668821
00668848
00668853
00668910
00668916
00668931
00668950
00668995
00669064
00669085
00669101
00669156
00669325
00669642
00669726
00669793
00669888
00669975
00670018
00670045
00670070
00670085
00670223
00670498
00670528
00670576
00670611
00670723
00670814
00670860
00670873
00671103
00671253
00671257
00671268
00671422
00671493
00671638
00671700
00671729
00671741
00671757
00671905
00671955
00672064
00672089
00672118
00672307
00672361
00672560
00672602
00673021
00673100
00673309
00673412
00673456
00673485
00673526
00673556
00673641
00673652
00673685
00673709
00674040
00674103
00674181
00674237
00674336
00674572
00674624
00674764
00674906
00675001
00675028
00675142
00675194
00675206
00675217
00675231
00675267
00675285
00675341
00675384
00675386
00675432
00675452
00675502
00675540
00675600
00675605
00675608
00675627
00675662
00675891
00676334
00676335
00676368
00676815
00676831
00676902
00676918
00676922
00676927
00676943
00677048
00677110
00677140
00677218
00677467
00677534
00677541
00677655
00677682
00677768
00677779
00677810
00677910
00677991
00678003
00678007
00678037
00678052
00678091
00678210
00678418
00678737
00678753
00678995
00679160
00679266
00679268
00679338
00679454
00679457
00679507
00679508
00679703
00679775
00679822
00679884
00679930
00679999
00680067
00680133
00680213
00680234
00680260
00680546
00680568
00680569
00680571
00680639
00680706
00680709
00680718
00680780
00680985
00680999
00681017
00681167
00681221
00681241
00681277
00681283
00681489
00681492
00681493
00681501
00681507
00681571
00681620
00681674
00681681
00681930
00681944
00682287
00682324
00682414
00682492
00682550
00682585
00682592
00682593
00682632
00682647
00682675
00682677
00682734
00682772
00682825
00682861
00683050
00683071
00683080
00683155
00683156
00683208
00683267
00683346
00683391
00683528
00683572
00683644
00683832
00683888
00684324
00684345
00684359
00684379
00684645
00684780
00684935
00684968
00685030
00685038
00685052
00685055
00685080
00685142
00685145
00685148
00685391
00685470
00685539
00685540
00685565
00685570
00685711
00685770
00685781
00685910
00685975
00685976
00686014
00686202
00686317
00686474
00686539
00686638
00686644
00686674
00686714
00686724
00686829
00686890
00687083
00687116
00687144
00687350
00687460
00687473
00687602
00687743
00687779
00687807
00687960
00688038
00688061
00688218
00688330
00688373
00688405
00688407
00688422
00688430
00688461
00688540
00688567
00688749
00688771
00688815
00688829
00688895
00688910
00688924
00688971
00688998
00689003
00689175
00689336
00689390
00689397
00689451
00689517
00689565
00689605
00689638
00689653
00689654
00689682
00689764
00689830
00689889
00689900
00689904
00689927
00689943
00690023
00690148
00690238
00690264
00690375
00690423
00690433
00690529
00690545
00690570
00690685
00690697
00690920
00691070
00691091
00691378
00691425
00691431
00691432
00691435
00691471
00691546
00691575
00691591
00691594
00691680
00691842
00691847
00691856
00691864
00692021
00692034
00692165
00692386
00692408
00692552
00692618
00692664
00692693
00692788
00692806
00692850
00692932
00692937
00692949
00692958
00692965
00693256
00693448
00693449
00693566
00693693
00693836
00693846
00693870
00693872
00693889
00693902
00693903
00693910
00693934
00693962
00693968
00693977
00694032
00694053
00694069
00694071
00694118
00694154
00694192
00694193
00694276
00694286
00694303
00694315
00694332
00694355
00694372
00694410
00694549
00694587
00694595
00694606
00694607
00694616
00694639
00694642
00694646
00694655
00694698
00694900
00694912
00694925
00694927
00694929
00695024
00695035
00695191
00695279
00695300
00695333
00695390
00695420
00695444
00695460
00695494
00695545
00695590
00695649
00695715
00695812
00695857
00695913
00696073
00696193
00696261
00696284
00696343
00696360
00696425
00696889
00696977
00697072
00697073
00697113
00697142
00697166
00697303
00697335
00697361
00697381
00697401
00697435
00697487
00697521
00697562
00697632
00697633
00697661
00697873
00697880
00697919
00697923
00697933
00697934
00697969
00698033
00698065
00698066
00698073
00698086
00698145
00698189
00698224
00698251
00698296
00698300
00698521
00698561
00698566
00698569
00698600
00699159
00699233
00699289
00699295
00699334
00699347
00699466
00699565
00699599
00699663
00699664
00699775
00699832
00699898
00699924
00699934
00699966
00699986
00700013
00700020
00700021
00700330
00700393
00700467
00700491
00700585
00700590
00700603
00700604
00700916
00700930
00700989
00701070
00701080
00701247
00701249
00701284
00701363
00701364
00701380
00701393
00701409
00701421
00701429
00701445
00701465
00701614
00701624
00701722
00701770
00701813
00701819
00701917
00701946
00701957
00702125
00702152
00702164
00702221
00702286
00702459
00702535
00702541
00702649
00702680
00702826
00703034
00703053
00703148
00703219
00703244
00703343
00703385
00703401
00703437
00703461
00703516
00703517
00703626
00703631
00703764
00703815
00703952
00703978
00704134
00704146
00704190
00704339
00704444
00704451
00704553
00704906
00704930
00704946
00704959
00705055
00705188
00705252
00705254
00705264
00705284
00705299
00705349
00705366
00705395
00705491
00705570
00705587
00705593
00705692
00705762
00705922
00705944
00706299
00706308
00706348
00706392
00706499
00706520
00706556
00706557
00706570
00706610
00706687
00706727
00706768
00706836
00706999
00707001
00707107
00707274
00707283
00707546
00707628
00707645
00707754
00707801
00707825
00707859
00707866
00708023
00708051
00708052
00708057
00708086
00708104
00708109
00708182
00708220
00708266
00708352
00708377
00708425
00708684
00708720
00708811
00708837
00708839
00708866
00708868
00708909
00708914
00709072
00709152
00709162
00709423
00709462
00709653
00709698
00709739
00709763
00709794
00709816
00709835
00709841
00709884
00709938
00709977
00710100
00710173
00710185
00710242
00710280
00710310
00710647
00710668
00710729
00710940
00710974
00711063
00711129
00711131
00711331
00711366
00711445
00711518
00711531
00711554
00711592
00711604
00711649
00711734
00711744
00711781
00711850
00711853
00711876
00711879
00711896
00711897
00711898
00711906
00711913
00711914
00712017
00712053
00712125
00712127
00712223
00712238
00712354
00712481
00712517
00712552
00712651
00712684
00712692
00712705
00712714
00712866
00712875
00713075
00713178
00713186
00713221
00713318
00713345
00713393
00713397
00713399
00713427
00713501
00713543
00713610
00713611
00713646
00713648
00713734
00713754
00713823
00713831
00713966
00714014
00714032
00714033
00714084
00714145
00714209
00714213
00714264
00714272
00714326
00714660
00714741
00714879
00714957
00715040
00715082
00715090
00715092
00715399
00715405
00715510
00715576
00715749
00715851
00715887
00715928
00716149
00716157
00716220
00716226
00716261
00716402
00716438
00716679
00716839
00716929
00717033
00717105
00717152
00717158
00717191
00717208
00717253
00717259
00717437
00717439
00717463
00717499
00717525
00717594
00717613
00717668
00717692
00717782
00717838
00717858
00718030
00718142
00718170
00718175
00718227
00718494
00718626
00718689
00718809
00718896
00718907
00718918
00718968
00719004
00719021
00719082
00719083
00719104
00719186
00719213
00719314
00719341
00719351
00719404
00719409
00719454
00719571
00719583
00719641
00719714
00719734
00719798
00719881
00719894
00719912
00719940
00719984
00720018
00720049
00720077
00720086
00720100
00720109
00720116
00720120
00720273
00720305
00720311
00720335
00720428
00720457
00720458
00720583
00720625
00720634
00720732
00720977
00721156
00721162
00721171
00721360
00721433
00721561
00721796
00721852
00722084
00722117
00722132
00722187
00722322
00722460
00722463
00722559
00722678
00722704
00722707
00722712
00722761
00722777
00722784
00722921
00722967
00722968
00722981
00722992
00723067
00723100
00723508
00723540
00723695
00723754
00723757
00723835
00723837
00723871
00723944
00723984
00724014
00724031
00724097
00724135
00724150
00724176
00724187
00724196
00724240
00724297
00724325
00724333
00724477
00724482
00724485
00724721
00724770
00724979
00725109
00725171
00725221
00725294
00725310
00725311
00725341
00725400
00725497
00725514
00725519
00725570
00725604
00725620
00725780
00725823
00725891
00725914
00725945
00726150
00726236
00726284
00726302
00726338
00726358
00726418
00726635
00726843
00726867
00726869
00726870
00726879
00726885
00726913
00726932
00726954
00726961
00726970
00726991
00727022
00727050
00727117
00727129
00727205
00727240
00727244
00727353
00727365
00727514
00727580
00727595
00727725
00728027
00728177
00728185
00728210
00728236
00728272
00728370
00728544
00728862
00728867
00728958
00728973
00729052
00729090
00729091
00729164
00729177
00729179
00729254
00729279
00729356
00729402
00729468
00729504
00729540
00729564
00729583
00729617
00729675
00729720
00729896
00729918
00730007
00730097
00730112
00730190
00730250
00730578
00730622
00730736
00730748
00730812
00730842
00730847
00730851
00730906
00730911
00730925
00730945
00730958
00730960
00730964
00730972
00731031
00731036
00731085
00731116
00731122
00731210
00731215
00731306
00731334
00731362
00731399
00731413
00731432
00731444
00731447
00731498
00731564
00731594
00731598
00731716
00731871
00731882
00731918
00732007
00732115
00732178
00732263
00732268
00732302
00732401
00732869
00732923
00732963
00733000
00733093
00733099
00733105
00733109
00733116
00733148
00733153
00733162
00733210
00733233
00733235
00733261
00733264
00733266
00733339
00733403
00733414
00733452
00733560
00733587
00733627
00733655
00733670
00733750
00733797
00733839
00733975
00733978
00733979
00734143
00734226
00734328
00734377
00734512
00734561
00734750
00734762
00734776
00734777
00734802
00734818
00734980
00734999
00735025
00735027
00735031
00735093
00735101
00735132
00735201
00735273
00735347
00735393
00735454
00735456
00735461
00735513
00735527
00735549
00735623
00735660
00735682
00735730
00735731
00735957
00736002
00736150
00736294
00736332
00736403
00736498
00736517
00736518
00736519
00736520
00736523
00736532
00736572
00736592
00736617
00736650
00736651
00736652
00736661
00736712
00736730
00736731
00736732
00736733
00736779
00736864
00736885
00736942
00736944
00736969
00736980
00736986
00736987
00736988
00737024
00737041
00737124
00737142
00737166
00737192
00737193
00737231
00737247
00737386
00737637
00737795
00737856
00737974
00738005
00738234
00738238
00738337
00738346
00738351
00738369
00738370
00738397
00738438
00738446
00738511
00738521
00738533
00738569
00738576
00738616
00738625
00738659
00738660
00738661
00738662
00738663
00738664
00738665
00738666
00738667
00738668
00738669
00738670
00738676
00738692
00738732
00738741
00738749
00738764
00738835
00738852
00738938
00739075
00739105
00739136
00739146
00739316
00739376
00739404
00739542
00739553
00739554
00739557
00739565
00739586
00739792
00739898
00739983
00740337
00740481
00740503
00740504
00740831
00740868
00740942
00741025
00741070
00741146
00741281
00741310
00741333
00741360
00741384
00741480
00741562
00741627
00741662
00741748
00741789
00741790
00741906
00741930
00741937
00741948
00741980
00742013
00742038
00742051
00742104
00742174
00742183
00742218
00742224
00742225
00742226
00742258
00742271
00742272
00742277
00742292
00742337
00742375
00742390
00742437
00742549
00742625
00742635
00742637
00742678
00742795
00742798
00742802
00742943
00742953
00742959
00742979
00743016
00743043
00743114
00743165
00743275
00743426
00743519
00743663
00743818
00743847
00743900
00743956
00743966
00744092
00744215
00744284
00744328
00744339
00744361
00744362
00744363
00744366
00744376
00744444
00744824
00745022
00745065
00745068
00745112
00745121
00745175
00745246
00745277
00745288
00745354
00745368
00745395
00745435
00745568
00745576
00745631
00745786
00745827
00745857
00745919
00745924
00745966
00746050
00746124
00746183
00746185
00746188
00746190
00746198
00746318
00746352
00746388
00746446
00746468
00746511
00746537
00746545
00746546
00746560
00746661
00746695
00746760
00746807
00746831
00746836
00746864
00746873
00746896
00746983
00747120
00747413
00747414
00747415
00747418
00747561
00747603
00747657
00747741
00747793
00747846
00747909
00747978
00748025
00748118
00748129
00748181
00748241
00748310
00748318
00748363
00748367
00748408
00748520
00748569
00748583
00748599
00748771
00748772
00748925
00749001
00749076
00749157
00749173
00749195
00749220
00749301
00749321
00749469
00749474
00749483
00749601
00749656
00749680
00749764
00749780
00749781
00749931
00749995
00750004
00750013
00750016
00750071
00750077
00750142
00750146
00750183
00750260
00750324
00750326
00750368
00750436
00750439
00750621
00750715
00750717
00750731
00750757
00751163
00751670
00751678
00751720
00751820
00751837
00751882
00751930
00751939
00751969
00752000
00752033
00752039
00752050
00752082
00752097
00752125
00752138
00752147
00752174
00752183
00752272
00752481
00752538
00752607
00752610
00752612
00752665
00752670
00752809
00752900
00753055
00753088
00753256
00753389
00753421
00753459
00753487
00753661
00753876
00753894
00753922
00753941
00754053
00754057
00754093
00754149
00754150
00754159
00754161
00754175
00754176
00754209
00754440
00754441
00754480
00754491
00754493
00754496
00754507
00754527
00754543
00754544
00754545
00754565
00754566
00754636
00754672
00754773
00754812
00754882
00754960
00754969
00754983
00755011
00755121
00755131
00755177
00755194
00755232
00755241
00755312
00755459
00755461
00755553
00755777
00755926
00756371
00756389
00756408
00756413
00756429
00756448
00756504
00756586
00756665
00756672
00756769
00756787
00756813
00756826
00756900
00756929
00757062
00757188
00757355
00757377
00757465
00757479
00757531
00757557
00757590
00757754
00757838
00757887
00757924
00757929
00757935
00757952
00758087
00758093
00758102
00758116
00758225
00758234
00758247
00758269
00758339
00758342
00758364
00758490
00758583
00758630
00758632
00758636
00758637
00758758
00758831
00758893
00758895
00758932
00758947
00758981
00759005
00759042
00759045
00759095
00759112
00759114
00759115
00759117
00759118
00759132
00759133
00759156
00759235
00759308
00759321
00759406
00759409
00759472
00759542
00759560
00759586
00759651
00759652
00759699
00759748
00759828
00759867
00760157
00760166
00760259
00760277
00760282
00760288
00760359
00760367
00760374
00760439
00760482
00760561
00760630
00760671
00760701
00760751
00760783
00760784
00760796
00760943
00761106
00761381
00761399
00761414
00761656
00761678
00761963
00762033
00762035
00762043
00762059
00762083
00762099
00762111
00762207
00762254
00762324
00762326
00762349
00762351
00762373
00762433
00762519
00762603
00762734
00762783
00762892
00762896
00762908
00762929
00762952
00763040
00763194
00763320
00763357
00763376
00763522
00763526
00763529
00763531
00763592
00763617
00763725
00763791
00763819
00763917
00764050
00764205
00764242
00764294
00764401
00764435
00764436
00764441
00764442
00764461
00764497
00764597
00764746
00764778
00764783
00764843
00764872
00764892
00764900
00764910
00765049
00765080
00765123
00765156
00765195
00765215
00765228
00765236
00765244
00765308
00765335
00765348
00765349
00765357
00765439
00765557
00765563
00765596
00765597
00765718
00765722
00765725
00765780
00765782
00765806
00765838
00765858
00765873
00765955
00766000
00766032
00766033
00766088
00766183
00766199
00766352
00766360
00766462
00766467
00766542
00766566
00766589
00766591
00766599
00766625
00766629
00766662
00766667
00766689
00766784
00766846
00766850
00766876
00766886
00766906
00766909
00766918
00766986
00767031
00767044
00767168
00767195
00767243
00767345
00767389
00767537
00767813
00768041
00768168
00768172
00768351
00768476
00768791
00768885
00768892
00768899
00768900
00768907
00769000
00769001
00769008
00769024
00769061
00769126
00769134
00769165
00769252
00769253
00769260
00769262
00769283
00769442
00769472
00769509
00769517
00769561
00769672
00769793
00769905
00770084
00770141
00770176
00770256
00770276
00770286
00770298
00770592
00770608
00770640
00770655
00770678
00770682
00770686
00770697
00770761
00770803
00771025
00771141
00771202
00771263
00771314
00771365
00771379
00771380
00771418
00771433
00771582
00771618
00771751
00771755
00771877
00771879
00771882
00771885
00771924
00771983
00772049
00772088
00772329
00772331
00772429
00772548
00772582
00772696
00772832
00772887
00772921
00772924
00772944
00772954
00772956
00772957
00772984
00773055
00773087
00773162
00773163
00773164
00773165
00773182
00773196
00773214
00773226
00773263
00773270
00773300
00773319
00773320
00773383
00773514
00773558
00773560
00773561
00773613
00773675
00773701
00773788
00773818
00773832
00773845
00773882
00773963
00773976
00774234
00774335
00774402
00774444
00774446
00774459
00774460
00774465
00774492
00774708
00774713
00774719
00774750
00774758
00774770
00774776
00774777
00774824
00774962
00774990
00775049
00775140
00775176
00775215
00775218
00775238
00775250
00775307
00775327
00775328
00775361
00775378
00775381
00775404
00775452
00775565
00775637
00775710
00775880
00776006
00776127
00776128
00776336
00776434
00776644
00776645
00776695
00776707
00776714
00776785
00776802
00776828
00776839
00776892
00776968
00776977
00777060
00777094
00777098
00777164
00777168
00777181
00777203
00777237
00777254
00777297
00777322
00777327
00777330
00777387
00777425
00777439
00777448
00777451
00777467
00777542
00777750
00777774
00777896
00778050
00778119
00778281
00778325
00778328
00778331
00778484
00778581
00778695
00778703
00778719
00778744
00778835
00778853
00778910
00778916
00779180
00779209
00779222
00779248
00779250
00779332
00779425
00779439
00779450
00779456
00779460
00779470
00779476
00779485
00779487
00779496
00779521
00779530
00779562
00779575
00779588
00779595
00779606
00779639
00779659
00779701
00779720
00779725
00779762
00779779
00779807
00780001
00780044
00780272
00780367
00780474
00780488
00780498
00780499
00780565
00780596
00780767
00780774
00780814
00780815
00780878
00780927
00781024
00781030
00781053
00781066
00781574
00781577
00781619
00781699
00781749
00781790
00781836
00781845
00781890
00781922
00781923
00782000
00782004
00782065
00782102
00782108
00782131
00782173
00782198
00782230
00782245
00782264
00782353
00782375
00782387
00782388
00782439
00782502
00782510
00782584
00782642
00782800
00782977
00782998
00783234
00783246
00783280
00783417
00783432
00783496
00783543
00783547
00783697
00783874
00783959
00783982
00784001
00784034
00784036
00784069
00784074
00784076
00784167
00784168
00784191
00784200
00784226
00784360
00784386
00784400
00784421
00784436
00784483
00784493
00784517
00784530
00784603
00784621
00784666
00784793
00784838
00784906
00784907
00785087
00785098
00785166
00785297
00785338
00785378
00785384
00785530
00785664
00785696
00785787
00785800
00785818
00785820
00785942
00786048
00786090
00786096
00786128
00786148
00786159
00786234
00786238
00786248
00786259
00786261
00786270
00786304
00786312
00786316
00786328
00786336
00786385
00786392
00786412
00786423
00786604
00786612
00786620
00786621
00786656
00786671
00786672
00786703
00786709
00786711
00786927
00787069
00787072
00787095
00787128
00787256
00787391
00787514
00787558
00787609
00787707
00787782
00787913
00787914
00788139
00788168
00788190
00788276
00788279
00788289
00788440
00788522
00788559
00788609
00788622
00788650
00788697
00788908
00788927
00789105
00789115
00789123
00789126
00789133
00789142
00789256
00789270
00789311
00789328
00789390
00789394
00789395
00789427
00789436
00789447
00789561
00789563
00789629
00789633
00789726
00789757
00789801
00789813
00789838
00789885
00789893
00789906
00789912
00789939
00789947
00789972
00789990
00790063
00790117
00790235
00790291
00790306
00790391
00790448
00790707
00790845
00790977
00791001
00791011
00791103
00791173
00791189
00791271
00791283
00791332
00791417
00791444
00791569
00791596
00791599
00791647
00791663
00791723
00791727
00791741
00791753
00791799
00791921
00791924
00791966
00791973
00792091
00792142
00792181
00792279
00792292
00792456
00792462
00792470
00792487
00792491
00792513
00792599
00792600
00792610
00792738
00792749
00792792
00792810
00792832
00792836
00792947
00793052
00793119
00793120
00793203
00793246
00793410
00793414
00793417
00793444
00793596
00793618
00793620
00793755
00793766
00793773
00793801
00793931
00793938
00793942
00793955
00793964
00793979
00794227
00794253
00794340
00794481
00794736
00794747
00794935
00795024
00795129
00795343
00795504
00795525
00795546
00795573
00795577
00795764
00795798
00795817
00795829
00795979
00795980
00795982
00795990
00796028
00796146
00796393
00796506
00796508
00796509
00796649
00796664
00796668
00796669
00796670
00796798
00796842
00796923
00796924
00796926
00796981
00797014
00797025
00797102
00797120
00797147
00797152
00797301
00797306
00797307
00797425
00797442
00797461
00797469
00797510
00797573
00797589
00797621
00797639
00797743
00797777
00797823
00797904
00797921
00797932
00798010
00798026
00798052
00798076
00798212
00798220
00798325
00798353
00798429
00798546
00798730
00798731
00798765
00798911
00798944
00798958
00798959
00798960
00798961
00798962
00798976
00798987
00798988
00799113
00799132
00799137
00799170
00799188
00799323
00799442
00799517
00799608
00799710
00799728
00799877
00799968
00799991
00800049
00800088
00800203
00800205
00800442
00800544
00800575
00800576
00800604
00800685
00800713
00800757
00800969
00800991
00801004
00801023
00801087
00801129
00801151
00801203
00801240
00801256
00801260
00801293
00801309
00801412
00801493
00801500
00801535
00801549
00801588
00801607
00801609
00801635
00801671
00801690
00801782
00801811
00801851
00801855
00801864
00801990
00801994
00802041
00802090
00802093
00802211
00802315
00802417
00802437
00802464
00802467
00802482
00802522
00802596
00802697
00802732
00802737
00802743
00802762
00802806
00802913
00802971
00803010
00803053
00803395
00803407
00803411
00803425
00803449
00803483
00803523
00803750
00803878
00803887
00803909
00803912
00803926
00803959
00803965
00803984
00803985
00804000
00804054
00804089
00804145
00804171
00804187
00804190
00804197
00804199
00804200
00804222
00804252
00804318
00804322
00804330
00804358
00804602
00804625
00804738
00804864
00804869
00804873
00804951
00804993
00805030
00805049
00805195
00805203
00805215
00805279
00805294
00805305
00805493
00805503
00805519
00805557
00805566
00805576
00805578
00805599
00805600
00805884
00805915
00805978
00806153
00806200
00806217
00806247
00806276
00806333
00806373
00806378
00806393
00806419
00806492
00806495
00806522
00806541
00806552
00806559
00806592
00806669
00806692
00806704
00806708
00806726
00806794
00806825
00806898
00806944
00807023
00807044
00807047
00807066
00807072
00807225
00807248
00807262
00807401
00807560
00807588
00807614
00807673
00807781
00807807
00807946
00807966
00807980
00807983
00807984
00808054
00808064
00808067
00808087
00808146
00808194
00808273
00808373
00808494
00808726
00808742
00808797
00808816
00808825
00808841
00808903
00808930
00808939
00809142
00809157
00809160
00809206
00809246
00809351
00809406
00809433
00809506
00809542
00809805
00809821
00809933
00810046
00810143
00810329
00810336
00810352
00810356
00810357
00810440
00810447
00810474
00810485
00810519
00810542
00810567
00810579
00810585
00810589
00810664
00810711
00810730
00810737
00810779
00810822
00810986
00811064
00811123
00811251
00811327
00811359
00811412
00811449
00811618
00811622
00811730
00811974
00811978
00811994
00812011
00812048
00812115
00812173
00812288
00812332
00812382
00812463
00812480
00812492
00812514
00812576
00812625
00812672
00812734
00812762
00812905
00813154
00813202
00813232
00813375
00813468
00813503
00813552
00813604
00813642
00813649
00813717
00813798
00813857
00813894
00813928
00813934
00813941
00813969
00813978
00813979
00814005
00814043
00814101
00814102
00814109
00814117
00814226
00814329
00814412
00814484
00814496
00814561
00814582
00814591
00814603
00814646
00814647
00814704
00814706
00814759
00814882
00815103
00815166
00815179
00815193
00815194
00815249
00815284
00815303
00815337
00815351
00815414
00815581
00815782
00815807
00815831
00815851
00815867
00815948
00816021
00816300
00816302
00816378
00816393
00816394
00816488
00816524
00816562
00816647
00816648
00816649
00816714
00816726
00816747
00816751
00816797
00816804
00816913
00817016
00817186
00817397
00817489
00817558
00817581
00817664
00817717
00817746
00817781
00817811
00817883
00817884
00817886
00817944
00818063
00818182
00818216
00818245
00818274
00818394
00818407
00818408
00818425
00818532
00818534
00818555
00818666
00818667
00818672
00818673
00818676
00818679
00818687
00818698
00818915
00818917
00818941
00818990
00818995
00819016
00819030
00819042
00819287
00819337
00819418
00819486
00819506
00819566
00819619
00819662
00819921
00819966
00820100
00820114
00820277
00820321
00820470
00820535
00820554
00820576
00820591
00820652
00820719
00820792
00820803
00820934
00820951
00820976
00821003
00821015
00821016
00821051
00821062
00821142
00821240
00821263
00821269
00821320
00821435
00821472
00821502
00821840
00821929
00821936
00822172
00822183
00822189
00822291
00822362
00822476
00822635
00822676
00822786
00822793
00822845
00822906
00822938
00822986
00823088
00823113
00823114
00823115
00823150
00823184
00823289
00823304
00823331
00823348
00823398
00823519
00823581
00823637
00823638
00823697
00823730
00823753
00823803
00823821
00823976
00823980
00824020
00824021
00824033
00824363
00824429
00824466
00824523
00824550
00824622
00824829
00824936
00825008
00825048
00825087
00825119
00825123
00825161
00825218
00825282
00825299
00825322
00825345
00825367
00825459
00825501
00825527
00825536
00825537
00825608
00825852
00825926
00826113
00826417
00826420
00826421
00826422
00826448
00826456
00826717
00826736
00826838
00826839
00826982
00827140
00827173
00827175
00827212
00827237
00827248
00827389
00827415
00827489
00827546
00827618
00827623
00827627
00827714
00827762
00827800
00827806
00827868
00827896
00827954
00828088
00828189
00828218
00828247
00828268
00828269
00828275
00828297
00828347
00828381
00828421
00828424
00828425
00828530
00828860
00828952
00828988
00829008
00829107
00829120
00829121
00829122
00829127
00829141
00829392
00829506
00829580
00829581
00829591
00829592
00829650
00829663
00829671
00829743
00829774
00829796
00829828
00829835
00829840
00829887
00829909
00829948
00830112
00830134
00830161
00830264
00830282
00830294
00830295
00830321
00830404
00830414
00830424
00830479
00830574
00830594
00830763
00830803
00830806
00830881
00830956
00830978
00831017
00831029
00831197
00831246
00831247
00831248
00831289
00831330
00831517
00831530
00831605
00831713
00831841
00831872
00831929
00832024
00832142
00832233
00832246
00832295
00832364
00832377
00832384
00832515
00832518
00832596
00832626
00832697
00832723
00832748
00832868
00832871
00832880
00833065
00833181
00833517
00833694
00833792
00833794
00833825
00833874
00833947
00833966
00833967
00834114
00834116
00834137
00834296
00834474
00834588
00834639
00834693
00834714
00834757
00834759
00834774
00834798
00834809
00834893
00834984
00835031
00835083
00835142
00835165
00835250
00835347
00835433
00835469
00835483
00835596
00835674
00835679
00835681
00835816
00835877
00835906
00836235
00836404
00836507
00836552
00836734
00836750
00836807
00836808
00836868
00836876
00836908
00837045
00837075
00837098
00837109
00837246
00837328
00837512
00837529
00837665
00837863
00837902
00837943
00837992
00837994
00838044
00838052
00838145
00838170
00838178
00838270
00838462
00838562
00838572
00838585
00838640
00838825
00838945
00838946
00839043
00839160
00839298
00839314
00839371
00839488
00839514
00839533
00839545
00839665
00839670
00839690
00839783
00840009
00840014
00840214
00840452
00840604
00840622
00840652
00840688
00840838
00840850
00840917
00840929
00840967
00840982
00840987
00841048
00841079
00841143
00841162
00841184
00841208
00841213
00841392
00841396
00841480
00841481
00841497
00841835
00841954
00842014
00842073
00842119
00842125
00842232
00842247
00842248
00842249
00842266
00842269
00842395
00842447
00842518
00842524
00842584
00842585
00842595
00842597
00842876
00842955
00842958
00843004
00843031
00843037
00843041
00843042
00843176
00843204
00843343
00843354
00843470
00843552
00843620
00843940
00843955
00843958
00844019
00844049
00844050
00844064
00844100
00844133
00844136
00844152
00844153
00844156
00844159
00844207
00844289
00844345
00844346
00844367
00844467
00844469
00844505
00844516
00844573
00844677
00844780
00844810
00844813
00844865
00844882
00844917
00844968
00844975
00845082
00845152
00845172
00845177
00845205
00845237
00845269
00845291
00845304
00845409
00845444
00845491
00845689
00845694
00845774
00845800
00846008
00846088
00846237
00846244
00846275
00846276
00846297
00846300
00846313
00846377
00846553
00846557
00846567
00846593
00846729
00846914
00847283
00847300
00847320
00847577
00847695
00847793
00848031
00848081
00848150
00848264
00848287
00848318
00848445
00848491
00848757
00848786
00848809
00848815
00848880
00849032
00849042
00849054
00849060
00849067
00849078
00849141
00849153
00849181
00849215
00849225
00849226
00849232
00849235
00849241
00849242
00849245
00849253
00849269
00849376
00849395
00849399
00849401
00849405
00849517
00849614
00849620
00849661
00849788
00849940
00849965
00850045
00850092
00850154
00850206
00850243
00850259
00850288
00850501
00850548
00850609
00850617
00850618
00850619
00850623
00850625
00850637
00850829
00850983
00851050
00851065
00851110
00851333
00851486
00851496
00851536
00851598
00851741
00851797
00851821
00851836
00851910
00852164
00852169
00852223
00852237
00852343
00852365
00852392
00852531
00852532
00852555
00852577
00852582
00852588
00852686
00852742
00852813
00852852
00852866
00852873
00852885
00852893
00853017
00853019
00853267
00853359
00853379
00853477
00853519
00853668
00853753
00853766
00853938
00853945
00854016
00854158
00854189
00854397
00854425
00854445
00854470
00854471
00854482
00854644
00854711
00854729
00854757
00854838
00854846
00854920
00854933
00855013
00855015
00855017
00855028
00855047
00855106
00855168
00855334
00855411
00855489
00855508
00855526
00855727
00855882
00856015
00856117
00856122
00856192
00856199
00856212
00856234
00856369
00856377
00856397
00856401
00856412
00856493
00856497
00856533
00856567
00856569
00856588
00856743
00856845
00856883
00856936
00857004
00857256
00857434
00857677
00857823
00857850
00857879
00857967
00858118
00858215
00858227
00858272
00858333
00858450
00858498
00858623
00858656
00858672
00858757
00858760
00858832
00859187
00859325
00859548
00859584
00859631
00859657
00860070
00860126
00860148
00860149
00860163
00860268
00860302
00860311
00860336
00860346
00860400
00860427
00860441
00860555
00860752
00860759
00860802
00860840
00860856
00860941
00861126
00861467
00861515
00861517
00861557
00861571
00861599
00861658
00861808
00861827
00861956
00862030
00862071
00862106
00862129
00862181
00862215
00862216
00862366
00862425
00862430
00862445
00862446
00862470
00862502
00862518
00862542
00862568
00862601
00862608
00862611
00862674
00862680
00862754
00862896
00862913
00862941
00862994
00863003
00863077
00863130
00863149
00863164
00863169
00863384
00863501
00863522
00863588
00863667
00863725
00863751
00863825
00864041
00864080
00864127
00864220
00864236
00864258
00864323
00864327
00864407
00864545
00864598
00864633
00864689
00864694
00864845
00864861
00864880
00864902
00864960
00864962
00865009
00865030
00865041
00865042
00865147
00865196
00865217
00865302
00865351
00865630
00865682
00865771
00865896
00865931
00866040
00866043
00866150
00866172
00866218
00866274
00866287
00866290
00866331
00866347
00866363
00866380
00866382
00866383
00866462
00866467
00866480
00866769
00866775
00866776
00866777
00866813
00866818
00867027
00867105
00867116
00867117
00867179
00867210
00867359
00867415
00867430
00867530
00867617
00867741
00867752
00867837
00867905
00867997
00868114
00868152
00868230
00868285
00868305
00868331
00868425
00868433
00868439
00868456
00868465
00868475
00868747
00868769
00868803
00868874
00868999
00869011
00869113
00869230
00869663
00869664
00869836
00869886
00869894
00870211
00870282
00870283
00870320
00870357
00870460
00870471
00870474
00870491
00870496
00870512
00870530
00870544
00870558
00870559
00870580
00870582
00870588
00870589
00870591
00870592
00870665
00870686
00870692
00870695
00870757
00870890
00870893
00870894
00870899
00870921
00870923
00870924
00870960
00871034
00871035
00871050
00871066
00871092
00871131
00871146
00871152
00871183
00871264
00871303
00871321
00871432
00871472
00871614
00871764
00871807
00871973
00872103
00872154
00872180
00872200
00872304
00872317
00872372
00872373
00872378
00872380
00872407
00872435
00872497
00872581
00872585
00872645
00872713
00872818
00872921
00872997
00873007
00873011
00873014
00873092
00873103
00873107
00873113
00873181
00873184
00873194
00873270
00873271
00873311
00873312
00873313
00873370
00873382
00873439
00873503
00873504
00873570
00873844
00873880
00873902
00874130
00874205
00874351
00874456
00874459
00874472
00874489
00874508
00874512
00874535
00874572
00874578
00874614
00874624
00874649
00874684
00874693
00874694
00874702
00874721
00874776
00874852
00874895
00875021
00875217
00875263
00875386
00875387
00875389
00875411
00875529
00875571
00875609
00875616
00875622
00875679
00875703
00875724
00875813
00875850
00875943
00875978
00875981
00875982
00875990
00876023
00876028
00876082
00876246
00876254
00876257
00876347
00876369
00876635
00876659
00876918
00877026
00877032
00877093
00877099
00877111
00877195
00877218
00877250
00877259
00877271
00877291
00877329
00877336
00877380
00877382
00877387
00877407
00877460
00877462
00877465
00877466
00877553
00877569
00877575
00877577
00877620
00877710
00877718
00877719
00877751
00877757
00877782
00877783
00877838
00877953
00878023
00878066
00878078
00878084
00878085
00878160
00878172
00878188
00878195
00878196
00878197
00878205
00878263
00878421
00878497
00878818
00879050
00879065
00879089
00879148
00879186
00879306
00879343
00879401
00879487
00879651
00879678
00879745
00879776
00879857
00879861
00879971
00880058
00880061
00880207
00880364
00880417
00880419
00880449
00880450
00880467
00880560
00880562
00880804
00880806
00880866
00881271
00881491
00881519
00881560
00881566
00881569
00881688
00881789
00881866
00881872
00882183
00882383
00882388
00882422
00882450
00882456
00882544
00882554
00882576
00882675
00882691
00882697
00882754
00882883
00882917
00882928
00882934
00882968
00882970
00882973
00883002
00883049
00883098
00883116
00883130
00883141
00883206
00883227
00883303
00883315
00883387
00883388
00883390
00883498
00883534
00883565
00883568
00883600
00883601
00883623
00883635
00883636
00883668
00883693
00883745
00883855
00883980
00884108
00884109
00884118
00884138
00884177
00884191
00884210
00884227
00884282
00884319
00884372
00884380
00884447
00884517
00884565
00884583
00884586
00884601
00884635
00884642
00885062
00885150
00885244
00885282
00885299
00885310
00885336
00885448
00885571
00885673
00885724
00885917
00886144
00886392
00886399
00886404
00886438
00886453
00886535
00886582
00886836
00886887
00886906
00886917
00886930
00886945
00886955
00886956
00887037
00887126
00887163
00887173
00887212
00887213
00887228
00887229
00887236
00887250
00887253
00887275
00887379
00887424
00887437
00887466
00887482
00887492
00887657
00887666
00887781
00887978
00888004
00888246
00888350
00888453
00888518
00888526
00888535
00888575
00888576
00888594
00888595
00888642
00888678
00888690
00888693
00888701
00888733
00888737
00888786
00888793
00888809
00888892
00888938
00889012
00889014
00889066
00889082
00889094
00889176
00889258
00889276
00889292
00889450
00889473
00889529
00889597
00889651
00889673
00889687
00889738
00889865
00889872
00890076
00890078
00890129
00890147
00890234
00890256
00890275
00890286
00890400
00890401
00890424
00890461
00890500
00890516
00890576
00890653
00890695
00890932
00890955
00891024
00891108
00891109
00891173
00891191
00891322
00891441
00891476
00891509
00891519
00891523
00891524
00891541
00891557
00891560
00891601
00891617
00891735
00891745
00891757
00891770
00891781
00891785
00891790
00891806
00891849
00891889
00891892
00892108
00892134
00892301
00892302
00892465
00892471
00892483
00892485
00892511
00892547
00892555
00892613
00892616
00892672
00892699
00892772
00892778
00892808
00892844
00892862
00892894
00892938
00893055
00893088
00893252
00893385
00893434
00893438
00893439
00893556
00893557
00893724
00893731
00893755
00894016
00894060
00894084
00894325
00894508
00894571
00894651
00894673
00894674
00894705
00894758
00894787
00894801
00894829
00894844
00894890
00894895
00894907
00894909
00894918
00894920
00894926
00894930
00894931
00894932
00894964
00895027
00895078
00895088
00895143
00895203
00895231
00895254
00895295
00895323
00895339
00895341
00895358
00895482
00895677
00895726
00895765
00895775
00895786
00895787
00896117
00896136
00896260
00896301
00896343
00896362
00896365
00896379
00896386
00896421
00896437
00896456
00896458
00896469
00896474
00896483
00896498
00896500
00896523
00896539
00896554
00896555
00896561
00896573
00896577
00896638
00896639
00896727
00896927
00896951
00897194
00897440
00897465
00897494
00897720
00897839
00898046
00898079
00898203
00898220
00898300
00898322
00898334
00898344
00898374
00898505
00898514
00898646
00898651
00898776
00898813
00898852
00898854
00898879
00898936
00899139
00899159
00899161
00899164
00899180
00899214
00899221
00899259
00899271
00899337
00899375
00899428
00899457
00899474
00899533
00899576
00899673
00899681
00899684
00899690
00899691
00899692
00899706
00899713
00899720
00899729
00899748
00899758
00899766
00899773
00899783
00899811
00899812
00899818
00899850
00899858
00899867
00899909
00899910
00899911
00899921
00899979
00900087
00900130
00900181
00900196
00900210
00900227
00900231
00900264
00900267
00900312
00900362
00900394
00900440
00900459
00900508
00900570
00900617
00900650
00900744
00901151
00901181
00901237
00901348
00901508
00901643
00901672
00901855
00901932
00901942
00902013
00902082
00902097
00902129
00902181
00902185
00902202
00902238
00902257
00902273
00902295
00902298
00902301
00902313
00902323
00902332
00902416
00902417
00902598
00902606
00902627
00902630
00902654
00902661
00902674
00902691
00902726
00902731
00902781
00902814
00902823
00902847
00902924
00903006
00903018
00903043
00903075
00903094
00903184
00903259
00903416
00903431
00903455
00903504
00903541
00903639
00903710
00903771
00903859
00903899
00903999
00904130
00904284
00904300
00904349
00904354
00904363
00904366
00904379
00904468
00904501
00904552
00904650
00904655
00904660
00904684
00904728
00904736
00904743
00904758
00904759
00904770
00904818
00904852
00904895
00904950
00904969
00905006
00905058
00905075
00905098
00905126
00905270
00905285
00905353
00905432
00905436
00905444
00905639
00905650
00905785
00905856
00905930
00905977
00905984
00906069
00906192
00906219
00906330
00906339
00906399
00906405
00906412
00906424
00906453
00906469
00906498
00906510
00906551
00906555
00906648
00906653
00906663
00906672
00906684
00906696
00906725
00906727
00906732
00906740
00906763
00906834
00906893
00906908
00906942
00906944
00906963
00907017
00907042
00907079
00907125
00907200
00907241
00907304
00907333
00907435
00907444
00907593
00907603
00907625
00907634
00907656
00907669
00907869
00907878
00907897
00907945
00907987
00908005
00908082
00908183
00908248
00908259
00908274
00908292
00908360
00908417
00908425
00908431
00908433
00908501
00908541
00908567
00908652
00908673
00908711
00908726
00908770
00908792
00908827
00908874
00908889
00908904
00908912
00908928
00908941
00908957
00908985
00909065
00909254
00909258
00909282
00909285
00909307
00909330
00909365
00909387
00909423
00909532
00909592
00909632
00909670
00909694
00909704
00909758
00909778
00910226
00910271
00910280
00910335
00910344
00910346
00910419
00910430
00910433
00910436
00910454
00910492
00910496
00910510
00910588
00910591
00910650
00910654
00910680
00910695
00910696
00910700
00910705
00910762
00910856
00910866
00910963
00910968
00910969
00910974
00910977
00910982
00911000
00911002
00911038
00911050
00911090
00911129
00911171
00911266
00911279
00911402
00911449
00911484
00911519
00911523
00911570
00911766
00911863
00911887
00911904
00911952
00911962
00911989
00912197
00912210
00912288
00912298
00912347
00912414
00912482
00912529
00912620
00912623
00912636
00912746
00912786
00912854
00912858
00912860
00912894
00912901
00912914
00912935
00912959
00913042
00913044
00913075
00913135
00913136
00913137
00913138
00913160
00913173
00913177
00913178
00913337
00913340
00913454
00913461
00913485
00913540
00913583
00913588
00913590
00913604
00913616
00913623
00913727
00913750
00913856
00913902
00913903
00913936
00913947
00913978
00913980
00914218
00914667
00914702
00914713
00914720
00914783
00914784
00914806
00914812
00914823
00914834
00914838
00914859
00914862
00914870
00914926
00914929
00914958
00915014
00915072
00915081
00915206
00915398
00915418
00915528
00915576
00915578
00915704
00915731
00915809
00915914
00915945
00916062
00916076
00916082
00916093
00916151
00916176
00916236
00916311
00916312
00916364
00916403
00916523
00916665
00916708
00916988
00917040
00917211
00917335
00917389
00917411
00917442
00917444
00917516
00917706
00917758
00917760
00917796
00917807
00917861
00917865
00917869
00917870
00917878
00917955
00918019
00918078
00918156
00918182
00918193
00918197
00918243
00918268
00918286
00918330
00918357
00918360
00918374
00918385
00918409
00918449
00918452
00918469
00918474
00918492
00918509
00918665
00918669
00918706
00918714
00918722
00918742
00918826
00918837
00918891
00918892
00919006
00919045
00919085
00919253
00919319
00919343
00919531
00919581
00919672
00919694
00919699
00919718
00919730
00919803
00919877
00919878
00919879
00919882
00919963
00920347
00920404
00920509
00920554
00920633
00920659
00920668
00920685
00920732
00920775
00920851
00920852
00920876
00920892
00920893
00920912
00921042
00921170
00921172
00921184
00921248
00921292
00921361
00921365
00921440
00921467
00921480
00921501
00921576
00921609
00921617
00921644
00921719
00921868
00921892
00921893
00922095
00922115
00922272
00922346
00922382
00922460
00922469
00922610
00922662
00922673
00922691
00922710
00922714
00922716
00922721
00922917
00923029
00923050
00923055
00923127
00923186
00923281
00923319
00923371
00923404
00923485
00923497
00923539
00923549
00923592
00923602
00923701
00923730
00923738
00923741
00923881
00923882
00923899
00923908
00923920
00923928
00924007
00924019
00924055
00924083
00924085
00924094
00924219
00924231
00924255
00924265
00924285
00924293
00924349
00924365
00924424
00924431
00924432
00924443
00924552
00924657
00924872
00925087
00925109
00925126
00925157
00925248
00925290
00925323
00925468
00925516
00925554
00925555
00925822
00925823
00925855
00926000
00926030
00926125
00926175
00926195
00926215
00926238
00926314
00926326
00926379
00926416
00926452
00926585
00926595
00926603
00926621
00926669
00926673
00926698
00926749
00926783
00926820
00926962
00926977
00926982
00927045
00927144
00927147
00927190
00927220
00927221
00927223
00927282
00927313
00927387
00927421
00927581
00927672
00927759
00927940
00927955
00927981
00927989
00927990
00928162
00928238
00928255
00928282
00928304
00928514
00928557
00928582
00928584
00928709
00928762
00928788
00928793
00928796
00928797
00928801
00928814
00928854
00928870
00928904
00928949
00928976
00929029
00929039
00929074
00929103
00929114
00929140
00929163
00929192
00929207
00929209
00929210
00929319
00929349
00929372
00929395
00929495
00929524
00929540
00929738
00929775
00930079
00930092
00930209
00930230
00930338
00930404
00930459
00930460
00930746
00930771
00930772
00930872
00930895
00930897
00930899
00930938
00930939
00930990
00931012
00931021
00931026
00931038
00931042
00931079
00931091
00931138
00931139
00931234
00931293
00931414
00931435
00931472
00931519
00931638
00931665
00931688
00931763
00931779
00931783
00931900
00931948
00931992
00931999
00932024
00932101
00932111
00932142
00932143
00932144
00932145
00932158
00932200
00932230
00932303
00932402
00932411
00932428
00932441
00932471
00932530
00932550
00932569
00932611
00932640
00932682
00932759
00932824
00932864
00932952
00932980
00933016
00933167
00933229
00933303
00933377
00933400
00933422
00933519
00933525
00933576
00933589
00933648
00933680
00933694
00933736
00933754
00933791
00933854
00933916
00933977
00933978
00933979
00933980
00934000
00934034
00934035
00934112
00934142
00934187
00934218
00934347
00934355
00934359
00934365
00934375
00934404
00934427
00934450
00934464
00934486
00934505
00934525
00934552
00934575
00934589
00934595
00934600
00934601
00934616
00934637
00934683
00934688
00934713
00934730
00934735
00934790
00934809
00934857
00934878
00934887
00934897
00934987
00935014
00935064
00935155
00935223
00935227
00935242
00935245
00935288
00935310
00935375
00935400
00935494
00935545
00935546
00935564
00935636
00935653
00935703
00935864
00935876
00935967
00935994
00936008
00936061
00936070
00936204
00936253
00936284
00936364
00936595
00936632
00936637
00936792
00936891
00936921
00936954
00936988
00937138
00937156
00937186
00937188
00937192
00937235
00937236
00937237
00937241
00937264
00937275
00937289
00937310
00937324
00937326
00937332
00937344
00937399
00937402
00937413
00937418
00937455
00937498
00937529
00937553
00937656
00937685
00937755
00937916
00937945
00937986
00937988
00938170
00938268
00938271
00938299
00938304
00938311
00938316
00938340
00938345
00938393
00938425
00938436
00938440
00938490
00938506
00938539
00938545
00938600
00938622
00938638
00938755
00938773
00938790
00938869
00939007
00939044
00939202
00939234
00939283
00939305
00939385
00939399
00939400
00939417
00939438
00939446
00939600
00939671
00939740
00939784
00939792
00939795
00939832
00939848
00939851
00939924
00939969
00940007
00940027
00940032
00940034
00940175
00940197
00940305
00940442
00940462
00940477
00940478
00940479
00940487
00940515
00940531
00940558
00940596
00940663
00940686
00940697
00940698
00940699
00940706
00940799
00940872
00940890
00940903
00940923
00940957
00940968
00941092
00941120
00941234
00941395
00941400
00941425
00941445
00941461
00941585
00941780
00941787
00941807
00941853
00941892
00941904
00941915
00941946
00942009
00942066
00942132
00942148
00942179
00942192
00942193
00942237
00942247
00942317
00942335
00942460
00942516
00942519
00942558
00942559
00942561
00942567
00942579
00942589
00942872
00943080
00943081
00943086
00943178
00943199
00943269
00943282
00943320
00943326
00943353
00943378
00943395
00943401
00943438
00943507
00943508
00943537
00943671
00943704
00943707
00943769
00943772
00943931
00943960
00944073
00944078
00944084
00944097
00944111
00944142
00944421
00944427
00944452
00944454
00944519
00944557
00944578
00944600
00944611
00944628
00944630
00944684
00944693
00944706
00944711
00944716
00944721
00944728
00944730
00944753
00944757
00944766
00944845
00944850
00944851
00944853
00944856
00944857
00944858
00944878
00944881
00944883
00944895
00944921
00944923
00944948
00944964
00944978
00945040
00945108
00945115
00945125
00945205
00945231
00945239
00945240
00945287
00945341
00945354
00945378
00945389
00945445
00945447
00945479
00945509
00945534
00945559
00945680
00945727
00945752
00945840
00945945
00946115
00946116
00946129
00946212
00946265
00946273
00946447
00946498
00946552
00946580
00946684
00946802
00946864
00946966
00946989
00946992
00946993
00947008
00947013
00947016
00947039
00947074
00947077
00947113
00947126
00947167
00947168
00947181
00947192
00947200
00947217
00947228
00947233
00947243
00947249
00947261
00947268
00947283
00947302
00947315
00947324
00947343
00947346
00947361
00947364
00947365
00947388
00947407
00947448
00947492
00947516
00947555
00947646
00947701
00947761
00947912
00948066
00948100
00948118
00948127
00948161
00948278
00948307
00948327
00948353
00948485
00948526
00948644
00948701
00948737
00948804
00948847
00948883
00948914
00948930
00948955
00948982
00949016
00949021
00949053
00949054
00949059
00949094
00949315
00949429
00949445
00949455
00949461
00949507
00949517
00949573
00949686
00949774
00949805
00949897
00949968
00950032
00950146
00950155
00950156
00950279
00950285
00950344
00950353
00950421
00950427
00950496
00950554
00950592
00950621
00950869
00950902
00951031
00951250
00951296
00951299
00951331
00951348
00951368
00951461
00951462
00951598
00951599
00951614
00951636
00951644
00951661
00951675
00951701
00951702
00951787
00951789
00951816
00951820
00951825
00951857
00951870
00951896
00951946
00951955
00951977
00952058
00952141
00952149
00952229
00952244
00952265
00952272
00952277
00952287
00952339
00952345
00952357
00952394
00952396
00952435
00952469
00952473
00952498
00952500
00952547
00952574
00952615
00952627
00952721
00952855
00952856
00952864
00952865
00952869
00952925
00952992
00953079
00953081
00953084
00953128
00953157
00953162
00953171
00953183
00953185
00953197
00953267
00953313
00953324
00953342
00953410
00953440
00953442
00953450
00953461
00953525
00953661
00953687
00953692
00953699
00953715
00953734
00953790
00953794
00953799
00953834
00953865
00953960
00954037
00954045
00954131
00954194
00954208
00954230
00954241
00954274
00954282
00954299
00954434
00954604
00954786
00954812
00954819
00954821
00954823
00954918
00954954
00954957
00955013
00955057
00955063
00955083
00955085
00955098
00955108
00955164
00955201
00955246
00955413
00955422
00955509
00955531
00955560
00955564
00955578
00955679
00955802
00955895
00955914
00955944
00955987
00956006
00956062
00956065
00956137
00956142
00956157
00956173
00956200
00956205
00956253
00956254
00956365
00956366
00956442
00956460
00956507
00956518
00956548
00956584
00956591
00956592
00956601
00956700
00956701
00956703
00956705
00956740
00956756
00956766
00956767
00956807
00956821
00956822
00956841
00956855
00956878
00956889
00956910
00956922
00956946
00956970
00956977
00956985
00956992
00957086
00957176
00957185
00957201
00957229
00957231
00957235
00957247
00957336
00957386
00957429
00957481
00957506
00957515
00957566
00957570
00957586
00957667
00957669
00957686
00957732
00957761
00957930
00957936
00958076
00958078
00958080
00958081
00958082
00958083
00958092
00958105
00958111
00958137
00958189
00958433
00958439
00958508
00958590
00958599
00958620
00958621
00958642
00958693
00958713
00958714
00958738
00958740
00958777
00958781
00958783
00958813
00958823
00958826
00958911
00958921
00958924
00958952
00958981
00958982
00959037
00959054
00959062
00959066
00959090
00959096
00959097
00959119
00959144
00959239
00959242
00959265
00959348
00959369
00959384
00959510
00959523
00959524
00959560
00959622
00959642
00959700
00959884
00959942
00959951
00959991
00960026
00960044
00960221
00960284
00960406
00960407
00960415
00960416
00960446
00960492
00960586
00960679
00960702
00960723
00960763
00960780
00961004
00961101
00961178
00961291
00961322
00961368
00961413
00961429
00961436
00961439
00961468
00961494
00961613
00961616
00961618
00961622
00961642
00961707
00961760
00961798
00961875
00961914
00961917
00961923
00961931
00961932
00961934
00961981
00962051
00962095
00962120
00962127
00962252
00962296
00962312
00962360
00962386
00962411
00962448
00962449
00962455
00962465
00962471
00962526
00962623
00962624
00962645
00962681
00962702
00962792
00962793
00962929
00962959
00963076
00963156
00963161
00963246
00963418
00963448
00963455
00963531
00963538
00963565
00963566
00963590
00963730
00963774
00963791
00963795
00963796
00963798
00963811
00963877
00963895
00963927
00963929
00963968
00963975
00963983
00964016
00964021
00964023
00964059
00964103
00964140
00964141
00964151
00964160
00964253
00964263
00964272
00964305
00964315
00964325
00964341
00964386
00964423
00964428
00964433
00964440
00964483
00964518
00964554
00964560
00964565
00964569
00964577
00964594
00964599
00964601
00964608
00964623
00964653
00964692
00964842
00964924
00964925
00964939
00964995
00964997
00964998
00965004
00965036
00965045
00965094
00965168
00965279
00965324
00965591
00965666
00965685
00965703
00965806
00965906
00965991
00966078
00966189
00966190
00966192
00966202
00966213
00966367
00966369
00966462
00966553
00966554
00966575
00966695
00966704
00966762
00966763
00966770
00966772
00966777
00966783
00966784
00966796
00966817
00966827
00966830
00966832
00966842
00966869
00966877
00966888
00966891
00966911
00966920
00966925
00966928
00967038
00967041
00967052
00967080
00967086
00967101
00967136
00967138
00967186
00967207
00967267
00967308
00967330
00967382
00967385
00967388
00967411
00967494
00967508
00967532
00967600
00967632
00967682
00967819
00967982
00967993
00968023
00968118
00968223
00968258
00968259
00968329
00968363
00968366
00968379
00968457
00968501
00968546
00968551
00968582
00968612
00968658
00968682
00968696
00968715
00968716
00968717
00968740
00968741
00968753
00968764
00968768
00968779
00968782
00968789
00968806
00968825
00968831
00968836
00968837
00968861
00968879
00968905
00968909
00968912
00968937
00969059
00969061
00969169
00969183
00969185
00969309
00969338
00969343
00969377
00969380
00969391
00969469
00969527
00969653
00969706
00969824
00969850
00969857
00969905
00969927
00969970
00969992
00970134
00970185
00970264
00970339
00970595
00970643
00970737
00970765
00970874
00970972
00971022
00971049
00971124
00971223
00971263
00971436
00971486
00971518
00971599
00971606
00971634
00971679
00971684
00971689
00971749
00971751
00971986
00971989
00972011
00972017
00972068
00972069
00972094
00972137
00972151
00972155
00972165
00972167
00972174
00972182
00972183
00972208
00972215
00972253
00972309
00972340
00972384
00972416
00972421
00972422
00972453
00972512
00972521
00972529
00972558
00972559
00972564
00972606
00972636
00972638
00972640
00972646
00972655
00972768
00972783
00972802
00972947
00972957
00972969
00972972
00972985
00973052
00973085
00973099
00973109
00973138
00973139
00973142
00973165
00973202
00973379
00973542
00973590
00973655
00973658
00973702
00973726
00973736
00973739
00973833
00973910
00973928
00973930
00974030
00974189
00974239
00974298
00974327
00974407
00974424
00974449
00974460
00974466
00974519
00974560
00974582
00974584
00974657
00974711
00974714
00974738
00974740
00974752
00974756
00974760
00974790
00974792
00974793
00974799
00974853
00974889
00974931
00975020
00975077
00975113
00975132
00975148
00975193
00975215
00975242
00975275
00975277
00975322
00975354
00975389
00975429
00975435
00975506
00975507
00975547
00975578
00975601
00975711
00975753
00975799
00975810
00975811
00975815
00975821
00975905
00975906
00975913
00975938
00975939
00975945
00975955
00975958
00975969
00976030
00976090
00976150
00976153
00976214
00976284
00976436
00976493
00976608
00976679
00976685
00976700
00976867
00976870
00976924
00976954
00976955
00976966
00976993
00976996
00977059
00977291
00977311
00977385
00977407
00977411
00977449
00977500
00977523
00977569
00977603
00977619
00977624
00977690
00977712
00977785
00977795
00977804
00977863
00977876
00977971
00977983
00977997
00978000
00978009
00978014
00978023
00978044
00978048
00978059
00978072
00978085
00978131
00978136
00978171
00978178
00978212
00978249
00978253
00978260
00978271
00978294
00978295
00978300
00978306
00978354
00978387
00978394
00978434
00978443
00978449
00978450
00978473
00978730
00978772
00978799
00978855
00978944
00979008
00979030
00979164
00979208
00979307
00979342
00979422
00979517
00979540
00979560
00979562
00979646
00979748
00979808
00979811
00979817
00979824
00979995
00980035
00980062
00980083
00980090
00980097
00980153
00980171
00980174
00980247
00980251
00980258
00980279
00980285
00980297
00980299
00980304
00980397
00980473
00980514
00980549
00980574
00980663
00980682
00980697
00980835
00980976
00980999
00981102
00981276
00981349
00981352
00981417
00981435
00981498
00981501
00981506
00981509
00981568
00981603
00981640
00981661
00981667
00981763
00981824
00981859
00981892
00981895
00981983
00982016
00982018
00982019
00982022
00982047
00982093
00982098
00982116
00982133
00982139
00982143
00982145
00982174
00982176
00982191
00982199
00982209
00982216
00982235
00982259
00982296
00982300
00982331
00982333
00982334
00982340
00982372
00982375
00982380
00982483
00982501
00982503
00982599
00982610
00982678
00982694
00982699
00982745
00982763
00982935
00982948
00982983
00983068
00983087
00983143
00983155
00983163
00983229
00983251
00983258
00983286
00983303
00983313
00983324
00983350
00983421
00983529
00983627
00983637
00983665
00983668
00983764
00983833
00983834
00983854
00983864
00983875
00983882
00983911
00983918
00983942
00984053
00984113
00984114
00984290
00984497
00984587
00984589
00984596
00984603
00984620
00984653
00984741
00984747
00984789
00984807
00984895
00985075
00985122
00985346
00985384
00985431
00985476
00985493
00985504
00985505
00985506
00985507
00985511
00985528
00985567
00985575
00985600
00985630
00985640
00985754
00985777
00985841
00985844
00985846
00985974
00986004
00986037
00986042
00986106
00986143
00986176
00986180
00986201
00986202
00986214
00986228
00986245
00986268
00986302
00986319
00986372
00986373
00986375
00986405
00986468
00986485
00986486
00986530
00986553
00986580
00986584
00986585
00986602
00986603
00986605
00986608
00986611
00986618
00986620
00986628
00986638
00986639
00986664
00986683
00986699
00986706
00986718
00986783
00986790
00986792
00986824
00986825
00986836
00986897
00986911
00986914
00986958
00986968
00986986
00987001
00987103
00987111
00987113
00987163
00987242
00987265
00987396
00987504
00987625
00987685
00987730
00987735
00987753
00987775
00987838
00987900
00987915
00987926
00988016
00988038
00988039
00988051
00988076
00988193
00988196
00988264
00988338
00988349
00988350
00988366
00988403
00988406
00988420
00988458
00988474
00988477
00988487
00988493
00988503
00988515
00988550
00988585
00988595
00988647
00988753
00988755
00988783
00988787
00988807
00988838
00988846
00988862
00988903
00988936
00988954
00988972
00988987
00989066
00989067
00989073
00989138
00989152
00989256
00989261
00989291
00989407
00989668
00989743
00989747
00989773
00989891
00989964
00990126
00990224
00990270
00990326
00990654
00990683
00990711
00990754
00990797
00990849
00990886
00990887
00990895
00990924
00990925
00990935
00990938
00990941
00990963
00991096
00991127
00991132
00991133
00991136
00991167
00991178
00991219
00991245
00991262
00991295
00991308
00991351
00991411
00991466
00991564
00991580
00991623
00991638
00991710
00991736
00991763
00991765
00991786
00991798
00991801
00991818
00991848
00991852
00991889
00991891
00991909
00991923
00991949
00991956
00991958
00991976
00992029
00992249
00992459
00992502
00992522
00992529
00992592
00992729
00992797
00992835
00992945
00993037
00993116
00993123
00993171
00993182
00993188
00993195
00993214
00993316
00993325
00993334
00993344
00993383
00993410
00993423
00993433
00993442
00993451
00993453
00993479
00993560
00993569
00993574
00993579
00993591
00993661
00993684
00993703
00993798
00993896
00993902
00993911
00993922
00994082
00994090
00994251
00994440
00994458
00994459
00994529
00994672
00994721
00994777
00994778
00994793
00994794
00994810
00994823
00994834
00995078
00995096
00995193
00995216
00995237
00995289
00995298
00995412
00995417
00995441
00995487
00995507
00995525
00995534
00995536
00995571
00995583
00995590
00995606
00995616
00995633
00995640
00995682
00995737
00995768
00995775
00995788
00995896
00995897
00995903
00995994
00996035
00996053
00996055
00996126
00996161
00996177
00996238
00996259
00996283
00996290
00996312
00996390
00996467
00996497
00996597
00996624
00996701
00996719
00996761
00996825
00996830
00996886
00996892
00996977
00997002
00997044
00997080
00997103
00997119
00997134
00997138
00997146
00997177
00997362
00997402
00997424
00997507
00997515
00997529
00997544
00997574
00997580
00997581
00997594
00997616
00997618
00997679
00997777
00997820
00997885
00997921
00997923
00998089
00998102
00998112
00998207
00998260
00998302
00998387
00998430
00998433
00998490
00998510
00998596
00998614
00998709
00998744
00998750
00998794
00998828
00998898
00998965
00998978
00998989
00999030
00999109
00999187
00999271
00999290
00999291
00999299
00999350
00999356
00999364
00999458
00999546
00999562
00999567
00999570
00999575
00999610
00999654
00999661
00999740
00999753
00999787
00999834
00999837
00999842
00999893
00999927
00999939
00999942
00999968
00999998
01000007
01000018
01000067
01000081
01000125
01000172
01000214
01000231
01000260
01000275
01000308
01000313
01000320
01000364
01000366
01000382
01000436
01000459
01000483
01000510
01000511
01000513
01000514
01000546
01000552
01000565
01000619
01000622
01000841
01000856
01001022
01001061
01001075
01001076
01001094
01001104
01001114
01001132
01001142
01001360
01001405
01001528
01001547
01001556
01001605
01001609
01001745
01001784
01001804
01001835
01001854
01001862
01001888
01001903
01001917
01001966
01002110
01002172
01002195
01002215
01002218
01002500
01002560
01002602
01002630
01002678
01002725
01002756
01002762
01002814
01002839
01002950
01002989
01003059
01003074
01003096
01003112
01003128
01003165
01003190
01003270
01003280
01003390
01003407
01003414
01003439
01003482
01003497
01003578
01003589
01003603
01003611
01003693
01003712
01003725
01003792
01003819
01003909
01003918
01003979
01004051
01004060
01004069
01004086
01004115
01004123
01004243
01004321
01004397
01004413
01004492
01004493
01004512
01004520
01004525
01004674
01004688
01004764
01004792
01004793
01004878
01004890
01004972
01004984
01004993
01005009
01005020
01005034
01005092
01005153
01005178
01005181
01005224
01005272
01005333
01005342
01005343
01005360
01005387
01005388
01005394
01005409
01005422
01005456
01005458
01005507
01005523
01005541
01005544
01005547
01005556
01005592
01005597
01005611
01005637
01005652
01005659
01005660
01005663
01005689
01005770
01005778
01005809
01005810
01005811
01005840
01005872
01005875
01006009
01006039
01006058
01006063
01006068
01006077
01006083
01006150
01006151
01006179
01006191
01006220
01006222
01006245
01006318
01006327
01006340
01006341
01006352
01006433
01006622
01006685
01006700
01006710
01006757
01006776
01006817
01006824
01006833
01006910
01006972
01006980
01007001
01007013
01007098
01007129
01007175
01007177
01007259
01007334
01007394
01007430
01007436
01007626
01007632
01007698
01007772
01007779
01007894
01007899
01008037
01008069
01008123
01008127
01008146
01008157
01008222
01008294
01008368
01008425
01008449
01008453
01008462
01008475
01008483
01008520
01008521
01008522
01008543
01008553
01008566
01008581
01008583
01008643
01008648
01008649
01008653
01008655
01008656
01008657
01008658
01008709
01008710
01008711
01008717
01008750
01008801
01008884
01008890
01008921
01008929
01008934
01008960
01008963
01009069
01009073
01009124
01009132
01009163
01009206
01009255
01009280
01009356
01009400
01009402
01009414
01009470
01009478
01009484
01009496
01009590
01009660
01009707
01009731
01009781
01009848
01009890
01009929
01009932
01009969
01010056
01010062
01010063
01010075
01010081
01010104
01010192
01010194
01010196
01010199
01010238
01010239
01010324
01010333
01010341
01010349
01010377
01010414
01010415
01010416
01010421
01010426
01010454
01010462
01010463
01010473
01010480
01010575
01010583
01010592
01010606
01010634
01010655
01010694
01010742
01010751
01010758
01010777
01010782
01010882
01010884
01010885
01010994
01011026
01011030
01011032
01011048
01011189
01011230
01011265
01011342
01011359
01011456
01011471
01011496
01011632
01011658
01011712
01011732
01011757
01011941
01011993
01011996
01012032
01012052
01012056
01012130
01012132
01012138
01012241
01012242
01012255
01012258
01012293
01012308
01012317
01012324
01012325
01012326
01012338
01012376
01012396
01012399
01012430
01012433
01012438
01012498
01012521
01012535
01012573
01012589
01012615
01012645
01012662
01012665
01012681
01012686
01012691
01012719
01012738
01012755
01012822
01012858
01013003
01013068
01013098
01013198
01013205
01013442
01013516
01013525
01013528
01013576
01013586
01013605
01013715
01013718
01013723
01013738
01013751
01013769
01013811
01013839
01013878
01013939
01013977
01013979
01014007
01014022
01014028
01014032
01014040
01014098
01014101
01014103
01014124
01014145
01014202
01014212
01014224
01014229
01014291
01014298
01014322
01014323
01014353
01014406
01014455
01014460
01014662
01014718
01014985
01015011
01015089
01015132
01015162
01015282
01015284
01015296
01015302
01015315
01015368
01015556
01015606
01015610
01015772
01015821
01015857
01015927
01015931
01015944
01015960
01016102
01016104
01016130
01016139
01016140
01016142
01016165
01016167
01016175
01016176
01016199
01016203
01016346
01016351
01016356
01016382
01016409
01016454
01016455
01016478
01016508
01016535
01016537
01016581
01016600
01016602
01016604
01016619
01016623
01016628
01016629
01016653
01016770
01016825
01016879
01016970
01016993
01016995
01017234
01017245
01017346
01017372
01017462
01017568
01017601
01017620
01017646
01017653
01017674
01017705
01017723
01017812
01017888
01017901
01017936
01017944
01017961
01017966
01017986
01018052
01018079
01018217
01018252
01018271
01018300
01018322
01018328
01018333
01018346
01018398
01018407
01018426
01018437
01018475
01018525
01018548
01018562
01018568
01018601
01018602
01018608
01018617
01018802
01018848
01018897
01018915
01018985
01019041
01019052
01019071
01019251
01019459
01019479
01019587
01019623
01019637
01019645
01019655
01019701
01019705
01019744
01019797
01019916
01019919
01019931
01019933
01019944
01019958
01019962
01019997
01020015
01020031
01020045
01020124
01020129
01020160
01020161
01020206
01020287
01020290
01020293
01020371
01020375
01020432
01020455
01020564
01020589
01020611
01020617
01020684
01020693
01020730
01020812
01020980
01021055
01021141
01021175
01021230
01021232
01021236
01021291
01021313
01021340
01021599
01021606
01021657
01021687
01021692
01021755
01021758
01021770
01021861
01021911
01021948
01021957
01022120
01022205
01022228
01022252
01022274
01022308
01022356
01022365
01022454
01022525
01022537
01022541
01022656
01022921
01022926
01022950
01022978
01022998
01023015
01023027
01023246
01023351
01023365
01023372
01023393
01023475
01023507
01023579
01023668
01023748
01023800
01023848
01023853
01023867
01023887
01023899
01023903
01023929
01023970
01024010
01024068
01024072
01024074
01024175
01024177
01024179
01024190
01024191
01024192
01024198
01024251
01024270
01024320
01024323
01024332
01024333
01024337
01024381
01024417
01024469
01024513
01024520
01024527
01024608
01024735
01024736
01024874
01025014
01025056
01025057
01025068
01025084
01025085
01025109
01025140
01025172
01025205
01025222
01025232
01025257
01025282
01025380
01025406
01025421
01025539
01025552
01025562
01025603
01025608
01025614
01025631
01025676
01025679
01025687
01025764
01025802
01025832
01025835
01025904
01025923
01025928
01025970
01025976
01026012
01026013
01026090
01026121
01026156
01026220
01026253
01026274
01026300
01026306
01026316
01026323
01026333
01026397
01026458
01026490
01026522
01026560
01026575
01026621
01026814
01026908
01026911
01026944
01026954
01027091
01027114
01027155
01027325
01027345
01027353
01027365
01027369
01027371
01027457
01027465
01027625
01027644
01027665
01027666
01027673
01027693
01027720
01027749
01027753
01027754
01027768
01027794
01027802
01027807
01027837
01027866
01027889
01027900
01027909
01027921
01027933
01027993
01028030
01028031
01028084
01028099
01028176
01028230
01028317
01028463
01028530
01028622
01028665
01028716
01028739
01028765
01028772
01028800
01028818
01028824
01028826
01028827
01028834
01028839
01028863
01028871
01028881
01028891
01028936
01028937
01028947
01028977
01029043
01029066
01029169
01029194
01029199
01029279
01029289
01029290
01029291
01029303
01029313
01029354
01029363
01029372
01029399
01029450
01029496
01029563
01029571
01029589
01029648
01029657
01029787
01029843
01029854
01029901
01029939
01029953
01029963
01029969
01030014
01030055
01030068
01030092
01030126
01030180
01030213
01030348
01030399
01030443
01030483
01030624
01030628
01030689
01030694
01030710
01030750
01030751
01030756
01030772
01030817
01030837
01030844
01030849
01030855
01030872
01030882
01030912
01030915
01030924
01030933
01030959
01030961
01030968
01030995
01031138
01031159
01031172
01031189
01031199
01031240
01031381
01031483
01031489
01031507
01031552
01031578
01031592
01031630
01031865
01031866
01031867
01031892
01031922
01031947
01032019
01032048
01032053
01032054
01032072
01032133
01032161
01032163
01032205
01032217
01032230
01032233
01032234
01032240
01032254
01032288
01032305
01032306
01032309
01032312
01032314
01032511
01032514
01032602
01032639
01032657
01032664
01032665
01032666
01032668
01032674
01032677
01032719
01032730
01032737
01032758
01032763
01032771
01032780
01032911
01032984
01033079
01033145
01033158
01033208
01033295
01033297
01033335
01033353
01033386
01033433
01033542
01033557
01033575
01033576
01033608
01033656
01033688
01033995
01033999
01034058
01034200
01034201
01034293
01034311
01034318
01034334
01034340
01034364
01034366
01034404
01034411
01034417
01034418
01034437
01034443
01034444
01034445
01034491
01034493
01034526
01034547
01034564
01034606
01034622
01034630
01034632
01034647
01034691
01034702
01034814
01034847
01034917
01035006
01035014
01035165
01035194
01035263
01035279
01035282
01035337
01035367
01035386
01035443
01035466
01035473
01035543
01035586
01035620
01035621
01035635
01035658
01035683
01035696
01035714
01035719
01035720
01035726
01035727
01035751
01035783
01035796
01035864
01035870
01036017
01036038
01036056
01036086
01036120
01036139
01036156
01036187
01036211
01036280
01036293
01036294
01036298
01036314
01036363
01036395
01036416
01036659
01036767
01036816
01036917
01036940
01036941
01036948
01036975
01036990
01036994
01037028
01037031
01037069
01037197
01037217
01037221
01037358
01037395
01037502
01037582
01037583
01037617
01037629
01037650
01037656
01037659
01037715
01037716
01037756
01037935
01038021
01038025
01038035
01038111
01038124
01038130
01038140
01038152
01038154
01038168
01038214
01038249
01038256
01038271
01038333
01038357
01038363
01038374
01038380
01038385
01038394
01038396
01038402
01038405
01038418
01038440
01038503
01038512
01038520
01038575
01038580
01038608
01038612
01038616
01038672
01038710
01038737
01038753
01038817
01038818
01038873
01038897
01038926
01038972
01039036
01039092
01039104
01039122
01039130
01039209
01039334
01039428
01039518
01039532
01039570
01039596
01039624
01039630
01039640
01039661
01039695
01039721
01039743
01039757
01039762
01039770
01039796
01039843
01039852
01039865
01039904
01039913
01039931
01039946
01039995
01040083
01040114
01040174
01040305
01040308
01040327
01040382
01040417
01040436
01040457
01040476
01040533
01040534
01040559
01040567
01040618
01040840
01040869
01040884
01040933
01040992
01041197
01041233
01041307
01041382
01041397
01041479
01041480
01041481
01041569
01041579
01041585
01041629
01041640
01041655
01041716
01041730
01041739
01041765
01041808
01041819
01041822
01041830
01041840
01041854
01041911
01041940
01041945
01042022
01042068
01042173
01042244
01042267
01042271
01042286
01042294
01042296
01042357
01042358
01042360
01042370
01042393
01042411
01042412
01042425
01042438
01042444
01042456
01042466
01042557
01042653
01042679
01042720
01042727
01042765
01042770
01042776
01042781
01042808
01042836
01042875
01043018
01043031
01043103
01043175
01043249
01043313
01043376
01043380
01043400
01043425
01043481
01043485
01043570
01043592
01043632
01043648
01043860
01043932
01043952
01043961
01044025
01044145
01044213
01044275
01044291
01044436
01044502
01044521
01044538
01044541
01044570
01044586
01044802
01044846
01044877
01044878
01044920
01044921
01044940
01044943
01044955
01044957
01044961
01044982
01044991
01045036
01045070
01045107
01045112
01045114
01045168
01045169
01045186
01045246
01045268
01045297
01045332
01045345
01045375
01045560
01045604
01045642
01045644
01045700
01045727
01045732
01045754
01045787
01045863
01045879
01045889
01045914
01045930
01045947
01046032
01046039
01046063
01046067
01046069
01046073
01046083
01046084
01046111
01046152
01046216
01046229
01046241
01046270
01046351
01046385
01046451
01046463
01046591
01046593
01046601
01046640
01046703
01046890
01046976
01047074
01047091
01047169
01047193
01047199
01047263
01047308
01047552
01047564
01047568
01047580
01047596
01047625
01047679
01047680
01047701
01047704
01047751
01047822
01047858
01047904
01047906
01047971
01048034
01048051
01048102
01048103
01048113
01048119
01048123
01048128
01048131
01048147
01048158
01048164
01048209
01048238
01048270
01048273
01048375
01048382
01048391
01048458
01048503
01048506
01048526
01048559
01048572
01048594
01048629
01048630
01048736
01048759
01048782
01048831
01048961
01048969
01048997
01049100
01049162
01049199
01049240
01049244
01049307
01049315
01049327
01049369
01049384
01049511
01049526
01049569
01049584
01049602
01049605
01049623
01049628
01049636
01049668
01049693
01049706
01049716
01049717
01049734
01049746
01049749
01049781
01049782
01049813
01049831
01049844
01049848
01049865
01049884
01049895
01049954
01049994
01050012
01050027
01050046
01050055
01050087
01050117
01050122
01050144
01050203
01050238
01050248
01050253
01050288
01050396
01050461
01050466
01050471
01050515
01050525
01050582
01050750
01050756
01050782
01050783
01050787
01050870
01050973
01050979
01051037
01051085
01051103
01051123
01051217
01051257
01051379
01051380
01051426
01051428
01051438
01051553
01051584
01051585
01051600
01051662
01051670
01051671
01051673
01051677
01051724
01051745
01051754
01051772
01051775
01051897
01051899
01051921
01051922
01051923
01051946
01051959
01051999
01052008
01052077
01052080
01052222
01052352
01052395
01052401
01052415
01052533
01052601
01052661
01052694
01052706
01052710
01052720
01052723
01052730
01052745
01052756
01052763
01052844
01052874
01052912
01052921
01052929
01052974
01053001
01053017
01053034
01053061
01053104
01053130
01053192
01053218
01053298
01053343
01053361
01053374
01053496
01053531
01053599
01053613
01053632
01053662
01053685
01053716
01053720
01053723
01053744
01053745
01053764
01053873
01053888
01053911
01053963
01053966
01054043
01054072
01054190
01054216
01054220
01054234
01054247
01054249
01054270
01054370
01054388
01054404
01054408
01054413
01054468
01054503
01054522
01054524
01054571
01054614
01054646
01054653
01054666
01054673
01054727
01054740
01054742
01054756
01054763
01054769
01054776
01054777
01054779
01054780
01054789
01054799
01054803
01054805
01054818
01054849
01054854
01054868
01054893
01054924
01054936
01054967
01054970
01054983
01054984
01055003
01055009
01055031
01055052
01055053
01055067
01055068
01055069
01055078
01055081
01055119
01055157
01055182
01055183
01055184
01055186
01055188
01055189
01055317
01055318
01055355
01055360
01055369
01055386
01055394
01055476
01055480
01055489
01055540
01055635
01055645
01055649
01055691
01055702
01055758
01055808
01055886
01055906
01055923
01055932
01055994
01055996
01056132
01056163
01056193
01056230
01056231
01056240
01056263
01056268
01056272
01056275
01056283
01056284
01056294
01056308
01056373
01056392
01056396
01056406
01056407
01056413
01056419
01056431
01056443
01056446
01056481
01056506
01056530
01056543
01056559
01056564
01056565
01056576
01056638
01056641
01056642
01056643
01056668
01056718
01056720
01056725
01056735
01056752
01056766
01056786
01056808
01056814
01056867
01056871
01056882
01056922
01056937
01056940
01056977
01057008
01057038
01057044
01057106
01057199
01057354
01057369
01057406
01057462
01057501
01057618
01057652
01057660
01057665
01057667
01057706
01057723
01057724
01057867
01057885
01057913
01057962
01058066
01058070
01058122
01058123
01058142
01058178
01058197
01058325
01058328
01058347
01058391
01058442
01058463
01058508
01058558
01058559
01058661
01058703
01058762
01058799
01058803
01058850
01058861
01058894
01058909
01058910
01058912
01058927
01058963
01058964
01058975
01058978
01058980
01058987
01058994
01058998
01059048
01059051
01059077
01059096
01059099
01059104
01059122
01059131
01059167
01059198
01059259
01059260
01059276
01059322
01059374
01059405
01059508
01059536
01059582
01059606
01059610
01059614
01059647
01059660
01059704
01059885
01059891
01059900
01059901
01059911
01059928
01059974
01060002
01060029
01060094
01060156
01060171
01060176
01060179
01060242
01060319
01060404
01060420
01060421
01060432
01060433
01060452
01060543
01060590
01060594
01060601
01060710
01060772
01060834
01060841
01060860
01060884
01060914
01060938
01060944
01060946
01060957
01061054
01061055
01061058
01061068
01061107
01061196
01061197
01061258
01061279
01061340
01061489
01061527
01061529
01061533
01061539
01061553
01061574
01061683
01061748
01061776
01061777
01061820
01061849
01061860
01061888
01061897
01061945
01061967
01061968
01062019
01062034
01062038
01062043
01062044
01062052
01062068
01062079
01062093
01062094
01062098
01062108
01062113
01062136
01062142
01062148
01062176
01062191
01062201
01062223
01062273
01062296
01062316
01062348
01062383
01062389
01062390
01062405
01062442
01062481
01062483
01062516
01062556
01062579
01062593
01062677
01062679
01062688
01062725
01062756
01062767
01062772
01062775
01062803
01062838
01062849
01062879
01062925
01062950
01062967
01062973
01063052
01063159
01063205
01063263
01063277
01063313
01063332
01063333
01063353
01063377
01063434
01063517
01063520
01063553
01063555
01063572
01063573
01063689
01063690
01063698
01063780
01063783
01063842
01063898
01063925
01063947
01063967
01063979
01063983
01063999
01064011
01064021
01064027
01064047
01064048
01064052
01064061
01064064
01064075
01064102
01064131
01064150
01064162
01064163
01064193
01064232
01064233
01064319
01064345
01064364
01064370
01064381
01064398
01064418
01064480
01064485
01064499
01064511
01064517
01064538
01064545
01064572
01064607
01064611
01064621
01064627
01064708
01064721
01064737
01064754
01064756
01064766
01064782
01064783
01064804
01064842
01064901
01064916
01064931
01064936
01064951
01064953
01064979
01065001
01065040
01065064
01065067
01065080
01065081
01065104
01065110
01065126
01065139
01065166
01065167
01065211
01065212
01065214
01065241
01065252
01065293
01065294
01065314
01065403
01065460
01065464
01065494
01065495
01065496
01065539
01065541
01065587
01065589
01065646
01065666
01065698
01065746
01065749
01065777
01065796
01065797
01065843
01065905
01065959
01066019
01066057
01066085
01066103
01066175
01066210
01066297
01066300
01066325
01066341
01066350
01066365
01066385
01066425
01066427
01066528
01066550
01066565
01066566
01066680
01066684
01066704
01066731
01066746
01066753
01066757
01066836
01066841
01066903
01066915
01066924
01066942
01067058
01067068
01067070
01067075
01067099
01067117
01067135
01067142
01067146
01067149
01067175
01067199
01067229
01067277
01067301
01067373
01067378
01067397
01067434
01067445
01067463
01067466
01067494
01067522
01067523
01067524
01067525
01067558
01067580
01067637
01067679
01067681
01067693
01067707
01067719
01067737
01067743
01067762
01067764
01067765
01067769
01067819
01067824
01067849
01067851
01067857
01067870
01067871
01067881
01067886
01067900
01067904
01067911
01067913
01067922
01067960
01067962
01067978
01067985
01068008
01068013
01068020
01068022
01068024
01068025
01068028
01068058
01068061
01068063
01068066
01068085
01068092
01068095
01068128
01068153
01068175
01068188
01068198
01068261
01068266
01068269
01068297
01068300
01068311
01068312
01068315
01068334
01068363
01068400
01068412
01068421
01068439
01068458
01068502
01068505
01068507
01068530
01068540
01068590
01068591
01068669
01068825
01068921
01068932
01068933
01068979
01069006
01069077
01069090
01069130
01069131
01069163
01069172
01069240
01069255
01069295
01069296
01069328
01069364
01069405
01069445
01069501
01069510
01069563
01069621
01069669
01069721
01069780
01069883
01069899
01069998
01070054
01070066
01070077
01070107
01070117
01070263
01070271
01070301
01070303
01070324
01070334
01070345
01070445
01070461
01070514
01070533
01070543
01070561
01070577
01070610
01070654
01070673
01070679
01070690
01070692
01070746
01070778
01070816
01070848
01070851
01070953
01070986
01071020
01071031
01071034
01071066
01071089
01071114
01071132
01071137
01071144
01071150
01071215
01071228
01071235
01071259
01071273
01071280
01071289
01071333
01071344
01071347
01071389
01071392
01071497
01071508
01071537
01071574
01071575
01071611
01071628
01071714
01071743
01071786
01071802
01071859
01071889
01071954
01071967
01071976
01071986
01071990
01071993
01072056
01072068
01072080
01072106
01072110
01072190
01072196
01072216
01072236
01072275
01072379
01072385
01072420
01072445
01072458
01072511
01072513
01072538
01072559
01072581
01072623
01072774
01072816
01072819
01072896
01072926
01072947
01072953
01072974
01072988
01073022
01073036
01073040
01073077
01073163
01073175
01073182
01073184
01073204
01073245
01073246
01073266
01073379
01073401
01073424
01073438
01073459
01073475
01073476
01073480
01073505
01073508
01073517
01073525
01073530
01073535
01073543
01073557
01073561
01073562
01073563
01073567
01073572
01073600
01073675
01073692
01073735
01073787
01073795
01073833
01073849
01073866
01073897
01073922
01073945
01073951
01073980
01073992
01073999
01074004
01074064
01074079
01074106
01074108
01074337
01074370
01074433
01074434
01074462
01074463
01074489
01074490
01074591
01074605
01074634
01074690
01074694
01074696
01074697
01074716
01074730
01074815
01074870
01074896
01074897
01074910
01074912
01074928
01074941
01074950
01074973
01074984
01075025
01075040
01075059
01075110
01075111
01075125
01075140
01075148
01075155
01075281
01075339
01075388
01075406
01075452
01075463
01075479
01075484
01075519
01075530
01075579
01075603
01075690
01075762
01075766
01075770
01075815
01075840
01075851
01075863
01075912
01076024
01076031
01076032
01076073
01076093
01076125
01076155
01076171
01076217
01076333
01076341
01076349
01076395
01076396
01076403
01076424
01076556
01076665
01076688
01076708
01076720
01076731
01076840
01077046
01077055
01077115
01077130
01077131
01077136
01077197
01077208
01077224
01077242
01077270
01077277
01077281
01077308
01077318
01077336
01077338
01077354
01077407
01077415
01077445
01077481
01077484
01077523
01077544
01077545
01077563
01077672
01077693
01077716
01077725
01077746
01077760
01077768
01077776
01077781
01077790
01077791
01077803
01077870
01077900
01077902
01077941
01077957
01077958
01077981
01078007
01078090
01078118
01078174
01078177
01078180
01078183
01078209
01078235
01078290
01078305
01078326
01078440
01078486
01078495
01078538
01078594
01078647
01078650
01078680
01078717
01078718
01078742
01078812
01078816
01078943
01079063
01079114
01079135
01079142
01079150
01079169
01079174
01079176
01079235
01079265
01079302
01079431
01079462
01079477
01079489
01079538
01079539
01079541
01079588
01079614
01079615
01079628
01079651
01079688
01079744
01079795
01079803
01079848
01079854
01079894
01080023
01080123
01080127
01080138
01080158
01080168
01080192
01080300
01080312
01080317
01080320
01080330
01080331
01080332
01080334
01080391
01080392
01080426
01080429
01080453
01080521
01080542
01080553
01080573
01080582
01080588
01080603
01080616
01080635
01080636
01080661
01080675
01080678
01080740
01080848
01080871
01080872
01080901
01080902
01080958
01081002
01081042
01081090
01081118
01081135
01081169
01081174
01081177
01081196
01081263
01081304
01081307
01081345
01081347
01081361
01081362
01081426
01081613
01081639
01081644
01081645
01081652
01081657
01081668
01081672
01081733
01081735
01081776
01081777
01081826
01081839
01081861
01081932
01081992
01081993
01082047
01082053
01082080
01082125
01082126
01082128
01082183
01082228
01082254
01082281
01082296
01082303
01082304
01082306
01082381
01082394
01082421
01082450
01082466
01082557
01082602
01082650
01082730
01082770
01082771
01082772
01082813
01082816
01082831
01082877
01082911
01082992
01083039
01083082
01083083
01083098
01083157
01083158
01083159
01083180
01083217
01083226
01083288
01083362
01083363
01083364
01083379
01083541
01083602
01083621
01083644
01083647
01083687
01083698
01083746
01083758
01083759
01083790
01083827
01083838
01083876
01083877
01083884
01083906
01083919
01083962
01083995
01084007
01084015
01084103
01084109
01084116
01084240
01084248
01084252
01084257
01084284
01084285
01084286
01084290
01084294
01084400
01084480
01084500
01084501
01084503
01084504
01084529
01084543
01084711
01084715
01084738
01084754
01084755
01084767
01084768
01084769
01084775
01084791
01084842
01084848
01084850
01084887
01084888
01084936
01084952
01085048
01085049
01085121
01085127
01085132
01085142
01085181
01085289
01085296
01085319
01085359
01085398
01085468
01085529
01085585
01085636
01085704
01085732
01085813
01085825
01085843
01085877
01085946
01085964
01085969
01085970
01086004
01086018
01086050
01086064
01086074
01086164
01086166
01086168
01086170
01086198
01086221
01086231
01086269
01086318
01086319
01086357
01086400
01086416
01086515
01086547
01086627
01086660
01086661
01086662
01086669
01086674
01086689
01086719
01086722
01086731
01086754
01086790
01086803
01086878
01086885
01086889
01086894
01086909
01086921
01086923
01086940
01086950
01087001
01087043
01087047
01087053
01087079
01087310
01087421
01087442
01087446
01087452
01087486
01087496
01087543
01087544
01087545
01087546
01087547
01087550
01087551
01087575
01087611
01087617
01087624
01087710
01087803
01087952
01088022
01088075
01088100
01088101
01088168
01088175
01088180
01088184
01088349
01088351
01088402
01088404
01088405
01088409
01088410
01088435
01088490
01088492
01088561
01088574
01088586
01088658
01088666
01088674
01088686
01088718
01088726
01088738
01088740
01088751
01088830
01088840
01088841
01088875
01088876
01088877
01088905
01088909
01088934
01088947
01088948
01088950
01088951
01089005
01089047
01089069
01089070
01089161
01089166
01089195
01089196
01089304
01089410
01089430
01089431
01089448
01089477
01089478
01089519
01089520
01089585
01089589
01089610
01089620
01089720
01089732
01089739
01089740
01089821
01089902
01089918
01089975
01090009
01090095
01090102
01090113
01090132
01090138
01090170
01090175
01090194
01090264
01090323
01090324
01090332
01090344
01090373
01090386
01090395
01090403
01090415
01090420
01090459
01090526
01090573
01090590
01090596
01090610
01090625
01090686
01090688
01090710
01090757
01090765
01090767
01090788
01090842
01090871
01090882
01090883
01090884
01090885
01091032
01091036
01091083
01091110
01091116
01091123
01091126
01091150
01091159
01091160
01091208
01091285
01091348
01091387
01091388
01091389
01091390
01091391
01091408
01091422
01091423
01091428
01091468
01091518
01091537
01091601
01091619
01091655
01091678
01091697
01091741
01091748
01091785
01091787
01091870
01091936
01091970
01091971
01091986
01092060
01092066
01092172
01092215
01092219
01092246
01092259
01092278
01092303
01092306
01092308
01092313
01092320
01092360
01092441
01092475
01092531
01092539
01092542
01092582
01092586
01092604
01092660
01092707
01092809
01092810
01092811
01092812
01092835
01092882
01092916
01092921
01092923
01092944
01092945
01092950
01092976
01093034
01093035
01093042
01093062
01093073
01093085
01093135
01093171
01093193
01093194
01093216
01093263
01093326
01093370
01093371
01093387
01093397
01093433
01093441
01093443
01093444
01093453
01093454
01093577
01093650
01093658
01093666
01093668
01093669
01093676
01093681
01093683
01093739
01093750
01093755
01093841
01093942
01093951
01093964
01093967
01094001
01094022
01094023
01094041
01094097
01094134
01094135
01094175
01094276
01094299
01094300
01094304
01094345
01094379
01094419
01094514
01094517
01094616
01094740
01094741
01094763
01094781
01094821
01094822
01094823
01094824
01094827
01094828
01094858
01094859
01094872
01094889
01094901
01094902
01094904
01094908
01094909
01094928
01095005
01095006
01095011
01095027
01095042
01095074
01095075
01095077
01095158
01095180
01095231
01095250
01095257
01095268
01095269
01095278
01095301
01095327
01095361
01095367
01095390
01095434
01095480
01095488
01095495
01095497
01095502
01095516
01095517
01095518
01095519
01095520
01095521
01095559
01095565
01095710
01095712
01095728
01095814
01095837
01095874
01095897
01095965
01095992
01095995
01095996
01096014
01096066
01096067
01096166
01096310
01096322
01096352
01096409
01096429
01096463
01096467
01096482
01096573
01096575
01096576
01096580
01096653
01096678
01096680
01096701
01096703
01096705
01096720
01096731
01096795
01096835
01096836
01096855
01096860
01096960
01096980
01097026
01097083
01097165
01097181
01097201
01097326
01097379
01097396
01097449
01097479
01097486
01097487
01097489
01097490
01097530
01097538
01097539
01097565
01097637
01097647
01097648
01097653
01097657
01097720
01097773
01097774
01097781
01097782
01097811
01097857
01097921
01098050
01098057
01098066
01098072
01098112
01098151
01098194
01098285
01098334
01098337
01098380
01098396
01098417
01098418
01098419
01098444
01098475
01098530
01098651
01098655
01098656
01098659
01098696
01098793
01098794
01098801
01098823
01098833
01098859
01098954
01098989
01099000
01099041
01099075
01099080
01099081
01099111
01099125
01099174
01099200
01099208
01099231
01099237
01099248
01099271
01099289
01099299
01099324
01099356
01099402
01099420
01099421
01099441
01099469
01099490
01099491
01099512
01099513
01099514
01099524
01099536
01099554
01099596
01099609
01099632
01099654
01099752
01099759
01099837
01099852
01099869
01099896
01099932
01099986
01100069
01100117
01100119
01100141
01100197
01100234
01100236
01100373
01100390
01100492
01100497
01100552
01100584
01100591
01100601
01100646
01100723
01100743
01100785
01100808
01100812
01100821
01100830
01100831
01100834
01100837
01100978
01101069
01101070
01101116
01101129
01101154
01101278
01101287
01101293
01101312
01101331
01101354
01101396
01101400
01101402
01101423
01101444
01101488
01101515
01101521
01101573
01101574
01101647
01101675
01101789
01101832
01101834
01101839
01101873
01101878
01101925
01101930
01101933
01101950
01101975
01101983
01101988
01102005
01102096
01102101
01102115
01102138
01102139
01102190
01102211
01102220
01102234
01102237
01102261
01102313
01102324
01102341
01102347
01102349
01102364
01102429
01102455
01102456
01102457
01102473
01102499
01102500
01102505
01102573
01102597
01102615
01102619
01102628
01102654
01102664
01102685
01102690
01102691
01102692
01102716
01102717
01102761
01102801
01102810
01102919
01102925
01102947
01102958
01102959
01102960
01102987
01103053
01103058
01103072
01103158
01103243
01103248
01103261
01103309
01103320
01103321
01103329
01103452
01103504
01103543
01103544
01103559
01103623
01103682
01103694
01103712
01103720
01103724
01103765
01103778
01103779
01103849
01103852
01103859
01103867
01103893
01103905
01103942
01103948
01103981
01103990
01103991
01104024
01104038
01104042
01104077
01104090
01104140
01104178
01104209
01104221
01104222
01104225
01104239
01104242
01104257
01104263
01104339
01104367
01104421
01104472
01104482
01104543
01104558
01104572
01104591
01104596
01104608
01104617
01104643
01104649
01104653
01104661
01104683
01104684
01104687
01104700
01104765
01104772
01104775
01104793
01104807
01104821
01104824
01104832
01104835
01104847
01104848
01104858
01104873
01104907
01104936
01104949
01104950
01104951
01104961
01104977
01104978
01104991
01104992
01105018
01105092
01105113
01105116
01105136
01105140
01105148
01105149
01105150
01105154
01105160
01105169
01105317
01105318
01105328
01105331
01105363
01105364
01105405
01105406
01105407
01105414
01105418
01105429
01105442
01105455
01105471
01105472
01105497
01105506
01105530
01105531
01105547
01105552
01105603
01105604
01105611
01105612
01105636
01105637
01105733
01105736
01105761
01105919
01105929
01105939
01105941
01105942
01105944
01105987
01106156
01106184
01106201
01106202
01106236
01106264
01106289
01106312
01106395
01106416
01106443
01106468
01106522
01106589
01106592
01106616
01106618
01106710
01106779
01106812
01106842
01106844
01106868
01106884
01106886
01106887
01106942
01107031
01107041
01107044
01107055
01107058
01107059
01107061
01107081
01107134
01107137
01107161
01107178
01107188
01107189
01107192
01107205
01107250
01107252
01107264
01107265
01107275
01107282
01107339
01107395
01107408
01107420
01107479
01107501
01107536
01107592
01107597
01107601
01107608
01107617
01107622
01107682
01107683
01107823
01107859
01107860
01108021
01108022
01108032
01108096
01108103
01108104
01108139
01108165
01108203
01108242
01108253
01108255
01108264
01108268
01108271
01108282
01108285
01108286
01108312
01108321
01108325
01108346
01108363
01108399
01108407
01108434
01108449
01108470
01108480
01108521
01108534
01108541
01108544
01108552
01108573
01108625
01108637
01108642
01108655
01108688
01108780
01108790
01108926
01108943
01108959
01109006
01109022
01109024
01109049
01109060
01109061
01109062
01109097
01109116
01109238
01109242
01109246
01109279
01109283
01109311
01109317
01109319
01109330
01109364
01109405
01109410
01109415
01109416
01109418
01109432
01109482
01109515
01109635
01109665
01109701
01109774
01109799
01109818
01109848
01109879
01109893
01109949
01109973
01109974
01109986
01109997
01110015
01110018
01110058
01110063
01110083
01110085
01110086
01110105
01110114
01110119
01110124
01110143
01110156
01110177
01110221
01110249
01110290
01110317
01110320
01110336
01110350
01110381
01110389
01110396
01110430
01110447
01110448
01110451
01110466
01110541
01110657
01110848
01111027
01111039
01111040
01111066
01111113
01111164
01111207
01111223
01111291
01111292
01111391
01111410
01111503
01111621
01111688
01111734
01111754
01111774
01111835
01111840
01111852
01111858
01111863
01111864
01111892
01111895
01111899
01111930
01111967
01112037
01112041
01112042
01112088
01112089
01112110
01112127
01112150
01112153
01112164
01112166
01112168
01112173
01112183
01112200
01112201
01112203
01112247
01112255
01112279
01112319
01112325
01112338
01112342
01112343
01112353
01112356
01112358
01112430
01112434
01112474
01112480
01112482
01112488
01112492
01112502
01112530
01112537
01112611
01112691
01112705
01112719
01112724
01112740
01112749
01112776
01112778
01112788
01112806
01112873
01112890
01112891
01112907
01112926
01112961
01112963
01113022
01113084
01113086
01113109
01113142
01113158
01113207
01113317
01113352
01113378
01113459
01113487
01113517
01113518
01113553
01113555
01113582
01113599
01113638
01113703
01113711
01113801
01113815
01113846
01113847
01113859
01113892
01113938
01113954
01113956
01113966
01114033
01114046
01114047
01114097
01114106
01114121
01114122
01114142
01114153
01114167
01114181
01114198
01114208
01114229
01114232
01114238
01114241
01114271
01114286
01114294
01114316
01114326
01114387
01114409
01114410
01114446
01114544
01114556
01114603
01114676
01114721
01114724
01114789
01114825
01114827
01114866
01114886
01114905
01114909
01114913
01114966
01114988
01115004
01115017
01115036
01115055
01115133
01115233
01115269
01115284
01115285
01115313
01115331
01115333
01115415
01115422
01115443
01115455
01115484
01115491
01115521
01115593
01115596
01115627
01115649
01115671
01115725
01115730
01115732
01115823
01115917
01115933
01115979
01116045
01116047
01116056
01116080
01116090
01116095
01116104
01116152
01116156
01116157
01116167
01116182
01116202
01116236
01116238
01116241
01116242
01116289
01116295
01116314
01116380
01116401
01116411
01116438
01116450
01116476
01116519
01116529
01116549
01116560
01116612
01116666
01116755
01116767
01116768
01116771
01116798
01116799
01116836
01116871
01116872
01116876
01116884
01116904
01116921
01116922
01116939
01116996
01116997
01117132
01117152
01117213
01117214
01117220
01117224
01117235
01117286
01117298
01117337
01117377
01117384
01117430
01117494
01117503
01117504
01117505
01117506
01117535
01117575
01117580
01117581
01117585
01117631
01117638
01117648
01117662
01117734
01117786
01117794
01117871
01117886
01117908
01118034
01118055
01118076
01118085
01118195
01118198
01118215
01118217
01118236
01118237
01118244
01118253
01118256
01118285
01118303
01118321
01118330
01118332
01118333
01118334
01118360
01118375
01118381
01118388
01118398
01118496
01118517
01118546
01118547
01118575
01118576
01118595
01118608
01118609
01118617
01118629
01118666
01118688
01118725
01118754
01118762
01118784
01118785
01118853
01118904
01118905
01118927
01118978
01119041
01119050
01119067
01119068
01119082
01119134
01119151
01119177
01119205
01119282
01119311
01119327
01119330
01119371
01119404
01119427
01119469
01119479
01119483
01119486
01119540
01119574
01119584
01119657
01119669
01119676
01119730
01119861
01119882
01119921
01119938
01119972
01120033
01120064
01120072
01120111
01120135
01120146
01120154
01120166
01120184
01120192
01120202
01120232
01120247
01120263
01120279
01120295
01120309
01120318
01120346
01120353
01120383
01120386
01120407
01120408
01120456
01120484
01120494
01120504
01120506
01120588
01120612
01120636
01120690
01120705
01120706
01120737
01120743
01120750
01120781
01120809
01120819
01120822
01120826
01120838
01120871
01120872
01120873
01120889
01120955
01120962
01120985
01120986
01120993
01121001
01121006
01121007
01121013
01121027
01121065
01121073
01121090
01121092
01121130
01121140
01121147
01121158
01121166
01121167
01121190
01121217
01121223
01121233
01121317
01121420
01121472
01121478
01121530
01121772
01121813
01121857
01121876
01121961
01121968
01121985
01121987
01121989
01122016
01122022
01122039
01122055
01122060
01122087
01122101
01122130
01122143
01122151
01122249
01122256
01122258
01122260
01122279
01122298
01122314
01122318
01122327
01122377
01122383
01122393
01122417
01122443
01122462
01122468
01122480
01122491
01122508
01122520
01122522
01122532
01122536
01122552
01122588
01122596
01122635
01122694
01122739
01122740
01122771
01122773
01122784
01122806
01122826
01122855
01122866
01122872
01122873
01122887
01122929
01122950
01122969
01122977
01123033
01123035
01123056
01123057
01123058
01123083
01123131
01123141
01123161
01123223
01123234
01123235
01123299
01123309
01123371
01123374
01123392
01123427
01123477
01123491
01123542
01123543
01123545
01123584
01123586
01123671
01123684
01123700
01123717
01123733
01123741
01123742
01123743
01123778
01123787
01123789
01123829
01123862
01123882
01123885
01123887
01123889
01123896
01123898
01123939
01123947
01123982
01123993
01123995
01123996
01124026
01124027
01124035
01124036
01124059
01124086
01124096
01124111
01124112
01124113
01124114
01124120
01124129
01124130
01124131
01124132
01124142
01124148
01124149
01124150
01124151
01124176
01124177
01124218
01124289
01124329
01124331
01124348
01124357
01124375
01124421
01124439
01124444
01124455
01124464
01124477
01124482
01124489
01124503
01124570
01124574
01124605
01124634
01124637
01124638
01124654
01124666
01124703
01124707
01124722
01124806
01124811
01124822
01124844
01124862
01124891
01124900
01124987
01125023
01125027
01125041
01125042
01125050
01125052
01125084
01125087
01125109
01125146
01125185
01125195
01125199
01125200
01125303
01125319
01125330
01125353
01125409
01125453
01125464
01125509
01125516
01125544
01125556
01125566
01125570
01125573
01125633
01125644
01125645
01125663
01125664
01125672
01125678
01125740
01125744
01125767
01125822
01125830
01125841
01125856
01125861
01125865
01125871
01125872
01125900
01125927
01125931
01125933
01125938
01125945
01125965
01125966
01125974
01125975
01125983
01125997
01126001
01126005
01126008
01126014
01126022
01126062
01126069
01126071
01126082
01126083
01126084
01126108
01126112
01126135
01126151
01126185
01126186
01126203
01126204
01126229
01126241
01126242
01126247
01126250
01126253
01126275
01126298
01126321
01126326
01126338
01126339
01126343
01126349
01126354
01126355
01126356
01126360
01126361
01126373
01126386
01126402
01126404
01126409
01126413
01126419
01126426
01126451
01126460
01126467
01126468
01126470
01126477
01126496
01126506
01126521
01126524
01126542
01126550
01126551
01126558
01126577
01126585
01126609
01126611
01126636
01126644
01126645
01126720
01126812
01126823
01126892
01126894
01126909
01126911
01126914
01127007
01127012
01127025
01127131
01127159
01127190
01127191
01127228
01127261
01127271
01127288
01127358
01127388
01127389
01127418
01127439
01127455
01127511
01127532
01127544
01127545
01127572
01127597
01127611
01127615
01127627
01127648
01127667
01127704
01127773
01127836
01127842
01127847
01127866
01127876
01127928
01127935
01127955
01127984
01127985
01127989
01128018
01128024
01128043
01128046
01128047
01128054
01128063
01128084
01128128
01128151
01128219
01128220
01128249
01128259
01128269
01128292
01128317
01128337
01128344
01128371
01128385
01128398
01128399
01128404
01128408
01128418
01128434
01128460
01128464
01128478
01128518
01128590
01128610
01128616
01128636
01128649
01128650
01128667
01128709
01128718
01128725
01128747
01128757
01128792
01128795
01128807
01128822
01128823
01128824
01128825
01128845
01128900
01128943
01128957
01128959
01128961
01128965
01128987
01129050
01129062
01129063
01129066
01129067
01129084
01129108
01129110
01129111
01129112
01129113
01129121
01129235
01129298
01129318
01129326
01129341
01129408
01129416
01129499
01129552
01129556
01129574
01129584
01129617
01129772
01129781
01129785
01129808
01129815
01129843
01129854
01129897
01129898
01129900
01129901
01129902
01129943
01129948
01129982
01129988
01129991
01129994
01130019
01130023
01130060
01130075
01130095
01130170
01130305
01130322
01130361
01130387
01130391
01130397
01130437
01130489
01130525
01130532
01130545
01130566
01130569
01130589
01130593
01130644
01130651
01130707
01130733
01130756
01130768
01130787
01130796
01130831
01130841
01130881
01130935
01130962
01131027
01131043
01131058
01131071
01131096
01131111
01131119
01131239
01131240
01131261
01131275
01131331
01131391
01131420
01131459
01131510
01131513
01131514
01131561
01131568
01131573
01131581
01131585
01131615
01131688
01131701
01131758
01131788
01131826
01131836
01131840
01131862
01131890
01131896
01131916
01131931
01131988
01132027
01132031
01132041
01132045
01132057
01132069
01132094
01132113
01132129
01132151
01132155
01132176
01132183
01132195
01132226
01132238
01132250
01132251
01132270
01132277
01132312
01132329
01132330
01132331
01132387
01132390
01132396
01132412
01132463
01132466
01132480
01132489
01132516
01132517
01132576
01132593
01132613
01132623
01132646
01132658
01132670
01132671
01132672
01132673
01132678
01132694
01132731
01132751
01132843
01132845
01132849
01132851
01132867
01132870
01132871
01132912
01132916
01132933
01132936
01132962
01133007
01133046
01133061
01133154
01133173
01133189
01133194
01133195
01133215
01133293
01133311
01133350
01133352
01133357
01133363
01133373
01133376
01133379
01133420
01133450
01133469
01133478
01133482
01133507
01133510
01133527
01133537
01133538
01133541
01133554
01133586
01133606
01133621
01133648
01133662
01133682
01133747
01133752
01133764
01133786
01133863
01133942
01133987
01134003
01134032
01134038
01134043
01134116
01134120
01134131
01134208
01134222
01134223
01134252
01134307
01134332
01134341
01134402
01134422
01134429
01134479
01134484
01134605
01134626
01134636
01134645
01134649
01134656
01134662
01134667
01134677
01134681
01134686
01134703
01134710
01134719
01134731
01134739
01134748
01134760
01134770
01134775
01134791
01134794
01134804
01134813
01134819
01134823
01134830
01134833
01134843
01134844
01134858
01134873
01134882
01134888
01134908
01134921
01134947
01134953
01134964
01134965
01134970
01134971
01135020
01135030
01135069
01135075
01135092
01135119
01135156
01135182
01135188
01135195
01135217
01135256
01135287
01135291
01135309
01135336
01135337
01135349
01135358
01135371
01135397
01135425
01135442
01135453
01135480
01135502
01135568
01135578
01135597
01135598
01135618
01135659
01135730
01135736
01135769
01135777
01135876
01135884
01135885
01135889
01135898
01135959
01136006
01136007
01136009
01136016
01136060
01136077
01136123
01136128
01136148
01136168
01136174
01136245
01136263
01136289
01136300
01136302
01136404
01136443
01136504
01136505
01136522
01136523
01136529
01136541
01136547
01136585
01136611
01136620
01136646
01136710
01136731
01136760
01136784
01136819
01136822
01136889
01136926
01136957
01136980
01136993
01136994
01136998
01137009
01137077
01137081
01137091
01137107
01137118
01137136
01137141
01137156
01137172
01137176
01137182
01137200
01137224
01137226
01137232
01137239
01137245
01137246
01137254
01137255
01137256
01137266
01137276
01137297
01137303
01137313
01137323
01137324
01137370
01137371
01137404
01137410
01137411
01137425
01137460
01137479
01137480
01137500
01137514
01137538
01137539
01137549
01137550
01137558
01137564
01137594
01137595
01137599
01137615
01137635
01137658
01137745
01137769
01137775
01137827
01137828
01137830
01137843
01137847
01137863
01137869
01137885
01137953
01137977
01137980
01137991
01138000
01138003
01138032
01138052
01138058
01138094
01138153
01138197
01138240
01138246
01138248
01138249
01138256
01138259
01138260
01138261
01138262
01138263
01138276
01138309
01138314
01138344
01138351
01138357
01138366
01138367
01138379
01138389
01138412
01138413
01138428
01138448
01138490
01138508
01138531
01138551
01138556
01138559
01138564
01138632
01138670
01138683
01138689
01138749
01138754
01138806
01138808
01138809
01138840
01138850
01138854
01138963
01138972
01138974
01138975
01138979
01139035
01139053
01139054
01139104
01139107
01139116
01139134
01139135
01139148
01139176
01139184
01139185
01139192
01139200
01139226
01139230
01139232
01139245
01139254
01139268
01139283
01139303
01139322
01139345
01139348
01139349
01139354
01139389
01139393
01139396
01139397
01139398
01139404
01139405
01139421
01139423
01139436
01139469
01139486
01139565
01139578
01139610
01139652
01139662
01139700
01139708
01139716
01139724
01139774
01139786
01139791
01139808
01139810
01139840
01139859
01139873
01139886
01139902
01139914
01139916
01139934
01139940
01139945
01139961
01139981
01139987
01139988
01140014
01140020
01140033
01140056
01140081
01140136
01140141
01140145
01140170
01140171
01140172
01140211
01140229
01140246
01140263
01140308
01140319
01140321
01140327
01140333
01140391
01140412
01140420
01140450
01140505
01140613
01140655
01140709
01140716
01140733
01140734
01140745
01140749
01140775
01140795
01140869
01140906
01140917
01140979
01141000
01141009
01141033
01141075
01141079
01141102
01141112
01141118
01141120
01141124
01141130
01141138
01141140
01141142
01141145
01141191
01141201
01141218
01141220
01141229
01141261
01141266
01141267
01141268
01141299
01141301
01141308
01141309
01141315
01141354
01141370
01141390
01141391
01141406
01141408
01141501
01141546
01141576
01141630
01141637
01141651
01141661
01141686
01141687
01141723
01141725
01141726
01141734
01141806
01141810
01141818
01141824
01141828
01141834
01141842
01141852
01141854
01141873
01141874
01141893
01141939
01141949
01141990
01141994
01141999
01142046
01142055
01142057
01142084
01142115
01142136
01142139
01142169
01142213
01142238
01142275
01142372
01142395
01142404
01142447
01142491
01142514
01142534
01142553
01142561
01142597
01142602
01142648
01142651
01142664
01142688
01142695
01142710
01142722
01142744
01142752
01142756
01142762
01142766
01142770
01142771
01142783
01142816
01142819
01143012
01143054
01143063
01143098
01143099
01143134
01143203
01143212
01143218
01143294
01143295
01143296
01143328
01143405
01143429
01143436
01143439
01143470
01143474
01143495
01143498
01143531
01143556
01143557
01143571
01143573
01143574
01143597
01143610
01143707
01143723
01143724
01143770
01143844
01143886
01143930
01144028
01144091
01144115
01144158
01144183
01144192
01144247
01144262
01144278
01144322
01144324
01144329
01144375
01144395
01144401
01144410
01144420
01144441
01144461
01144464
01144498
01144515
01144519
01144520
01144542
01144548
01144593
01144600
01144613
01144622
01144630
01144640
01144688
01144697
01144698
01144699
01144721
01144730
01144772
01144839
01144880
01144952
01144957
01144958
01144970
01144971
01144985
01145015
01145030
01145049
01145105
01145106
01145121
01145152
01145193
01145225
01145246
01145280
01145282
01145296
01145305
01145315
01145346
01145366
01145386
01145426
01145438
01145460
01145461
01145537
01145573
01145637
01145681
01145737
01145842
01145863
01145891
01145897
01145902
01145964
01145984
01145996
01146002
01146029
01146134
01146217
01146218
01146275
01146314
01146318
01146355
01146358
01146392
01146403
01146419
01146431
01146437
01146474
01146501
01146515
01146523
01146526
01146535
01146546
01146557
01146578
01146579
01146607
01146614
01146616
01146621
01146636
01146646
01146672
01146689
01146704
01146711
01146726
01146737
01146779
01146814
01146826
01146913
01146938
01146946
01146961
01146970
01146972
01146975
01147007
01147090
01147091
01147114
01147117
01147236
01147253
01147278
01147284
01147286
01147292
01147298
01147318
01147353
01147359
01147388
01147460
01147464
01147503
01147504
01147575
01147600
01147612
01147638
01147647
01147651
01147656
01147688
01147710
01147718
01147782
01147784
01147788
01147791
01147819
01147829
01147834
01147835
01147843
01147945
01147947
01147950
01147966
01147987
01147988
01147989
01147990
01148064
01148112
01148119
01148134
01148142
01148161
01148299
01148308
01148331
01148389
01148390
01148445
01148552
01148579
01148606
01148658
01148714
01148840
01148843
01148880
01148886
01148960
01148970
01149005
01149018
01149058
01149061
01149066
01149075
01149080
01149103
01149105
01149106
01149163
01149175
01149193
01149202
01149221
01149239
01149241
01149275
01149276
01149391
01149405
01149423
01149431
01149462
01149486
01149490
01149507
01149512
01149559
01149575
01149576
01149601
01149607
01149612
01149614
01149622
01149681
01149720
01149739
01149740
01149822
01149833
01149834
01149835
01149851
01149855
01149876
01149891
01149903
01149919
01149992
01149999
01150012
01150013
01150020
01150022
01150024
01150037
01150046
01150056
01150064
01150080
01150107
01150186
01150195
01150204
01150218
01150223
01150275
01150315
01150321
01150329
01150387
01150398
01150411
01150420
01150493
01150532
01150591
01150597
01150695
01150696
01150743
01150813
01150856
01150907
01150982
01150983
01150986
01151008
01151017
01151020
01151039
01151053
01151079
01151089
01151113
01151261
01151297
01151388
01151483
01151490
01151511
01151583
01151587
01151614
01151692
01151711
01151778
01151801
01151821
01151822
01151823
01151842
01151910
01151935
01151940
01151941
01151954
01151959
01151960
01151988
01152007
01152019
01152022
01152024
01152027
01152047
01152073
01152088
01152098
01152102
01152108
01152135
01152144
01152149
01152151
01152162
01152165
01152173
01152181
01152213
01152229
01152233
01152264
01152284
01152291
01152320
01152321
01152344
01152346
01152356
01152359
01152365
01152378
01152381
01152396
01152406
01152467
01152469
01152475
01152516
01152523
01152609
01152632
01152677
01152744
01152756
01152766
01152777
01152806
01152823
01152830
01152870
01152878
01152879
01152894
01152896
01152937
01152944
01152959
01152961
01152976
01152987
01153005
01153006
01153007
01153041
01153052
01153064
01153097
01153099
01153106
01153113
01153118
01153127
01153153
01153162
01153168
01153181
01153183
01153184
01153186
01153195
01153203
01153312
01153313
01153314
01153379
01153631
01153663
01153664
01153732
01153749
01153784
01153810
01154026
01154048
01154052
01154061
01154080
01154122
01154172
01154180
01154199
01154203
01154218
01154239
01154244
01154300
01154317
01154320
01154363
01154374
01154404
01154405
01154429
01154446
01154447
01154448
01154485
01154494
01154496
01154497
01154500
01154537
01154542
01154544
01154547
01154548
01154575
01154576
01154581
01154623
01154645
01154646
01154647
01154685
01154700
01154702
01154707
01154759
01154822
01154825
01154835
01154847
01154861
01154870
01154887
01154893
01154900
01154903
01154915
01154916
01154936
01154938
01154968
01155000
01155040
01155088
01155172
01155205
01155262
01155301
01155309
01155313
01155331
01155339
01155362
01155372
01155381
01155387
01155388
01155450
01155451
01155455
01155520
01155568
01155580
01155662
01155665
01155670
01155743
01155758
01155763
01155766
01155779
01155780
01155781
01155834
01155860
01155878
01155899
01155916
01156000
01156050
01156064
01156139
01156140
01156149
01156189
01156213
01156272
01156336
01156376
01156383
01156402
01156412
01156440
01156507
01156540
01156578
01156580
01156581
01156585
01156593
01156595
01156605
01156616
01156624
01156647
01156656
01156691
01156694
01156738
01156739
01156743
01156752
01156757
01156761
01156767
01156789
01156854
01156857
01156876
01157052
01157069
01157084
01157091
01157108
01157124
01157133
01157140
01157171
01157196
01157203
01157217
01157254
01157280
01157294
01157318
01157324
01157330
01157332
01157365
01157377
01157397
01157459
01157470
01157471
01157501
01157566
01157582
01157617
01157625
01157642
01157667
01157715
01157725
01157739
01157746
01157783
01157887
01157896
01157900
01158030
01158109
01158200
01158230
01158252
01158315
01158373
01158386
01158387
01158390
01158452
01158473
01158513
01158605
01158702
01158712
01158723
01158739
01158741
01158789
01158790
01158794
01158809
01158812
01158822
01158842
01158873
01158882
01158898
01158906
01158911
01158914
01158918
01158926
01158931
01158934
01158981
01159006
01159009
01159013
01159019
01159025
01159036
01159047
01159051
01159061
01159081
01159090
01159097
01159113
01159119
01159123
01159131
01159140
01159163
01159174
01159180
01159190
01159216
01159237
01159242
01159255
01159266
01159297
01159299
01159311
01159329
01159350
01159354
01159360
01159383
01159399
01159476
01159485
01159561
01159563
01159564
01159565
01159574
01159607
01159609
01159621
01159624
01159639
01159640
01159641
01159642
01159643
01159656
01159677
01159695
01159727
01159731
01159732
01159733
01159735
01159738
01159769
01159774
01159784
01159790
01159791
01159802
01159803
01159813
01159843
01159845
01159852
01159864
01159889
01159896
01159918
01159919
01159927
01159948
01159949
01159964
01159967
01159982
01159986
01159992
01160006
01160007
01160025
01160038
01160109
01160160
01160212
01160216
01160228
01160230
01160240
01160241
01160260
01160282
01160311
01160313
01160325
01160342
01160357
01160365
01160378
01160409
01160411
01160429
01160432
01160436
01160470
01160500
01160525
01160530
01160543
01160579
01160583
01160631
01160636
01160653
01160659
01160685
01160691
01160725
01160794
01160800
01160828
01160906
01160911
01160932
01160966
01160996
01161024
01161031
01161047
01161050
01161082
01161100
01161129
01161150
01161173
01161195
01161199
01161214
01161287
01161351
01161411
01161435
01161447
01161455
01161503
01161519
01161560
01161575
01161578
01161640
01161641
01161656
01161692
01161707
01161709
01161731
01161758
01161769
01161784
01161793
01161823
01161824
01161828
01161838
01161860
01161865
01161866
01161873
01161957
01161958
01161960
01161965
01161969
01161971
01161983
01161992
01161993
01162002
01162003
01162011
01162018
01162060
01162064
01162119
01162124
01162127
01162150
01162173
01162184
01162191
01162220
01162224
01162230
01162240
01162261
01162275
01162276
01162306
01162346
01162390
01162445
01162455
01162465
01162520
01162552
01162572
01162576
01162603
01162617
01162624
01162625
01162632
01162633
01162634
01162641
01162651
01162652
01162657
01162663
01162682
01162691
01162748
01162770
01162773
01162804
01162834
01162848
01162854
01162887
01162889
01162907
01162908
01162910
01162941
01162946
01162947
01162965
01162994
01163007
01163010
01163016
01163018
01163019
01163051
01163053
01163056
01163064
01163091
01163174
01163226
01163227
01163242
01163243
01163247
01163255
01163256
01163262
01163265
01163278
01163305
01163339
01163352
01163359
01163370
01163395
01163401
01163406
01163407
01163447
01163491
01163501
01163511
01163657
01163692
01163722
01163767
01163770
01163817
01163828
01163925
01164010
01164023
01164060
01164096
01164145
01164149
01164161
01164237
01164242
01164295
01164396
01164471
01164481
01164483
01164489
01164498
01164506
01164551
01164565
01164571
01164580
01164587
01164589
01164614
01164624
01164625
01164644
01164653
01164671
01164709
01164765
01164853
01164944
01164952
01164977
01164981
01164986
01164987
01164998
01165067
01165138
01165176
01165191
01165195
01165197
01165214
01165229
01165254
01165273
01165277
01165281
01165342
01165359
01165387
01165388
01165410
01165428
01165432
01165481
01165486
01165500
01165509
01165548
01165601
01165624
01165628
01165635
01165649
01165662
01165667
01165697
01165731
01165740
01165760
01165786
01165797
01165803
01165826
01165840
01165876
01165887
01165906
01165910
01165921
01166033
01166034
01166088
01166128
01166137
01166138
01166164
01166187
01166197
01166232
01166259
01166286
01166328
01166335
01166341
01166346
01166384
01166398
01166400
01166401
01166402
01166403
01166408
01166439
01166451
01166470
01166478
01166584
01166589
01166599
01166608
01166622
01166629
01166669
01166688
01166711
01166791
01166866
01166950
01167006
01167013
01167014
01167024
01167025
01167046
01167055
01167063
01167067
01167096
01167097
01167098
01167103
01167105
01167114
01167115
01167119
01167125
01167170
01167208
01167210
01167212
01167260
01167268
01167269
01167299
01167309
01167310
01167330
01167372
01167373
01167383
01167386
01167401
01167406
01167416
01167427
01167436
01167550
01167598
01167615
01167708
01167709
01167741
01167804
01167813
01167814
01167824
01167827
01167831
01167832
01167840
01167846
01167852
01167857
01167858
01167865
01167870
01167896
01167919
01167964
01167995
01168000
01168001
01168024
01168040
01168041
01168134
01168139
01168174
01168202
01168204
01168213
01168274
01168275
01168463
01168496
01168498
01168539
01168583
01168584
01168610
01168629
01168631
01168666
01168700
01168738
01168771
01168802
01168841
01168862
01168912
01168916
01168976
01169004
01169039
01169082
01169088
01169163
01169247
01169248
01169269
01169270
01169283
01169291
01169294
01169302
01169303
01169307
01169311
01169312
01169330
01169331
01169344
01169347
01169353
01169357
01169358
01169374
01169377
01169378
01169424
01169449
01169472
01169489
01169490
01169492
01169496
01169508
01169509
01169517
01169534
01169535
01169538
01169548
01169571
01169573
01169584
01169654
01169761
01169773
01169776
01169777
01169783
01169789
01169828
01169876
01169888
01169889
01169890
01169894
01169897
01169906
01169908
01169909
01169910
01169911
01169923
01169929
01169948
01169991
01169995
01169997
01170007
01170026
01170059
01170061
01170073
01170086
01170126
01170135
01170180
01170184
01170235
01170256
01170266
01170273
01170274
01170276
01170279
01170317
01170318
01170319
01170320
01170321
01170322
01170323
01170334
01170373
01170396
01170414
01170427
01170436
01170451
01170462
01170467
01170535
01170536
01170671
01170710
01170716
01170796
01171151
01171274
01171284
01171312
01171371
01171375
01171410
01171498
01171517
01171547
01171550
01171552
01171557
01171564
01171565
01171570
01171578
01171579
01171580
01171581
01171582
01171592
01171597
01171641
01171664
01171667
01171671
01171674
01171678
01171707
01171715
01171721
01171722
01171763
01171786
01171792
01171793
01171804
01171834
01171867
01171889
01171894
01171904
01171928
01171931
01171988
01172023
01172054
01172067
01172096
01172148
01172162
01172219
01172229
01172274
01172298
01172305
01172307
01172340
01172361
01172362
01172363
01172364
01172365
01172376
01172379
01172387
01172404
01172413
01172419
01172479
01172488
01172492
01172544
01172570
01172578
01172592
01172609
01172621
01172641
01172709
01172715
01172793
01172812
01172829
01172856
01172866
01172877
01172912
01172976
01172984
01172992
01173026
01173034
01173045
01173078
01173150
01173209
01173225
01173272
01173359
01173372
01173423
01173528
01173553
01173621
01173623
01173670
01173710
01173741
01173865
01173867
01173868
01173871
01173879
01173881
01173909
01173912
01173942
01173943
01173956
01173957
01173977
01173978
01173980
01173991
01173993
01174012
01174015
01174083
01174109
01174125
01174133
01174134
01174141
01174150
01174153
01174182
01174183
01174184
01174202
01174204
01174208
01174209
01174225
01174230
01174244
01174251
01174252
01174292
01174307
01174316
01174333
01174345
01174449
01174456
01174465
01174473
01174482
01174483
01174492
01174513
01174515
01174516
01174521
01174525
01174541
01174573
01174587
01174589
01174608
01174616
01174683
01174701
01174713
01174722
01174729
01174738
01174754
01174757
01174790
01174802
01174816
01174824
01174831
01174835
01174849
01174889
01174908
01174975
01175004
01175019
01175022
01175035
01175058
01175061
01175065
01175066
01175082
01175083
01175090
01175096
01175102
01175103
01175104
01175123
01175124
01175146
01175201
01175254
01175287
01175305
01175325
01175331
01175348
01175352
01175371
01175379
01175380
01175414
01175438
01175473
01175486
01175489
01175534
01175561
01175588
01175591
01175632
01175643
01175683
01175694
01175736
01175753
01175754
01175822
01175839
01175880
01175893
01175896
01175945
01175957
01175958
01175965
01175966
01175975
01175980
01176016
01176022
01176023
01176062
01176080
01176122
01176142
01176161
01176163
01176202
01176234
01176239
01176263
01176266
01176276
01176314
01176338
01176341
01176377
01176389
01176415
01176426
01176429
01176478
01176479
01176498
01176530
01176542
01176554
01176556
01176562
01176569
01176595
01176610
01176630
01176640
01176656
01176708
01176729
01176737
01176749
01176760
01176771
01176860
01176866
01176875
01176911
01176914
01176949
01176990
01176996
01177024
01177039
01177076
01177080
01177091
01177131
01177143
01177165
01177194
01177296
01177357
01177361
01177396
01177411
01177473
01177505
01177531
01177535
01177554
01177630
01177654
01177660
01177814
01177846
01177906
01177919
01177922
01177923
01177960
01177963
01177964
01178024
01178044
01178053
01178066
01178083
01178104
01178105
01178112
01178143
01178152
01178175
01178267
01178280
01178290
01178296
01178316
01178317
01178360
01178393
01178397
01178409
01178411
01178413
01178425
01178428
01178445
01178446
01178447
01178453
01178585
01178594
01178597
01178666
01178671
01178685
01178733
01178734
01178759
01178767
01178770
01178782
01178803
01178808
01178836
01178855
01178874
01178908
01178929
01178930
01178931
01178932
01178938
01178949
01178953
01178954
01178981
01178986
01178996
01178998
01179047
01179077
01179088
01179089
01179092
01179097
01179134
01179153
01179190
01179194
01179253
01179277
01179296
01179357
01179371
01179402
01179421
01179429
01179445
01179446
01179466
01179507
01179514
01179515
01179593
01179595
01179774
01179829
01179861
01179862
01179883
01179887
01179900
01179918
01179919
01179921
01179940
01179950
01179955
01179966
01179975
01179979
01180003
01180004
01180021
01180024
01180028
01180029
01180030
01180064
01180065
01180145
01180195
01180206
01180293
01180308
01180335
01180354
01180365
01180376
01180380
01180383
01180384
01180385
01180394
01180395
01180405
01180413
01180431
01180433
01180446
01180456
01180480
01180489
01180497
01180508
01180529
01180536
01180541
01180552
01180560
01180572
01180592
01180604
01180626
01180645
01180681
01180697
01180713
01180761
01180770
01180778
01180863
01180864
01180897
01180981
01181083
01181168
01181205
01181213
01181267
01181268
01181283
01181350
01181385
01181386
01181422
01181450
01181460
01181461
01181476
01181553
01181574
01181586
01181666
01181708
01181710
01181711
01181727
01181779
01181780
01181803
01181804
01181805
01181806
01181807
01181827
01181857
01181860
01181868
01181872
01181873
01181875
01181876
01181878
01181879
01181937
01181947
01181968
01181969
01182026
01182039
01182091
01182126
01182140
01182150
01182171
01182181
01182189
01182195
01182196
01182197
01182198
01182201
01182207
01182208
01182225
01182226
01182230
01182240
01182245
01182268
01182288
01182298
01182334
01182343
01182378
01182379
01182407
01182432
01182434
01182439
01182461
01182462
01182489
01182503
01182508
01182518
01182543
01182555
01182556
01182560
01182570
01182572
01182581
01182598
01182603
01182610
01182621
01182629
01182632
01182634
01182637
01182641
01182680
01182692
01182702
01182727
01182736
01182741
01182742
01182760
01182772
01182796
01182808
01182813
01182826
01182834
01182919
01182943
01182951
01182962
01182982
01183002
01183036
01183065
01183066
01183068
01183070
01183078
01183080
01183119
01183168
01183203
01183243
01183263
01183320
01183345
01183368
01183400
01183401
01183419
01183493
01183515
01183558
01183560
01183569
01183587
01183603
01183609
01183620
01183631
01183660
01183662
01183664
01183684
01183691
01183696
01183801
01183872
01183962
01183997
01184030
01184031
01184056
01184064
01184093
01184094
01184134
01184135
01184141
01184151
01184154
01184158
01184193
01184197
01184222
01184240
01184242
01184249
01184257
01184270
01184272
01184276
01184283
01184284
01184286
01184320
01184321
01184323
01184332
01184348
01184366
01184370
01184404
01184409
01184420
01184421
01184426
01184444
01184473
01184489
01184499
01184511
01184513
01184528
01184545
01184550
01184583
01184626
01184664
01184672
01184811
01184816
01184820
01184832
01184854
01184857
01184882
01184883
01184933
01184937
01184946
01184951
01184957
01184964
01184986
01184995
01185004
01185009
01185017
01185043
01185054
01185058
01185085
01185126
01185134
01185158
01185184
01185186
01185188
01185218
01185231
01185238
01185319
01185344
01185348
01185389
01185393
01185403
01185430
01185448
01185452
01185484
01185556
01185557
01185563
01185575
01185589
01185592
01185597
01185637
01185667
01185689
01185749
01185785
01185806
01185820
01185917
01185930
01185939
01185943
01185949
01186000
01186022
01186051
01186057
01186061
01186188
01186196
01186197
01186248
01186251
01186271
01186273
01186365
01186366
01186395
01186398
01186402
01186417
01186431
01186449
01186499
01186527
01186542
01186547
01186558
01186575
01186617
01186653
01186682
01186727
01186741
01186747
01186752
01186784
01186786
01186787
01186817
01186824
01186860
01186891
01186916
01186966
01187001
01187025
01187030
01187054
01187071
01187078
01187082
01187083
01187084
01187091
01187099
01187100
01187104
01187106
01187107
01187110
01187116
01187126
01187130
01187139
01187146
01187165
01187173
01187176
01187222
01187250
01187267
01187274
01187282
01187293
01187302
01187340
01187348
01187360
01187384
01187385
01187402
01187415
01187483
01187494
01187499
01187507
01187522
01187526
01187565
01187580
01187602
01187688
01187698
01187750
01187801
01187811
01187881
01187885
01187907
01187909
01187910
01187911
01187918
01187935
01187939
01187964
01187976
01187980
01187990
01187992
01187997
01188002
01188015
01188017
01188023
01188030
01188080
01188083
01188084
01188094
01188099
01188121
01188136
01188138
01188141
01188147
01188213
01188218
01188222
01188231
01188236
01188242
01188255
01188321
01188344
01188365
01188397
01188413
01188451
01188488
01188505
01188507
01188513
01188544
01188566
01188622
01188623
01188624
01188625
01188626
01188642
01188643
01188659
01188681
01188719
01188821
01188872
01188929
01188942
01189013
01189018
01189040
01189041
01189055
01189072
01189082
01189091
01189117
01189144
01189157
01189166
01189176
01189244
01189293
01189364
01189526
01189578
01189650
01189685
01189694
01189704
01189706
01189731
01189750
01189769
01189783
01189790
01189811
01189812
01189833
01189835
01189837
01189856
01189913
01189914
01189941
01189961
01189992
01190020
01190057
01190063
01190089
01190095
01190102
01190153
01190160
01190174
01190196
01190201
01190206
01190227
01190228
01190262
01190267
01190282
01190321
01190329
01190346
01190348
01190357
01190378
01190380
01190385
01190389
01190406
01190408
01190411
01190428
01190438
01190441
01190475
01190476
01190477
01190505
01190549
01190557
01190558
01190572
01190578
01190579
01190606
01190608
01190621
01190629
01190653
01190659
01190674
01190696
01190697
01190702
01190705
01190764
01190796
01190811
01190817
01190836
01190860
01190862
01190882
01190891
01190910
01190930
01190946
01190959
01190964
01190981
01190990
01190991
01190996
01191000
01191015
01191020
01191024
01191027
01191031
01191034
01191041
01191048
01191064
01191090
01191129
01191131
01191136
01191160
01191182
01191198
01191222
01191231
01191253
01191264
01191267
01191273
01191278
01191279
01191315
01191351
01191359
01191376
01191402
01191403
01191446
01191453
01191454
01191481
01191492
01191510
01191513
01191514
01191515
01191518
01191520
01191522
01191523
01191524
01191532
01191545
01191560
01191562
01191584
01191585
01191589
01191594
01191597
01191627
01191648
01191652
01191700
01191786
01191802
01191813
01191820
01191824
01191860
01191905
01191913
01191936
01192023
01192129
01192134
01192165
01192294
01192341
01192364
01192369
01192435
01192436
01192437
01192442
01192460
01192527
01192562
01192606
01192653
01192665
01192695
01192699
01192712
01192726
01192730
01192731
01192739
01192752
01192789
01192797
01192805
01192820
01192847
01192848
01192873
01192904
01192921
01192935
01192943
01192958
01192967
01192999
01193019
01193028
01193029
01193051
01193161
01193230
01193284
01193287
01193296
01193308
01193309
01193332
01193333
01193334
01193342
01193345
01193371
01193390
01193415
01193443
01193474
01193478
01193479
01193517
01193519
01193525
01193533
01193538
01193563
01193567
01193590
01193596
01193600
01193617
01193650
01193651
01193700
01193712
01193719
01193791
01193798
01193832
01193858
01193869
01193874
01193887
01193903
01193909
01193943
01193944
01194069
01194080
01194088
01194101
01194104
01194113
01194147
01194155
01194164
01194198
01194208
01194228
01194281
01194328
01194350
01194423
01194455
01194520
01194540
01194565
01194614
01194640
01194644
01194694
01194706
01194707
01194717
01194740
01194748
01194757
01194775
01194776
01194777
01194779
01194788
01194796
01194799
01194836
01194860
01194863
01194877
01194917
01194920
01194925
01194968
01194973
01194986
01194989
01195016
01195037
01195107
01195111
01195131
01195144
01195208
01195213
01195226
01195227
01195283
01195285
01195286
01195300
01195326
01195339
01195341
01195347
01195354
01195364
01195391
01195422
01195474
01195478
01195480
01195482
01195507
01195508
01195510
01195520
01195539
01195541
01195550
01195568
01195578
01195676
01195697
01195753
01195762
01195765
01195791
01195792
01195851
01195853
01195864
01195872
01195880
01195891
01195900
01195909
01195926
01195972
01195992
01195993
01196052
01196079
01196101
01196140
01196211
01196219
01196238
01196294
01196366
01196370
01196379
01196435
01196457
01196458
01196470
01196564
01196569
01196574
01196591
01196608
01196615
01196628
01196643
01196648
01196652
01196673
01196701
01196707
01196716
01196746
01196754
01196759
01196769
01196794
01196833
01196837
01196847
01196853
01196858
01196895
01196903
01196910
01196913
01196916
01196922
01196928
01196940
01197001
01197006
01197018
01197021
01197048
01197061
01197062
01197064
01197066
01197092
01197163
01197169
01197171
01197174
01197180
01197197
01197198
01197204
01197222
01197233
01197234
01197245
01197254
01197268
01197269
01197281
01197322
01197323
01197327
01197329
01197339
01197366
01197380
01197394
01197403
01197420
01197423
01197437
01197478
01197479
01197489
01197540
01197568
01197582
01197584
01197616
01197626
01197630
01197632
01197641
01197665
01197675
01197682
01197699
01197722
01197745
01197761
01197762
01197777
01197802
01197826
01197845
01197858
01197959
01198010
01198019
01198062
01198112
01198168
01198278
01198322
01198332
01198349
01198427
01198428
01198438
01198489
01198520
01198545
01198568
01198626
01198634
01198655
01198656
01198664
01198669
01198670
01198677
01198703
01198707
01198724
01198741
01198782
01198814
01198845
01198866
01198892
01198930
01198941
01198942
01198946
01198974
01199011
01199081
01199102
01199111
01199124
01199132
01199133
01199138
01199143
01199151
01199156
01199160
01199161
01199169
01199171
01199204
01199215
01199258
01199279
01199288
01199309
01199356
01199393
01199408
01199424
01199435
01199524
01199530
01199531
01199541
01199557
01199560
01199594
01199624
01199675
01199676
01199677
01199680
01199773
01199837
01199873
01199879
01199903
01199913
01199927
01199928
01199963
01199974
01199978
01200015
01200162
01200182
01200224
01200233
01200266
01200282
01200284
01200285
01200286
01200314
01200315
01200318
01200319
01200323
01200328
01200329
01200346
01200351
01200402
01200404
01200406
01200435
01200448
01200458
01200463
01200465
01200529
01200544
01200552
01200553
01200600
01200621
01200624
01200628
01200649
01200655
01200673
01200675
01200693
01200751
01200755
01200799
01200802
01200814
01200821
01200848
01200853
01200861
01200875
01200890
01200891
01200904
01200910
01200916
01200941
01200947
01200954
01200970
01200980
01200984
01200986
01200987
01200997
01201000
01201001
01201002
01201031
01201035
01201036
01201057
01201067
01201090
01201099
01201102
01201137
01201148
01201152
01201181
01201184
01201191
01201200
01201205
01201219
01201308
01201329
01201341
01201352
01201392
01201478
01201479
01201628
01201646
01201674
01201753
01201769
01201771
01201772
01201785
01201786
01201806
01201827
01201830
01201867
01201874
01201910
01201913
01201923
01201930
01202037
01202055
01202124
01202182
01202211
01202266
01202267
01202335
01202384
01202397
01202433
01202447
01202499
01202502
01202503
01202505
01202524
01202526
01202532
01202549
01202556
01202565
01202568
01202591
01202592
01202601
01202604
01202639
01202674
01202678
01202689
01202695
01202699
01202706
01202709
01202735
01202737
01202744
01202745
01202746
01202750
01202755
01202802
01202827
01202836
01202837
01202845
01202911
01202915
01202933
01202935
01202944
01202948
01202962
01203022
01203030
01203052
01203053
01203109
01203117
01203118
01203121
01203139
01203143
01203148
01203162
01203165
01203172
01203224
01203251
01203268
01203276
01203277
01203308
01203354
01203379
01203406
01203443
01203445
01203453
01203460
01203502
01203514
01203577
01203616
01203635
01203702
01203713
01203724
01203756
01203769
01203775
01203777
01203794
01203804
01203819
01203844
01203856
01203873
01203898
01203910
01203911
01203926
01203971
01204025
01204056
01204090
01204115
01204221
01204296
01204342
01204347
01204353
01204377
01204414
01204421
01204442
01204498
01204521
01204549
01204576
01204584
01204640
01204734
01204749
01204767
01204771
01204782
01204790
01204810
01204814
01204823
01204827
01204842
01204861
01204869
01204909
01205017
01205035
01205044
01205048
01205061
01205070
01205071
01205072
01205077
01205088
01205099
01205111
01205115
01205116
01205121
01205125
01205148
01205152
01205154
01205159
01205173
01205179
01205198
01205199
01205227
01205240
01205294
01205302
01205304
01205316
01205323
01205339
01205340
01205349
01205366
01205371
01205393
01205394
01205403
01205404
01205445
01205454
01205467
01205492
01205503
01205515
01205532
01205541
01205552
01205559
01205579
01205580
01205586
01205607
01205661
01205673
01205737
01205739
01205743
01205748
01205755
01205791
01205793
01205813
01205817
01205825
01205854
01205879
01205886
01205889
01205890
01205912
01205926
01205971
01205975
01205980
01205989
01206033
01206044
01206086
01206100
01206116
01206122
01206123
01206131
01206145
01206146
01206147
01206158
01206180
01206181
01206182
01206183
01206217
01206235
01206273
01206277
01206346
01206359
01206361
01206434
01206461
01206475
01206490
01206507
01206508
01206529
01206545
01206554
01206567
01206584
01206589
01206600
01206690
01206697
01206698
01206738
01206762
01206783
01206793
01206794
01206817
01206826
01206827
01206877
01206912
01206970
01206978
01207041
01207105
01207286
01207332
01207366
01207385
01207416
01207434
01207449
01207456
01207457
01207468
01207540
01207556
01207569
01207572
01207606
01207617
01207626
01207639
01207640
01207658
01207679
01207683
01207705
01207721
01207737
01207744
01207753
01207787
01207812
01207834
01207878
01207898
01207902
01207916
01207933
01207946
01207954
01207959
01207967
01207982
01207987
01207990
01207994
01207998
01208005
01208023
01208024
01208036
01208049
01208071
01208074
01208096
01208104
01208119
01208120
01208165
01208183
01208185
01208186
01208245
01208262
01208280
01208333
01208341
01208358
01208360
01208369
01208452
01208455
01208488
01208496
01208497
01208516
01208552
01208577
01208578
01208579
01208617
01208620
01208623
01208625
01208640
01208657
01208658
01208659
01208662
01208666
01208669
01208692
01208721
01208722
01208723
01208733
01208770
01208817
01208822
01208840
01208849
01208850
01208860
01208882
01208915
01208917
01208928
01208937
01208965
01209053
01209087
01209174
01209176
01209177
01209179
01209190
01209191
01209221
01209223
01209231
01209257
01209352
01209420
01209442
01209464
01209477
01209486
01209594
01209613
01209634
01209637
01209725
01209753
01209764
01209783
01209791
01209794
01209839
01209862
01209889
01209945
01209951
01209966
01209967
01209970
01209979
01209990
01209991
01210017
01210038
01210039
01210048
01210052
01210061
01210088
01210090
01210096
01210125
01210145
01210156
01210158
01210166
01210171
01210201
01210283
01210306
01210309
01210343
01210345
01210391
01210392
01210393
01210413
01210421
01210450
01210479
01210490
01210501
01210502
01210519
01210548
01210572
01210574
01210575
01210579
01210585
01210600
01210601
01210620
01210632
01210647
01210657
01210667
01210668
01210686
01210687
01210698
01210706
01210708
01210721
01210728
01210734
01210773
01210774
01210775
01210793
01210795
01210814
01210822
01210873
01210894
01210895
01210962
01210964
01210970
01211009
01211034
01211113
01211141
01211290
01211328
01211349
01211350
01211351
01211356
01211360
01211367
01211371
01211416
01211421
01211429
01211435
01211440
01211556
01211561
01211605
01211606
01211630
01211653
01211719
01211740
01211743
01211762
01211788
01211839
01211843
01211895
01211913
01211915
01211935
01211955
01211963
01211976
01211977
01211992
01212006
01212015
01212021
01212036
01212037
01212038
01212048
01212050
01212052
01212056
01212058
01212060
01212078
01212095
01212136
01212144
01212150
01212170
01212173
01212175
01212179
01212184
01212185
01212186
01212193
01212216
01212231
01212243
01212245
01212248
01212261
01212262
01212269
01212282
01212331
01212358
01212376
01212392
01212396
01212410
01212413
01212489
01212499
01212505
01212509
01212597
01212625
01212653
01212668
01212710
01212759
01212764
01212770
01212805
01212810
01212833
01212840
01212845
01212849
01212850
01212878
01212880
01212896
01212921
01212935
01212943
01212944
01212945
01212955
01213001
01213002
01213024
01213027
01213028
01213029
01213030
01213039
01213041
01213045
01213086
01213118
01213134
01213193
01213224
01213241
01213242
01213253
01213277
01213330
01213331
01213349
01213356
01213370
01213418
01213444
01213472
01213501
01213509
01213521
01213522
01213528
01213536
01213721
01213737
01213783
01213815
01213816
01213837
01213841
01213854
01213857
01213871
01213886
01213887
01213892
01213905
01213929
01213983
01214025
01214043
01214162
01214166
01214167
01214212
01214216
01214287
01214351
01214360
01214361
01214368
01214456
01214477
01214480
01214490
01214499
01214519
01214544
01214547
01214549
01214553
01214568
01214587
01214589
01214600
01214613
01214620
01214624
01214646
01214676
01214713
01214729
01214757
01214790
01214801
01214803
01214815
01214842
01214865
01214881
01214896
01214901
01214905
01214907
01214940
01214941
01214966
01214978
01215006
01215065
01215069
01215109
01215152
01215198
01215207
01215235
01215257
01215276
01215281
01215282
01215340
01215349
01215416
01215421
01215424
01215428
01215435
01215447
01215498
01215499
01215502
01215503
01215514
01215521
01215581
01215591
01215621
01215649
01215682
01215715
01215727
01215730
01215752
01215760
01215805
01215834
01215933
01215969
01215991
01215995
01216022
01216064
01216067
01216086
01216103
01216104
01216237
01216255
01216256
01216257
01216266
01216318
01216320
01216324
01216354
01216355
01216388
01216410
01216412
01216513
01216533
01216539
01216555
01216564
01216577
01216631
01216703
01216747
01216819
01216826
01216838
01216846
01216889
01216891
01216914
01216933
01216954
01217029
01217037
01217056
01217057
01217061
01217077
01217081
01217096
01217099
01217113
01217116
01217125
01217128
01217141
01217170
01217172
01217175
01217186
01217198
01217201
01217221
01217235
01217253
01217269
01217279
01217285
01217296
01217309
01217311
01217334
01217360
01217361
01217367
01217376
01217377
01217413
01217415
01217418
01217425
01217438
01217443
01217457
01217496
01217500
01217511
01217526
01217541
01217567
01217585
01217604
01217658
01217662
01217739
01217756
01217761
01217762
01217776
01217780
01217781
01217782
01217796
01217798
01217800
01217811
01217850
01217851
01217867
01217873
01217878
01217909
01217928
01217940
01217955
01217981
01217997
01218000
01218001
01218011
01218016
01218017
01218043
01218046
01218054
01218055
01218084
01218093
01218149
01218153
01218154
01218158
01218159
01218167
01218241
01218242
01218311
01218313
01218322
01218341
01218352
01218394
01218395
01218397
01218456
01218465
01218471
01218497
01218512
01218513
01218718
01218724
01218839
01218840
01218842
01218846
01218848
01218882
01218897
01218945
01218952
01218953
01219036
01219068
01219076
01219111
01219145
01219191
01219235
01219280
01219291
01219309
01219321
01219354
01219394
01219397
01219419
01219435
01219446
01219454
01219458
01219488
01219489
01219512
01219526
01219543
01219547
01219594
01219605
01219631
01219709
01219745
01219850
01219856
01219865
01219890
01219906
01219911
01219912
01219932
01219946
01219949
01219954
01219979
01219986
01219994
01219998
01220023
01220031
01220052
01220053
01220054
01220067
01220075
01220093
01220120
01220154
01220158
01220174
01220185
01220192
01220251
01220252
01220254
01220266
01220268
01220279
01220317
01220326
01220404
01220408
01220445
01220453
01220460
01220487
01220525
01220555
01220574
01220607
01220613
01220616
01220661
01220697
01220716
01220744
01220752
01220755
01220757
01220800
01220875
01220908
01220940
01220970
01221014
01221081
01221082
01221115
01221120
01221162
01221169
01221180
01221203
01221250
01221256
01221264
01221269
01221272
01221274
01221318
01221334
01221336
01221339
01221341
01221342
01221352
01221364
01221371
01221375
01221382
01221394
01221445
01221477
01221525
01221534
01221559
01221578
01221594
01221595
01221617
01221627
01221631
01221641
01221661
01221680
01221699
01221706
01221710
01221722
01221801
01221857
01221895
01221901
01221903
01221950
01221954
01221961
01221975
01221976
01221977
01221998
01222013
01222018
01222062
01222070
01222082
01222085
01222103
01222122
01222132
01222140
01222145
01222146
01222151
01222157
01222162
01222187
01222200
01222253
01222264
01222267
01222268
01222282
01222351
01222396
01222398
01222404
01222419
01222455
01222478
01222484
01222485
01222486
01222531
01222538
01222564
01222584
01222617
01222635
01222638
01222643
01222660
01222668
01222696
01222802
01222806
01222911
01222922
01222923
01222924
01222980
01222984
01223017
01223022
01223102
01223181
01223247
01223256
01223332
01223412
01223506
01223607
01223632
01223640
01223663
01223667
01223672
01223673
01223739
01223744
01223749
01223761
01223768
01223779
01223780
01223821
01223837
01223838
01223848
01223852
01223876
01223905
01223921
01223952
01223978
01224000
01224008
01224043
01224044
01224070
01224083
01224147
01224165
01224167
01224234
01224240
01224253
01224285
01224311
01224317
01224364
01224389
01224391
01224397
01224399
01224426
01224433
01224459
01224489
01224503
01224504
01224505
01224537
01224543
01224551
01224556
01224568
01224569
01224638
01224639
01224640
01224645
01224647
01224680
01224681
01224707
01224750
01224767
01224771
01224774
01224779
01224780
01224811
01224817
01224831
01224857
01224868
01224869
01224870
01224882
01224884
01224904
01224983
01225010
01225068
01225086
01225147
01225195
01225198
01225220
01225253
01225264
01225272
01225284
01225306
01225312
01225349
01225355
01225383
01225507
01225532
01225534
01225556
01225575
01225619
01225672
01225726
01225735
01225758
01225899
01225907
01225953
01225977
01225981
01226073
01226084
01226114
01226131
01226193
01226236
01226237
01226238
01226262
01226281
01226288
01226328
01226361
01226370
01226387
01226420
01226474
01226475
01226481
01226491
01226538
01226580
01226583
01226592
01226610
01226611
01226614
01226619
01226626
01226647
01226654
01226661
01226667
01226669
01226673
01226711
01226730
01226734
01226745
01226755
01226760
01226785
01226788
01226792
01226798
01226819
01226841
01226846
01226858
01226934
01226956
01226992
01226995
01226996
01227008
01227011
01227028
01227064
01227096
01227097
01227149
01227178
01227199
01227225
01227226
01227236
01227243
01227248
01227261
01227305
01227324
01227343
01227345
01227359
01227367
01227378
01227406
01227434
01227454
01227462
01227472
01227479
01227504
01227517
01227535
01227539
01227545
01227555
01227557
01227565
01227566
01227575
01227582
01227587
01227594
01227611
01227656
01227657
01227659
01227666
01227701
01227775
01227781
01227787
01227791
01227831
01227847
01227872
01227898
01227945
01227957
01227960
01227972
01227981
01227985
01227992
01227996
01228059
01228083
01228085
01228092
01228112
01228114
01228124
01228163
01228164
01228165
01228189
01228192
01228208
01228232
01228277
01228307
01228338
01228351
01228383
01228410
01228419
01228434
01228443
01228489
01228493
01228521
01228558
01228576
01228584
01228598
01228613
01228640
01228682
01228684
01228731
01228793
01228812
01228823
01228834
01228835
01228838
01228946
01228956
01229022
01229023
01229032
01229048
01229050
01229071
01229089
01229094
01229105
01229118
01229121
01229139
01229155
01229178
01229195
01229196
01229199
01229200
01229219
01229221
01229223
01229243
01229271
01229276
01229282
01229342
01229355
01229356
01229357
01229378
01229410
01229423
01229429
01229430
01229459
01229460
01229480
01229562
01229579
01229585
01229619
01229623
01229667
01229676
01229705
01229712
01229734
01229742
01229743
01229755
01229756
01229759
01229775
01229776
01229781
01229782
01229783
01229793
01229794
01229797
01229850
01229851
01229871
01229887
01229893
01229900
01229922
01229926
01229941
01229952
01229990
01230017
01230023
01230069
01230104
01230121
01230132
01230162
01230179
01230186
01230201
01230242
01230251
01230252
01230269
01230281
01230315
01230319
01230334
01230338
01230354
01230370
01230399
01230412
01230432
01230448
01230522
01230557
01230569
01230599
01230606
01230650
01230683
01230741
01230742
01230838
01230842
01230861
01230864
01230943
01230986
01231004
01231007
01231073
01231117
01231119
01231121
01231134
01231144
01231156
01231163
01231166
01231167
01231180
01231185
01231197
01231207
01231217
01231220
01231240
01231272
01231273
01231274
01231277
01231285
01231293
01231297
01231300
01231301
01231302
01231341
01231342
01231369
01231401
01231404
01231415
01231417
01231418
01231419
01231436
01231441
01231449
01231473
01231511
01231535
01231536
01231537
01231538
01231591
01231649
01231659
01231660
01231661
01231687
01231698
01231731
01231798
01231808
01231813
01231825
01231843
01231848
01231878
01231893
01231894
01231902
01231903
01231917
01231923
01231930
01231963
01231971
01231972
01231977
01231985
01231994
01231996
01232003
01232022
01232041
01232045
01232052
01232069
01232085
01232089
01232102
01232106
01232123
01232134
01232161
01232186
01232206
01232207
01232223
01232250
01232323
01232338
01232419
01232420
01232493
01232623
01232627
01232638
01232663
01232688
01232700
01232739
01232761
01232774
01232776
01232822
01232827
01232863
01232891
01232904
01232905
01232915
01232918
01232919
01232937
01232938
01232952
01232957
01232964
01232968
01232969
01232981
01232992
01232994
01233005
01233007
01233040
01233044
01233052
01233094
01233097
01233105
01233109
01233119
01233121
01233123
01233200
01233206
01233208
01233226
01233260
01233291
01233324
01233361
01233412
01233413
01233445
01233451
01233471
01233480
01233500
01233510
01233516
01233519
01233531
01233536
01233542
01233543
01233544
01233551
01233560
01233584
01233602
01233608
01233627
01233629
01233660
01233662
01233685
01233726
01233728
01233755
01233764
01233773
01233782
01233783
01233784
01233795
01233801
01233818
01233826
01233828
01233835
01233854
01233855
01233888
01233907
01233910
01233917
01233936
01233942
01233946
01233970
01233981
01233988
01234001
01234002
01234011
01234014
01234025
01234033
01234045
01234194
01234201
01234202
01234262
01234397
01234450
01234472
01234545
01234561
01234562
01234567
01234569
01234593
01234610
01234632
01234634
01234673
01234681
01234709
01234711
01234735
01234736
01234742
01234747
01234770
01234779
01234796
01234799
01234832
01234840
01234848
01234850
01234912
01234933
01234936
01234960
01234966
01234972
01234994
01234995
01235010
01235030
01235032
01235044
01235063
01235066
01235067
01235068
01235071
01235084
01235088
01235091
01235103
01235161
01235163
01235177
01235192
01235208
01235226
01235231
01235237
01235249
01235250
01235266
01235270
01235277
01235286
01235301
01235330
01235343
01235348
01235352
01235391
01235392
01235393
01235403
01235413
01235421
01235440
01235455
01235463
01235466
01235488
01235508
01235520
01235525
01235545
01235575
01235604
01235612
01235613
01235627
01235735
01235738
01235750
01235764
01235794
01235808
01235845
01235846
01235858
01235865
01235871
01235887
01235908
01235916
01235921
01235928
01236001
01236002
01236047
01236061
01236088
01236119
01236174
01236188
01236190
01236206
01236227
01236234
01236304
01236320
01236327
01236336
01236359
01236364
01236384
01236420
01236431
01236523
01236524
01236539
01236589
01236678
01236747
01236831
01236846
01236852
01236865
01236872
01236885
01236941
01237015
01237026
01237035
01237046
01237059
01237061
01237067
01237104
01237131
01237140
01237144
01237178
01237218
01237219
01237222
01237228
01237239
01237249
01237272
01237277
01237279
01237282
01237324
01237329
01237347
01237350
01237359
01237371
01237374
01237384
01237396
01237400
01237422
01237444
01237450
01237452
01237456
01237489
01237538
01237552
01237581
01237587
01237606
01237609
01237640
01237657
01237696
01237716
01237720
01237786
01237789
01237810
01237889
01237909
01237914
01237916
01237918
01237933
01237935
01237960
01237968
01237978
01238007
01238033
01238041
01238069
01238116
01238119
01238122
01238155
01238203
01238209
01238215
01238216
01238221
01238257
01238286
01238293
01238296
01238299
01238369
01238432
01238437
01238445
01238462
01238467
01238489
01238526
01238594
01238612
01238641
01238643
01238647
01238648
01238681
01238687
01238689
01238705
01238716
01238727
01238742
01238792
01238827
01238851
01238856
01238866
01238867
01238881
01238882
01238923
01238985
01238986
01238994
01239046
01239081
01239092
01239093
01239118
01239207
01239208
01239245
01239303
01239334
01239361
01239365
01239376
01239416
01239418
01239569
01239598
01239605
01239607
01239609
01239638
01239655
01239658
01239660
01239675
01239680
01239710
01239723
01239725
01239728
01239740
01239741
01239744
01239759
01239763
01239766
01239776
01239785
01239803
01239850
01239851
01239860
01239866
01239880
01239882
01239884
01239885
01239938
01239960
01240035
01240036
01240037
01240194
01240211
01240233
01240236
01240250
01240252
01240261
01240263
01240269
01240271
01240272
01240274
01240301
01240313
01240315
01240316
01240329
01240334
01240390
01240422
01240427
01240458
01240478
01240505
01240506
01240539
01240549
01240559
01240567
01240568
01240615
01240616
01240629
01240631
01240633
01240682
01240697
01240728
01240734
01240760
01240795
01240797
01240822
01240947
01241025
01241093
01241096
01241125
01241131
01241183
01241233
01241239
01241271
01241318
01241341
01241350
01241358
01241396
01241442
01241460
01241461
01241489
01241492
01241525
01241562
01241627
01241683
01241741
01241758
01241762
01241763
01241765
01241789
01241797
01241799
01241833
01241855
01241922
01241927
01241959
01241961
01241963
01241966
01242016
01242021
01242039
01242045
01242048
01242064
01242072
01242097
01242111
01242123
01242124
01242125
01242169
01242181
01242186
01242205
01242263
01242293
01242328
01242341
01242388
01242427
01242438
01242448
01242459
01242477
01242505
01242522
01242577
01242578
01242587
01242617
01242620
01242633
01242634
01242644
01242680
01242690
01242700
01242703
01242721
01242729
01242733
01242771
01242772
01242783
01242803
01242822
01242825
01242827
01242872
01242948
01243010
01243013
01243026
01243031
01243062
01243071
01243075
01243080
01243099
01243132
01243142
01243149
01243175
01243195
01243207
01243228
01243235
01243260
01243296
01243298
01243314
01243329
01243331
01243342
01243371
01243383
01243389
01243408
01243461
01243468
01243473
01243478
01243491
01243503
01243636
01243641
01243651
01243653
01243669
01243686
01243698
01243740
01243749
01243786
01243848
01243854
01243870
01243913
01244090
01244120
01244122
01244164
01244182
01244198
01244203
01244208
01244248
01244256
01244278
01244292
01244296
01244303
01244381
01244466
01244520
01244523
01244549
01244575
01244578
01244580
01244622
01244637
01244640
01244642
01244651
01244665
01244670
01244671
01244675
01244682
01244689
01244721
01244748
01244767
01244779
01244800
01244845
01244858
01244873
01244876
01244877
01244885
01244886
01244897
01244907
01244919
01244931
01244943
01244967
01244969
01245020
01245021
01245040
01245041
01245055
01245056
01245057
01245108
01245121
01245126
01245133
01245136
01245138
01245183
01245185
01245191
01245198
01245212
01245241
01245293
01245296
01245302
01245315
01245323
01245326
01245341
01245345
01245348
01245376
01245387
01245399
01245495
01245503
01245541
01245555
01245593
01245618
01245625
01245627
01245629
01245710
01245712
01245723
01245727
01245734
01245736
01245737
01245738
01245758
01245762
01245788
01245797
01245829
01245837
01245840
01245846
01245852
01245860
01245864
01245865
01245868
01245869
01245877
01245890
01245896
01245931
01245936
01245956
01245959
01245969
01245971
01245987
01245988
01246043
01246055
01246062
01246093
01246099
01246100
01246119
01246131
01246143
01246161
01246162
01246164
01246183
01246191
01246192
01246240
01246246
01246263
01246264
01246276
01246295
01246326
01246334
01246348
01246371
01246379
01246383
01246384
01246393
01246398
01246401
01246428
01246442
01246460
01246475
01246484
01246505
01246660
01246681
01246690
01246728
01246776
01246824
01246834
01246838
01246865
01246866
01246870
01246882
01246884
01246908
01246909
01246987
01247018
01247035
01247041
01247108
01247124
01247137
01247143
01247179
01247219
01247238
01247252
01247269
01247279
01247314
01247340
01247341
01247354
01247369
01247371
01247403
01247407
01247426
01247485
01247504
01247516
01247544
01247585
01247593
01247615
01247620
01247627
01247632
01247640
01247645
01247655
01247656
01247658
01247677
01247689
01247702
01247744
01247745
01247747
01247757
01247831
01247853
01247854
01247855
01247865
01247869
01247883
01248022
01248030
01248031
01248061
01248067
01248084
01248095
01248105
01248122
01248125
01248135
01248154
01248178
01248184
01248202
01248203
01248213
01248233
01248234
01248242
01248251
01248253
01248260
01248282
01248292
01248309
01248402
01248405
01248419
01248420
01248429
01248439
01248509
01248518
01248563
01248573
01248587
01248588
01248591
01248616
01248641
01248673
01248709
01248768
01248792
01248800
01248815
01248823
01248838
01248839
01248881
01248883
01249063
01249088
01249102
01249104
01249111
01249117
01249125
01249228
01249229
01249240
01249242
01249296
01249297
01249304
01249307
01249318
01249345
01249361
01249378
01249391
01249392
01249396
01249418
01249426
01249429
01249443
01249453
01249488
01249489
01249492
01249502
01249560
01249586
01249605
01249607
01249610
01249696
01249748
01249751
01249762
01249776
01249789
01249801
01249806
01249815
01249874
01249887
01249888
01249897
01249924
01250020
01250049
01250055
01250057
01250111
01250112
01250134
01250214
01250216
01250382
01250475
01250488
01250489
01250499
01250501
01250507
01250518
01250541
01250551
01250577
01250649
01250652
01250695
01250706
01250792
01250855
01250866
01250935
01250956
01251003
01251012
01251031
01251108
01251109
01251110
01251111
01251112
01251113
01251114
01251115
01251116
01251164
01251177
01251179
01251198
01251210
01251218
01251222
01251255
01251258
01251269
01251275
01251291
01251312
01251335
01251351
01251361
01251365
01251397
01251435
01251453
01251498
01251507
01251508
01251509
01251510
01251585
01251597
01251611
01251618
01251619
01251629
01251665
01251688
01251690
01251703
01251709
01251722
01251772
01251778
01251781
01251782
01251822
01251842
01251864
01251903
01251905
01251908
01251912
01251913
01251925
01251951
01251958
01251960
01251961
01251964
01251983
01251987
01252018
01252019
01252027
01252035
01252037
01252039
01252044
01252052
01252053
01252070
01252089
01252096
01252127
01252175
01252196
01252241
01252318
01252328
01252337
01252345
01252369
01252393
01252400
01252401
01252420
01252426
01252448
01252464
01252477
01252489
01252494
01252495
01252497
01252511
01252518
01252549
01252562
01252571
01252582
01252587
01252653
01252654
01252659
01252671
01252673
01252684
01252737
01252738
01252872
01252938
01252951
01252952
01252969
01253051
01253070
01253074
01253081
01253082
01253086
01253112
01253117
01253119
01253132
01253139
01253161
01253163
01253166
01253184
01253219
01253231
01253240
01253243
01253244
01253247
01253248
01253285
01253293
01253317
01253368
01253369
01253382
01253383
01253394
01253395
01253411
01253428
01253438
01253461
01253465
01253474
01253548
01253549
01253550
01253551
01253594
01253597
01253607
01253617
01253641
01253656
01253684
01253688
01253691
01253695
01253704
01253728
01253734
01253753
01253795
01253796
01253803
01253804
01253805
01253813
01253816
01253821
01253823
01253844
01253846
01253848
01253864
01253865
01253883
01253895
01253902
01253934
01253965
01253974
01253976
01253977
01253978
01253986
01254004
01254005
01254025
01254029
01254036
01254052
01254072
01254081
01254090
01254112
01254173
01254176
01254207
01254310
01254384
01254408
01254409
01254410
01254418
01254423
01254434
01254468
01254492
01254520
01254548
01254551
01254553
01254584
01254601
01254604
01254668
01254672
01254677
01254696
01254756
01254760
01254766
01254792
01254802
01254809
01254843
01254868
01254876
01254882
01254883
01254886
01254899
01254900
01254904
01254930
01254931
01254946
01254948
01254950
01254984
01255003
01255017
01255018
01255027
01255031
01255054
01255069
01255073
01255079
01255080
01255141
01255154
01255174
01255194
01255197
01255201
01255210
01255211
01255217
01255218
01255223
01255258
01255267
01255308
01255309
01255385
01255411
01255415
01255445
01255447
01255540
01255542
01255558
01255564
01255597
01255631
01255636
01255637
01255640
01255641
01255651
01255652
01255653
01255654
01255665
01255693
01255694
01255695
01255697
01255701
01255767
01255768
01255791
01255798
01255803
01255834
01255850
01255901
01256069
01256083
01256124
01256178
01256193
01256282
01256341
01256347
01256360
01256408
01256431
01256445
01256453
01256475
01256492
01256503
01256505
01256570
01256574
01256577
01256603
01256622
01256624
01256637
01256647
01256659
01256698
01256708
01256709
01256715
01256718
01256726
01256741
01256747
01256763
01256774
01256775
01256776
01256787
01256798
01256821
01256846
01256850
01256856
01256904
01256939
01256946
01256947
01256969
01256997
01257005
01257013
01257027
01257048
01257072
01257076
01257087
01257103
01257148
01257170
01257171
01257186
01257200
01257245
01257275
01257283
01257326
01257331
01257336
01257380
01257389
01257402
01257404
01257456
01257466
01257502
01257527
01257530
01257534
01257569
01257572
01257578
01257596
01257598
01257610
01257651
01257669
01257678
01257681
01257696
01257716
01257723
01257733
01257757
01257758
01257842
01257871
01257889
01257898
01257909
01257930
01257934
01257939
01257964
01257976
01258012
01258034
01258052
01258053
01258062
01258069
01258070
01258085
01258113
01258114
01258118
01258132
01258138
01258160
01258181
01258185
01258200
01258226
01258233
01258276
01258280
01258289
01258319
01258322
01258338
01258378
01258396
01258431
01258436
01258447
01258525
01258544
01258579
01258628
01258687
01258715
01258725
01258765
01258899
01258919
01258921
01258925
01258997
01259005
01259009
01259020
01259021
01259026
01259027
01259029
01259037
01259043
01259066
01259080
01259085
01259086
01259096
01259120
01259122
01259159
01259166
01259211
01259236
01259244
01259248
01259290
01259295
01259297
01259338
01259360
01259366
01259430
01259467
01259504
01259522
01259543
01259548
01259589
01259665
01259679
01259684
01259698
01259703
01259713
01259715
01259716
01259721
01259733
01259742
01259752
01259754
01259769
01259771
01259773
01259776
01259790
01259791
01259798
01259816
01259827
01259886
01259906
01259924
01259933
01259998
01260023
01260024
01260030
01260057
01260067
01260074
01260075
01260076
01260081
01260083
01260085
01260087
01260088
01260096
01260098
01260109
01260118
01260130
01260171
01260191
01260200
01260207
01260214
01260232
01260238
01260250
01260299
01260300
01260314
01260315
01260316
01260326
01260336
01260340
01260349
01260354
01260366
01260370
01260399
01260400
01260401
01260442
01260443
01260452
01260467
01260502
01260551
01260571
01260591
01260634
01260645
01260697
01260702
01260724
01260735
01260736
01260737
01260740
01260741
01260751
01260754
01260785
01260786
01260787
01260789
01260796
01260816
01260841
01260884
01260885
01260925
01260933
01260942
01260968
01260995
01260997
01261041
01261064
01261128
01261160
01261186
01261230
01261241
01261249
01261254
01261270
01261290
01261292
01261304
01261307
01261308
01261315
01261328
01261329
01261332
01261366
01261381
01261384
01261385
01261388
01261394
01261412
01261414
01261415
01261417
01261430
01261434
01261437
01261438
01261439
01261443
01261452
01261457
01261458
01261500
01261512
01261535
01261564
01261577
01261603
01261607
01261616
01261619
01261621
01261622
01261623
01261632
01261640
01261642
01261643
01261645
01261651
01261673
01261683
01261696
01261700
01261701
01261712
01261729
01261740
01261744
01261755
01261760
01261836
01261837
01261838
01261839
01261840
01261853
01261863
01261884
01261924
01261937
01261939
01261944
01261945
01261963
01261970
01261976
01261985
01261991
01261994
01261998
01262025
01262026
01262029
01262088
01262109
01262156
01262221
01262224
01262228
01262246
01262260
01262261
01262267
01262269
01262270
01262271
01262272
01262273
01262293
01262316
01262336
01262356
01262363
01262389
01262394
01262398
01262416
01262420
01262428
01262443
01262464
01262468
01262477
01262482
01262516
01262524
01262638
01262698
01262764
01262861
01262913
01262925
01262940
01262942
01262986
01263025
01263036
01263037
01263048
01263116
01263117
01263138
01263147
01263154
01263177
01263189
01263192
01263203
01263204
01263206
01263260
01263276
01263285
01263297
01263307
01263313
01263326
01263335
01263336
01263337
01263381
01263382
01263397
01263398
01263414
01263431
01263474
01263496
01263511
01263522
01263523
01263539
01263540
01263550
01263554
01263567
01263576
01263644
01263677
01263689
01263690
01263700
01263724
01263741
01263744
01263747
01263765
01263767
01263768
01263779
01263786
01263796
01263807
01263809
01263817
01263821
01263826
01263830
01263874
01263887
01263903
01263914
01263917
01263923
01263930
01263936
01263995
01264004
01264024
01264027
01264044
01264051
01264063
01264069
01264098
01264133
01264162
01264185
01264208
01264218
01264234
01264254
01264260
01264276
01264277
01264278
01264285
01264371
01264385
01264514
01264627
01264648
01264670
01264676
01264683
01264684
01264724
01264728
01264741
01264742
01264744
01264761
01264830
01264863
01264864
01264894
01264899
01264904
01264927
01264928
01264932
01264940
01264942
01264943
01264965
01264979
01264980
01264986
01265015
01265027
01265058
01265105
01265133
01265142
01265151
01265162
01265185
01265203
01265208
01265214
01265216
01265218
01265219
01265224
01265229
01265233
01265234
01265247
01265249
01265252
01265256
01265278
01265279
01265280
01265293
01265294
01265295
01265340
01265342
01265345
01265357
01265358
01265363
01265364
01265384
01265389
01265402
01265441
01265444
01265445
01265446
01265461
01265477
01265479
01265520
01265521
01265553
01265560
01265562
01265612
01265629
01265636
01265639
01265645
01265647
01265650
01265652
01265654
01265660
01265672
01265675
01265680
01265690
01265691
01265714
01265715
01265741
01265743
01265746
01265752
01265755
01265799
01265807
01265816
01265877
01265878
01265909
01265921
01265975
01265984
01265998
01266000
01266015
01266021
01266022
01266025
01266067
01266068
01266070
01266073
01266146
01266231
01266241
01266311
01266328
01266373
01266400
01266417
01266498
01266499
01266556
01266621
01266632
01266650
01266651
01266676
01266681
01266682
01266688
01266704
01266759
01266762
01266763
01266768
01266806
01266812
01266835
01266841
01266849
01266865
01266881
01266883
01266884
01266885
01266906
01266908
01266909
01266913
01266932
01266939
01266968
01267020
01267021
01267022
01267023
01267024
01267037
01267041
01267048
01267078
01267079
01267080
01267081
01267109
01267112
01267148
01267151
01267152
01267200
01267205
01267212
01267256
01267350
01267364
01267409
01267444
01267461
01267481
01267509
01267561
01267581
01267592
01267593
01267602
01267603
01267606
01267610
01267655
01267656
01267659
01267679
01267687
01267691
01267712
01267745
01267747
01267758
01267759
01267760
01267761
01267774
01267775
01267776
01267782
01267813
01267814
01267835
01267860
01267884
01267889
01267891
01267902
01267908
01267929
01267937
01268014
01268036
01268094
01268097
01268125
01268146
01268175
01268178
01268183
01268208
01268210
01268224
01268254
01268262
01268301
01268308
01268338
01268409
01268445
01268471
01268472
01268473
01268475
01268498
01268601
01268612
01268664
01268680
01268695
01268701
01268714
01268744
01268745
01268779
01268818
01268831
01268863
01268885
01268899
01268918
01268989
01268990
01268992
01269042
01269062
01269063
01269067
01269085
01269139
01269141
01269142
01269151
01269168
01269176
01269186
01269200
01269203
01269215
01269228
01269237
01269243
01269267
01269274
01269289
01269290
01269292
01269317
01269318
01269322
01269430
01269448
01269509
01269520
01269532
01269534
01269571
01269673
01269708
01269760
01269761
01269764
01269808
01269812
01269816
01269823
01269824
01269834
01269841
01269845
01269847
01269848
01269849
01269850
01269852
01269861
01269865
01269868
01269874
01269882
01269905
01269926
01269935
01269936
01269938
01269939
01269955
01269958
01269959
01269966
01269992
01270009
01270046
01270047
01270056
01270060
01270068
01270069
01270070
01270087
01270097
01270099
01270112
01270116
01270163
01270198
01270224
01270233
01270234
01270273
01270281
01270282
01270293
01270310
01270320
01270337
01270346
01270361
01270364
01270374
01270397
01270450
01270475
01270483
01270484
01270497
01270503
01270511
01270512
01270610
01270690
01270897
01270929
01270948
01270957
01270960
01270961
01270997
01271004
01271017
01271026
01271033
01271034
01271039
01271062
01271063
01271066
01271090
01271095
01271105
01271121
01271128
01271132
01271133
01271136
01271154
01271155
01271166
01271167
01271176
01271191
01271197
01271201
01271208
01271219
01271222
01271242
01271243
01271265
01271270
01271297
01271299
01271325
01271326
01271359
01271364
01271380
01271381
01271386
01271392
01271393
01271410
01271456
01271486
01271502
01271528
01271534
01271539
01271545
01271548
01271555
01271583
01271601
01271611
01271633
01271646
01271647
01271696
01271701
01271707
01271728
01271741
01271756
01271758
01271806
01271866
01271921
01271945
01271965
01271971
01271982
01271984
01271992
01272046
01272047
01272060
01272071
01272076
01272080
01272093
01272108
01272120
01272156
01272178
01272187
01272196
01272234
01272236
01272247
01272250
01272267
01272312
01272347
01272409
01272432
01272524
01272553
01272573
01272577
01272622
01272636
01272658
01272733
01272782
01272796
01272800
01272801
01272845
01272860
01272862
01272878
01272899
01272922
01272933
01272937
01272938
01272942
01272972
01272975
01272990
01273003
01273021
01273022
01273023
01273026
01273041
01273056
01273062
01273063
01273068
01273089
01273101
01273106
01273120
01273135
01273208
01273212
01273226
01273227
01273237
01273270
01273274
01273277
01273323
01273335
01273338
01273340
01273354
01273355
01273407
01273413
01273424
01273440
01273477
01273478
01273490
01273524
01273527
01273542
01273549
01273550
01273553
01273555
01273574
01273586
01273602
01273612
01273613
01273614
01273654
01273679
01273755
01273756
01273769
01273840
01273858
01273863
01273864
01273865
01273871
01273881
01273907
01273913
01273937
01273954
01273957
01273958
01273960
01273964
01273998
01274031
01274072
01274074
01274136
01274144
01274174
01274178
01274183
01274200
01274207
01274221
01274226
01274228
01274249
01274250
01274270
01274315
01274443
01274451
01274452
01274487
01274501
01274516
01274524
01274568
01274632
01274670
01274672
01274701
01274707
01274722
01274725
01274744
01274749
01274869
01274884
01274983
01274984
01275004
01275010
01275011
01275012
01275021
01275022
01275054
01275071
01275094
01275103
01275117
01275134
01275165
01275173
01275174
01275175
01275230
01275239
01275241
01275256
01275272
01275300
01275321
01275348
01275355
01275358
01275377
01275392
01275403
01275413
01275428
01275455
01275459
01275479
01275488
01275546
01275547
01275552
01275572
01275596
01275619
01275624
01275632
01275660
01275665
01275691
01275727
01275750
01275772
01275776
01275778
01275801
01275833
01275846
01275857
01275865
01275895
01275906
01275914
01275922
01275925
01275931
01275951
01275952
01275953
01275955
01275961
01275995
01275996
01276003
01276010
01276013
01276026
01276055
01276076
01276089
01276095
01276130
01276134
01276136
01276154
01276169
01276198
01276199
01276204
01276217
01276222
01276237
01276242
01276245
01276252
01276258
01276293
01276321
01276322
01276323
01276325
01276334
01276350
01276359
01276362
01276376
01276383
01276386
01276411
01276414
01276422
01276423
01276425
01276428
01276430
01276451
01276465
01276470
01276472
01276487
01276488
01276513
01276521
01276534
01276542
01276552
01276556
01276581
01276641
01276646
01276647
01276651
01276661
01276682
01276684
01276690
01276691
01276722
01276735
01276740
01276787
01276792
01276823
01276841
01276862
01276874
01276884
01276906
01276932
01276942
01276955
01276960
01276978
01276989
01276990
01277010
01277017
01277065
01277073
01277075
01277113
01277149
01277171
01277193
01277238
01277260
01277333
01277334
01277353
01277397
01277410
01277443
01277506
01277553
01277665
01277669
01277697
01277746
01277784
01277792
01277805
01277834
01277875
01277886
01277932
01277944
01277966
01277978
01278007
01278009
01278026
01278065
01278069
01278070
01278096
01278108
01278113
01278118
01278122
01278143
01278146
01278147
01278155
01278165
01278171
01278176
01278196
01278235
01278253
01278270
01278315
01278320
01278325
01278329
01278335
01278381
01278386
01278388
01278389
01278399
01278412
01278419
01278422
01278426
01278428
01278458
01278473
01278488
01278498
01278502
01278503
01278511
01278515
01278532
01278536
01278554
01278574
01278597
01278623
01278629
01278648
01278652
01278672
01278673
01278683
01278691
01278717
01278720
01278730
01278737
01278739
01278742
01278745
01278753
01278761
01278776
01278827
01278834
01278848
01278885
01278886
01278887
01278890
01278891
01278896
01278898
01278899
01278903
01278906
01278912
01278921
01278933
01278954
01279012
01279053
01279065
01279091
01279130
01279153
01279161
01279177
01279198
01279247
01279258
01279277
01279297
01279298
01279299
01279356
01279371
01279382
01279419
01279420
01279428
01279501
01279512
01279517
01279607
01279679
01279680
01279683
01279706
01279722
01279750
01279771
01279773
01279806
01279822
01279833
01280118
01280119
01280142
01280146
01280221
01280227
01280240
01280249
01280328
01280335
01280343
01280355
01280387
01280407
01280416
01280418
01280419
01280425
01280439
01280447
01280459
01280471
01280473
01280478
01280496
01280506
01280508
01280524
01280558
01280560
01280593
01280601
01280603
01280616
01280632
01280638
01280648
01280662
01280766
01280784
01280786
01280803
01280806
01280828
01280855
01280861
01280899
01280950
01280957
01280972
01280973
01280974
01280978
01280979
01280982
01280988
01281027
01281033
01281039
01281051
01281052
01281055
01281062
01281069
01281070
01281074
01281075
01281077
01281078
01281099
01281110
01281113
01281121
01281123
01281128
01281130
01281143
01281156
01281166
01281200
01281206
01281228
01281236
01281238
01281242
01281248
01281249
01281337
01281369
01281386
01281441
01281501
01281527
01281531
01281547
01281552
01281570
01281577
01281578
01281645
01281651
01281652
01281655
01281658
01281659
01281666
01281681
01281682
01281688
01281699
01281720
01281727
01281765
01281787
01281791
01281798
01281808
01281826
01281851
01281867
01281908
01282007
01282008
01282047
01282076
01282103
01282151
01282255
01282274
01282300
01282346
01282359
01282361
01282370
01282405
01282406
01282407
01282411
01282436
01282451
01282460
01282469
01282482
01282495
01282496
01282497
01282498
01282520
01282535
01282536
01282542
01282560
01282588
01282598
01282603
01282604
01282605
01282620
01282668
01282697
01282701
01282711
01282729
01282735
01282753
01282758
01282763
01282764
01282777
01282780
01282809
01282850
01282851
01282910
01282917
01282933
01282938
01282939
01282941
01282942
01282947
01282953
01282961
01282962
01282966
01282974
01282983
01282986
01283002
01283010
01283031
01283041
01283044
01283053
01283056
01283060
01283061
01283063
01283074
01283093
01283105
01283111
01283121
01283127
01283133
01283172
01283193
01283205
01283226
01283236
01283293
01283298
01283314
01283317
01283329
01283356
01283363
01283394
01283402
01283415
01283417
01283428
01283431
01283466
01283502
01283510
01283529
01283530
01283589
01283593
01283617
01283662
01283666
01283705
01283721
01283735
01283857
01283884
01283913
01283949
01283952
01283954
01283972
01283977
01284015
01284026
01284029
01284040
01284062
01284068
01284074
01284083
01284086
01284091
01284111
01284140
01284148
01284166
01284171
01284173
01284178
01284179
01284223
01284236
01284272
01284274
01284278
01284292
01284299
01284300
01284320
01284323
01284376
01284377
01284399
01284417
01284428
01284437
01284438
01284439
01284440
01284461
01284486
01284500
01284501
01284503
01284504
01284521
01284526
01284527
01284582
01284586
01284589
01284590
01284639
01284646
01284653
01284674
01284697
01284699
01284700
01284717
01284739
01284797
01284807
01284808
01284818
01284846
01284901
01284903
01284919
01284920
01284921
01284930
01284940
01284949
01284953
01284957
01284979
01284983
01285057
01285173
01285263
01285264
01285294
01285309
01285310
01285315
01285316
01285317
01285318
01285319
01285352
01285363
01285377
01285383
01285394
01285407
01285431
01285480
01285485
01285486
01285487
01285488
01285489
01285534
01285553
01285597
01285620
01285659
01285743
01285750
01285765
01285773
01285782
01285815
01285855
01285871
01285873
01285884
01285892
01285897
01285914
01285916
01285930
01285932
01285959
01285963
01285987
01286005
01286019
01286020
01286034
01286037
01286043
01286091
01286106
01286113
01286139
01286141
01286146
01286151
01286156
01286164
01286172
01286186
01286196
01286214
01286223
01286224
01286253
01286255
01286259
01286270
01286292
01286294
01286307
01286313
01286323
01286327
01286373
01286376
01286378
01286398
01286415
01286421
01286449
01286469
01286470
01286495
01286497
01286499
01286514
01286523
01286524
01286537
01286550
01286551
01286558
01286562
01286617
01286629
01286634
01286642
01286661
01286679
01286685
01286721
01286724
01286727
01286731
01286758
01286794
01286807
01286816
01286819
01286822
01286841
01286846
01286848
01286851
01286854
01286912
01286918
01286919
01286941
01286947
01286959
01286963
01286969
01286978
01286983
01286996
01287016
01287019
01287020
01287021
01287026
01287031
01287056
01287093
01287117
01287159
01287167
01287206
01287207
01287260
01287265
01287266
01287397
01287433
01287515
01287557
01287629
01287674
01287701
01287717
01287722
01287724
01287725
01287726
01287752
01287753
01287767
01287799
01287815
01287830
01287880
01287912
01287927
01287945
01287970
01287983
01287988
01288020
01288036
01288072
01288136
01288167
01288191
01288192
01288214
01288221
01288223
01288240
01288284
01288317
01288328
01288334
01288346
01288351
01288352
01288384
01288436
01288445
01288457
01288478
01288530
01288539
01288540
01288549
01288558
01288569
01288570
01288586
01288592
01288593
01288606
01288652
01288659
01288669
01288681
01288701
01288715
01288727
01288739
01288745
01288747
01288752
01288778
01288782
01288789
01288805
01288813
01288822
01288827
01288842
01288847
01288867
01288909
01288935
01288940
01288951
01288952
01289022
01289024
01289031
01289064
01289075
01289084
01289135
01289147
01289157
01289162
01289201
01289214
01289217
01289230
01289244
01289256
01289282
01289293
01289311
01289317
01289329
01289351
01289356
01289357
01289373
01289375
01289402
01289472
01289473
01289491
01289505
01289534
01289546
01289573
01289576
01289604
01289643
01289667
01289712
01289719
01289728
01289731
01289740
01289749
01289771
01289781
01289782
01289787
01289811
01289824
01289878
01289945
01289967
01289970
01289974
01289980
01290044
01290111
01290139
01290141
01290149
01290167
01290179
01290242
01290267
01290318
01290348
01290409
01290411
01290413
01290438
01290445
01290453
01290482
01290491
01290501
01290503
01290505
01290520
01290533
01290536
01290537
01290542
01290570
01290605
01290618
01290619
01290630
01290633
01290647
01290649
01290658
01290660
01290661
01290683
01290688
01290696
01290716
01290731
01290769
01290771
01290780
01290791
01290803
01290821
01290832
01290869
01290880
01290925
01290936
01290973
01290990
01291010
01291011
01291033
01291038
01291040
01291053
01291055
01291056
01291092
01291132
01291154
01291227
01291248
01291264
01291279
01291281
01291284
01291321
01291345
01291350
01291353
01291358
01291376
01291416
01291435
01291440
01291449
01291483
01291484
01291490
01291576
01291584
01291606
01291614
01291629
01291630
01291646
01291648
01291682
01291687
01291709
01291719
01291720
01291729
01291731
01291751
01291805
01291853
01291854
01291924
01291925
01291937
01291938
01291950
01291951
01291952
01291957
01291995
01292002
01292003
01292011
01292039
01292065
01292080
01292083
01292148
01292155
01292170
01292172
01292244
01292255
01292256
01292260
01292266
01292287
01292309
01292320
01292322
01292346
01292376
01292386
01292399
01292428
01292469
01292528
01292538
01292588
01292609
01292622
01292623
01292627
01292637
01292638
01292719
01292729
01292743
01292755
01292784
01292917
01292925
01292926
01292939
01292951
01293011
01293061
01293066
01293083
01293085
01293091
01293118
01293123
01293135
01293167
01293170
01293173
01293187
01293190
01293191
01293197
01293211
01293228
01293234
01293275
01293281
01293282
01293321
01293340
01293380
01293381
01293391
01293404
01293406
01293469
01293486
01293496
01293514
01293534
01293552
01293568
01293672
01293717
01293719
01293722
01293740
01293744
01293753
01293759
01293764
01293781
01293783
01293790
01293810
01293818
01293819
01293825
01293847
01293849
01293856
01293873
01293874
01293879
01293880
01293885
01293892
01293932
01293934
01293956
01293970
01293974
01293990
01293997
01293998
01293999
01294000
01294001
01294014
01294049
01294055
01294067
01294076
01294085
01294087
01294096
01294112
01294146
01294193
01294200
01294211
01294213
01294223
01294225
01294231
01294234
01294235
01294236
01294252
01294257
01294276
01294336
01294363
01294368
01294375
01294379
01294384
01294398
01294418
01294473
01294475
01294502
01294530
01294593
01294667
01294669
01294715
01294792
01294894
01294965
01294978
01294993
01295003
01295004
01295014
01295058
01295080
01295115
01295134
01295205
01295207
01295208
01295215
01295252
01295336
01295337
01295338
01295395
01295400
01295417
01295422
01295471
01295499
01295500
01295501
01295576
01295585
01295647
01295648
01295655
01295663
01295673
01295684
01295696
01295722
01295728
01295739
01295741
01295764
01295769
01295770
01295771
01295778
01295789
01295792
01295802
01295813
01295814
01295818
01295824
01295836
01295851
01295915
01295952
01296008
01296045
01296046
01296053
01296088
01296116
01296125
01296162
01296167
01296174
01296191
01296204
01296205
01296207
01296220
01296235
01296242
01296247
01296252
01296284
01296319
01296334
01296364
01296368
01296388
01296417
01296420
01296451
01296459
01296463
01296466
01296467
01296483
01296485
01296488
01296491
01296512
01296520
01296525
01296535
01296543
01296544
01296578
01296592
01296644
01296656
01296660
01296669
01296681
01296686
01296687
01296699
01296733
01296755
01296783
01296835
01296837
01296850
01296857
01296901
01296904
01296926
01296959
01296964
01296989
01296995
01297005
01297014
01297025
01297037
01297041
01297045
01297070
01297071
01297090
01297109
01297113
01297124
01297141
01297154
01297202
01297224
01297249
01297318
01297330
01297336
01297413
01297427
01297428
01297441
01297443
01297454
01297471
01297486
01297490
01297503
01297510
01297512
01297556
01297620
01297634
01297639
01297640
01297649
01297660
01297708
01297719
01297773
01297781
01297788
01297791
01297813
01297865
01297882
01297970
01298029
01298038
01298039
01298040
01298041
01298045
01298061
01298111
01298124
01298128
01298135
01298167
01298168
01298182
01298202
01298208
01298235
01298267
01298303
01298312
01298324
01298335
01298362
01298367
01298369
01298394
01298401
01298422
01298428
01298431
01298437
01298438
01298453
01298510
01298513
01298514
01298548
01298583
01298585
01298592
01298593
01298644
01298653
01298665
01298708
01298723
01298763
01298767
01298768
01298796
01298797
01298830
01298845
01298860
01298865
01298872
01298894
01298909
01298910
01298932
01298944
01298949
01298959
01298970
01298973
01298978
01299006
01299012
01299021
01299035
01299054
01299055
01299056
01299057
01299063
01299075
01299076
01299077
01299078
01299079
01299109
01299114
01299139
01299155
01299170
01299195
01299198
01299211
01299230
01299235
01299248
01299268
01299290
01299328
01299333
01299345
01299418
01299448
01299458
01299479
01299488
01299493
01299494
01299581
01299592
01299615
01299620
01299625
01299626
01299628
01299664
01299680
01299817
01299819
01299879
01299891
01299892
01299910
01299925
01299965
01299972
01299974
01300035
01300043
01300052
01300066
01300068
01300073
01300081
01300091
01300092
01300093
01300094
01300095
01300115
01300119
01300133
01300135
01300146
01300148
01300151
01300152
01300158
01300188
01300204
01300216
01300255
01300260
01300271
01300285
01300286
01300287
01300292
01300305
01300314
01300320
01300496
01300528
01300531
01300536
01300538
01300559
01300561
01300563
01300570
01300572
01300574
01300633
01300642
01300661
01300664
01300666
01300683
01300727
01300746
01300766
01300781
01300792
01300801
01300802
01300818
01300821
01300828
01300829
01300857
01300862
01300870
01300874
01300894
01300900
01300915
01300926
01300947
01300978
01300979
01300990
01301141
01301150
01301158
01301191
01301193
01301274
01301276
01301322
01301372
01301389
01301403
01301405
01301411
01301415
01301439
01301466
01301481
01301488
01301490
01301560
01301561
01301570
01301578
01301590
01301645
01301661
01301665
01301689
01301695
01301760
01301786
01301790
01301863
01301864
01301874
01301923
01301952
01301957
01301960
01301968
01301973
01301983
01301986
01301996
01302021
01302037
01302047
01302091
01302096
01302142
01302145
01302152
01302162
01302165
01302167
01302177
01302179
01302185
01302188
01302225
01302236
01302244
01302247
01302278
01302312
01302352
01302409
01302410
01302417
01302423
01302424
01302425
01302431
01302433
01302441
01302469
01302481
01302647
01302650
01302711
01302725
01302794
01302798
01302800
01302819
01302848
01302870
01302883
01302886
01302897
01302922
01302965
01302971
01302979
01303002
01303004
01303010
01303017
01303018
01303020
01303022
01303027
01303028
01303037
01303045
01303066
01303086
01303096
01303110
01303117
01303137
01303142
01303153
01303180
01303222
01303225
01303230
01303232
01303260
01303278
01303313
01303323
01303329
01303369
01303415
01303420
01303422
01303425
01303426
01303446
01303448
01303451
01303452
01303453
01303456
01303485
01303493
01303494
01303498
01303502
01303503
01303541
01303567
01303574
01303576
01303577
01303634
01303635
01303643
01303644
01303648
01303658
01303670
01303671
01303694
01303700
01303702
01303713
01303726
01303747
01303786
01303790
01303810
01303827
01303883
01303926
01304000
01304003
01304024
01304096
01304114
01304139
01304190
01304197
01304251
01304285
01304289
01304300
01304385
01304391
01304420
01304425
01304453
01304455
01304467
01304533
01304559
01304566
01304576
01304585
01304586
01304587
01304603
01304606
01304625
01304626
01304627
01304640
01304682
01304701
01304703
01304705
01304709
01304718
01304735
01304740
01304747
01304756
01304761
01304775
01304791
01304796
01304807
01304818
01304853
01304897
01304915
01304917
01304982
01304985
01305010
01305011
01305018
01305019
01305022
01305036
01305049
01305050
01305051
01305053
01305054
01305073
01305081
01305084
01305085
01305095
01305104
01305107
01305114
01305119
01305145
01305155
01305159
01305165
01305178
01305187
01305191
01305194
01305196
01305237
01305238
01305249
01305330
01305339
01305346
01305349
01305359
01305396
01305398
01305442
01305459
01305476
01305484
01305494
01305496
01305501
01305505
01305516
01305518
01305597
01305621
01305634
01305640
01305658
01305702
01305719
01305777
01305813
01305851
01305870
01305893
01305931
01305952
01305972
01305973
01305980
01305983
01305984
01306011
01306048
01306063
01306064
01306065
01306069
01306071
01306080
01306115
01306116
01306143
01306144
01306155
01306162
01306204
01306219
01306239
01306241
01306266
01306272
01306280
01306282
01306285
01306290
01306308
01306341
01306353
01306380
01306383
01306393
01306396
01306405
01306410
01306460
01306473
01306500
01306517
01306545
01306546
01306554
01306570
01306588
01306603
01306621
01306730
01306734
01306737
01306742
01306753
01306755
01306761
01306763
01306767
01306799
01306801
01306810
01306811
01306817
01306826
01306855
01306912
01306916
01306980
01306995
01306996
01306998
01307004
01307014
01307017
01307030
01307032
01307035
01307044
01307052
01307062
01307063
01307070
01307097
01307099
01307106
01307184
01307215
01307216
01307223
01307228
01307230
01307257
01307273
01307315
01307324
01307349
01307380
01307384
01307386
01307389
01307390
01307394
01307395
01307396
01307402
01307408
01307415
01307420
01307428
01307429
01307430
01307544
01307566
01307642
01307746
01307840
01307844
01307853
01307886
01307890
01307905
01307907
01307920
01307929
01307979
01307983
01307993
01308069
01308118
01308146
01308150
01308158
01308208
01308239
01308260
01308308
01308309
01308313
01308315
01308321
01308339
01308340
01308342
01308352
01308353
01308358
01308372
01308379
01308386
01308413
01308414
01308421
01308423
01308432
01308433
01308454
01308456
01308472
01308496
01308498
01308506
01308523
01308526
01308545
01308586
01308615
01308638
01308640
01308653
01308708
01308710
01308725
01308732
01308734
01308738
01308754
01308763
01308774
01308785
01308795
01308804
01308810
01308819
01308822
01308824
01308903
01308909
01308923
01308925
01308930
01308931
01308944
01308974
01308982
01308998
01308999
01309011
01309013
01309023
01309024
01309027
01309066
01309068
01309084
01309085
01309091
01309117
01309118
01309119
01309120
01309132
01309140
01309141
01309179
01309180
01309186
01309189
01309190
01309194
01309199
01309212
01309227
01309232
01309240
01309287
01309324
01309339
01309344
01309357
01309361
01309364
01309380
01309395
01309458
01309459
01309460
01309485
01309491
01309492
01309535
01309540
01309541
01309544
01309545
01309546
01309551
01309556
01309557
01309618
01309640
01309644
01309654
01309707
01309733
01309791
01309811
01309844
01309847
01309849
01309886
01309948
01309951
01309987
01309996
01310012
01310049
01310056
01310067
01310068
01310069
01310070
01310072
01310074
01310087
01310089
01310090
01310091
01310092
01310093
01310094
01310095
01310096
01310097
01310098
01310099
01310100
01310101
01310102
01310103
01310104
01310105
01310106
01310107
01310108
01310109
01310110
01310111
01310120
01310135
01310147
01310156
01310157
01310158
01310160
01310163
01310187
01310188
01310201
01310202
01310211
01310213
01310220
01310221
01310251
01310252
01310293
01310307
01310309
01310320
01310332
01310349
01310368
01310413
01310414
01310443
01310444
01310456
01310460
01310461
01310465
01310466
01310472
01310488
01310489
01310493
01310495
01310503
01310519
01310521
01310568
01310578
01310579
01310584
01310606
01310628
01310639
01310678
01310720
01310794
01310797
01310800
01310802
01310808
01310811
01310813
01310814
01310815
01310822
01310895
01310921
01310936
01310945
01310946
01310984
01311020
01311022
01311056
01311084
01311085
01311102
01311115
01311118
01311156
01311183
01311202
01311208
01311212
01311222
01311244
01311276
01311298
01311319
01311343
01311344
01311359
01311389
01311391
01311392
01311404
01311411
01311412
01311418
01311428
01311429
01311430
01311450
01311462
01311468
01311489
01311506
01311508
01311511
01311512
01311527
01311534
01311568
01311594
01311616
01311626
01311661
01311663
01311664
01311666
01311668
01311689
01311699
01311713
01311720
01311777
01311781
01311786
01311796
01311830
01311831
01311836
01311869
01311870
01311908
01311927
01311940
01311964
01311973
01311976
01311978
01312069
01312073
01312085
01312109
01312123
01312127
01312151
01312217
01312224
01312339
01312343
01312357
01312359
01312360
01312426
01312444
01312517
01312601
01312606
01312620
01312677
01312702
01312739
01312740
01312757
01312844
01312878
01312927
01312947
01312960
01312969
01312992
01313032
01313081
01313115
01313116
01313123
01313124
01313143
01313153
01313156
01313165
01313167
01313184
01313194
01313200
01313231
01313253
01313254
01313273
01313279
01313288
01313302
01313311
01313326
01313332
01313345
01313373
01313383
01313388
01313399
01313424
01313432
01313441
01313476
01313533
01313540
01313569
01313598
01313631
01313645
01313678
01313682
01313693
01313694
01313705
01313708
01313719
01313736
01313755
01313774
01313782
01313783
01313788
01313790
01313801
01313803
01313809
01313861
01313872
01313873
01313881
01313894
01313907
01313945
01313968
01313974
01313976
01313983
01313984
01313993
01313994
01314041
01314042
01314047
01314059
01314074
01314075
01314126
01314161
01314171
01314180
01314188
01314195
01314217
01314226
01314236
01314257
01314264
01314285
01314286
01314332
01314358
01314386
01314395
01314399
01314403
01314404
01314408
01314416
01314443
01314491
01314511
01314512
01314513
01314514
01314515
01314516
01314517
01314518
01314519
01314520
01314521
01314522
01314523
01314543
01314546
01314555
01314575
01314595
01314596
01314693
01314703
01314739
01314750
01314756
01314883
01314934
01314964
01314988
01315058
01315063
01315083
01315102
01315118
01315133
01315146
01315165
01315181
01315186
01315193
01315208
01315220
01315223
01315227
01315249
01315265
01315291
01315296
01315320
01315328
01315338
01315356
01315366
01315401
01315402
01315403
01315416
01315427
01315463
01315465
01315470
01315476
01315495
01315504
01315531
01315562
01315570
01315667
01315729
01315739
01315741
01315811
01315812
01315815
01315860
01315895
01315915
01315970
01315979
01315980
01315983
01315998
01316035
01316070
01316085
01316123
01316124
01316192
01316218
01316226
01316236
01316254
01316260
01316334
01316335
01316414
01316484
01316505
01316540
01316593
01316597
01316632
01316639
01316649
01316669
01316672
01316692
01316697
01316713
01316715
01316721
01316728
01316748
01316767
01316769
01316771
01316782
01316791
01316799
01316808
01316817
01316829
01316847
01316856
01316857
01316884
01316893
01316896
01316975
01317033
01317043
01317050
01317060
01317074
01317100
01317119
01317129
01317137
01317156
01317160
01317161
01317189
01317214
01317250
01317256
01317258
01317266
01317268
01317298
01317324
01317335
01317348
01317349
01317382
01317398
01317421
01317439
01317441
01317459
01317465
01317479
01317490
01317504
01317519
01317540
01317596
01317599
01317613
01317630
01317653
01317657
01317698
01317709
01317736
01317792
01317795
01317796
01317797
01317802
01317823
01317835
01317843
01317867
01317915
01317942
01317979
01317993
01318032
01318107
01318111
01318116
01318117
01318129
01318136
01318153
01318171
01318219
01318220
01318236
01318237
01318243
01318244
01318255
01318314
01318365
01318373
01318406
01318432
01318444
01318521
01318561
01318581
01318596
01318616
01318619
01318634
01318661
01318736
01318760
01318784
01318797
01318812
01318821
01318823
01318861
01318870
01318872
01318930
01318959
01318968
01318985
01318991
01319024
01319030
01319042
01319073
01319077
01319081
01319097
01319099
01319113
01319116
01319121
01319127
01319132
01319135
01319157
01319161
01319165
01319166
01319169
01319206
01319207
01319218
01319225
01319247
01319274
01319278
01319283
01319290
01319306
01319311
01319323
01319325
01319362
01319397
01319398
01319403
01319406
01319421
01319498
01319500
01319507
01319523
01319524
01319535
01319540
01319543
01319560
01319589
01319609
01319630
01319659
01319686
01319701
01319704
01319706
01319717
01319720
01319723
01319725
01319729
01319741
01319742
01319774
01319790
01319806
01319829
01319839
01319848
01319876
01319907
01319909
01319910
01319924
01319934
01319946
01319947
01319969
01319971
01319986
01320010
01320012
01320016
01320018
01320024
01320030
01320048
01320059
01320067
01320068
01320092
01320095
01320101
01320105
01320106
01320111
01320117
01320141
01320145
01320150
01320156
01320162
01320166
01320168
01320169
01320174
01320237
01320253
01320264
01320286
01320375
01320394
01320408
01320413
01320431
01320441
01320445
01320464
01320475
01320501
01320511
01320528
01320559
01320570
01320571
01320574
01320575
01320590
01320603
01320636
01320692
01320699
01320705
01320737
01320751
01320757
01320767
01320772
01320782
01320788
01320791
01320801
01320802
01320810
01320843
01320846
01320850
01320894
01320900
01320916
01320944
01320960
01320981
01321010
01321070
01321073
01321115
01321214
01321276
01321346
01321376
01321383
01321414
01321428
01321441
01321442
01321566
01321593
01321607
01321617
01321619
01321629
01321639
01321696
01321714
01321752
01321765
01321768
01321773
01321795
01321800
01321803
01321806
01321816
01321821
01321827
01321829
01321834
01321867
01321871
01321880
01321889
01321899
01321914
01321955
01321957
01321959
01321997
01322003
01322004
01322032
01322041
01322055
01322070
01322072
01322089
01322093
01322101
01322177
01322192
01322193
01322198
01322200
01322216
01322251
01322253
01322291
01322312
01322316
01322318
01322373
01322396
01322397
01322404
01322405
01322459
01322460
01322475
01322482
01322487
01322499
01322501
01322502
01322526
01322531
01322540
01322544
01322573
01322577
01322601
01322645
01322646
01322671
01322673
01322676
01322684
01322695
01322705
01322747
01322762
01322771
01322772
01322790
01322799
01322830
01322843
01322855
01322881
01322968
01322976
01322980
01322981
01322989
01323017
01323034
01323043
01323044
01323053
01323067
01323080
01323099
01323140
01323163
01323171
01323173
01323226
01323230
01323231
01323263
01323280
01323286
01323307
01323375
01323382
01323398
01323399
01323407
01323517
01323524
01323541
01323596
01323754
01323755
01323767
01323782
01323793
01323811
01323821
01323861
01323862
01323882
01323888
01323889
01323973
01323985
01324031
01324033
01324058
01324087
01324109
01324117
01324136
01324139
01324140
01324144
01324172
01324173
01324176
01324178
01324194
01324203
01324204
01324210
01324236
01324254
01324264
01324278
01324279
01324287
01324322
01324323
01324339
01324393
01324394
01324401
01324412
01324415
01324422
01324538
01324542
01324554
01324578
01324599
01324611
01324613
01324617
01324629
01324673
01324680
01324693
01324723
01324741
01324753
01324764
01324776
01324828
01324853
01324874
01324885
01324893
01324921
01324983
01324999
01325010
01325018
01325025
01325044
01325048
01325050
01325061
01325078
01325084
01325094
01325096
01325109
01325110
01325115
01325127
01325128
01325135
01325136
01325142
01325144
01325145
01325155
01325165
01325167
01325205
01325222
01325224
01325225
01325234
01325271
01325276
01325292
01325294
01325295
01325300
01325306
01325307
01325311
01325321
01325327
01325335
01325356
01325374
01325378
01325380
01325386
01325387
01325446
01325479
01325492
01325522
01325553
01325607
01325666
01325676
01325712
01325717
01325732
01325738
01325740
01325768
01325771
01325787
01325860
01325868
01325869
01325872
01325894
01325912
01325995
01325996
01326052
01326124
01326144
01326187
01326199
01326218
01326229
01326263
01326272
01326299
01326322
01326329
01326330
01326339
01326347
01326366
01326374
01326379
01326423
01326453
01326497
01326578
01326590
01326591
01326597
01326599
01326617
01326618
01326620
01326627
01326638
01326665
01326669
01326682
01326694
01326695
01326699
01326701
01326705
01326707
01326712
01326722
01326725
01326733
01326743
01326754
01326773
01326781
01326815
01326825
01326846
01326852
01326853
01326948
01326949
01326984
01327010
01327025
01327027
01327065
01327067
01327075
01327076
01327087
01327106
01327118
01327142
01327159
01327161
01327187
01327188
01327189
01327205
01327209
01327215
01327219
01327224
01327295
01327317
01327325
01327328
01327353
01327355
01327375
01327440
01327464
01327470
01327487
01327500
01327502
01327526
01327547
01327548
01327550
01327576
01327577
01327584
01327588
01327594
01327598
01327618
01327622
01327623
01327628
01327634
01327668
01327702
01327703
01327713
01327716
01327725
01327734
01327756
01327785
01327817
01327834
01327844
01327848
01327856
01327858
01327878
01327880
01327892
01327899
01327907
01327934
01327943
01327980
01328026
01328065
01328097
01328106
01328107
01328114
01328127
01328186
01328189
01328211
01328219
01328250
01328255
01328256
01328291
01328306
01328312
01328313
01328319
01328361
01328395
01328400
01328403
01328411
01328431
01328520
01328530
01328531
01328574
01328578
01328617
01328620
01328695
01328700
01328705
01328748
01328798
01328817
01328829
01328847
01328853
01328861
01328867
01328871
01328886
01328912
01328922
01328942
01328943
01328959
01328960
01328972
01328973
01328974
01328995
01329001
01329011
01329028
01329043
01329048
01329049
01329062
01329098
01329115
01329120
01329130
01329145
01329149
01329162
01329170
01329171
01329181
01329218
01329236
01329252
01329268
01329312
01329351
01329362
01329395
01329465
01329466
01329480
01329510
01329573
01329593
01329626
01329627
01329633
01329647
01329666
01329669
01329670
01329674
01329693
01329695
01329697
01329703
01329708
01329739
01329740
01329748
01329753
01329760
01329781
01329791
01329832
01329837
01329839
01329881
01329905
01329915
01329931
01329946
01329959
01329993
01330009
01330020
01330031
01330069
01330073
01330107
01330124
01330166
01330201
01330209
01330211
01330213
01330220
01330224
01330226
01330250
01330253
01330256
01330307
01330324
01330346
01330388
01330414
01330420
01330449
01330464
01330495
01330501
01330532
01330533
01330535
01330574
01330589
01330601
01330625
01330628
01330660
01330678
01330742
01330752
01330799
01330800
01330869
01330900
01330918
01330943
01330966
01331025
01331065
01331067
01331074
01331093
01331098
01331106
01331112
01331113
01331114
01331120
01331138
01331142
01331145
01331150
01331159
01331179
01331183
01331190
01331210
01331212
01331215
01331222
01331244
01331245
01331261
01331271
01331273
01331274
01331277
01331280
01331292
01331296
01331328
01331330
01331332
01331389
01331395
01331414
01331416
01331422
01331429
01331430
01331456
01331484
01331498
01331576
01331599
01331632
01331683
01331684
01331696
01331698
01331711
01331730
01331829
01331831
01331835
01331849
01331852
01331863
01331874
01331882
01331889
01331901
01331907
01331925
01331930
01331943
01331955
01331985
01331991
01332039
01332050
01332071
01332072
01332096
01332120
01332168
01332173
01332180
01332183
01332200
01332216
01332228
01332249
01332251
01332271
01332277
01332283
01332286
01332305
01332323
01332338
01332371
01332372
01332391
01332420
01332448
01332450
01332465
01332535
01332539
01332661
01332726
01332729
01332750
01332752
01332755
01332760
01332795
01332821
01332824
01332916
01332979
01333029
01333040
01333044
01333045
01333062
01333072
01333101
01333118
01333148
01333170
01333250
01333288
01333314
01333319
01333332
01333352
01333353
01333369
01333370
01333373
01333375
01333376
01333451
01333455
01333456
01333457
01333458
01333489
01333510
01333516
01333564
01333588
01333605
01333609
01333612
01333641
01333647
01333682
01333684
01333699
01333713
01333725
01333737
01333766
01333768
01333769
01333781
01333795
01333822
01333923
01333940
01333951
01333957
01333962
01334000
01334011
01334016
01334023
01334025
01334035
01334044
01334093
01334097
01334105
01334117
01334121
01334125
01334138
01334183
01334187
01334189
01334199
01334202
01334203
01334205
01334209
01334210
01334214
01334225
01334237
01334250
01334261
01334262
01334269
01334280
01334302
01334344
01334379
01334401
01334411
01334415
01334425
01334439
01334443
01334444
01334457
01334461
01334470
01334485
01334488
01334496
01334509
01334544
01334547
01334553
01334618
01334620
01334621
01334624
01334657
01334687
01334691
01334699
01334703
01334704
01334711
01334745
01334751
01334752
01334776
01334784
01334807
01334812
01334835
01334840
01334854
01334861
01334862
01334925
01334956
01335004
01335040
01335112
01335156
01335176
01335220
01335301
01335309
01335326
01335361
01335376
01335402
01335404
01335411
01335412
01335423
01335431
01335438
01335463
01335467
01335472
01335476
01335479
01335481
01335484
01335495
01335498
01335501
01335504
01335505
01335552
01335565
01335571
01335575
01335583
01335585
01335603
01335632
01335640
01335648
01335655
01335659
01335660
01335661
01335664
01335672
01335676
01335684
01335691
01335708
01335712
01335742
01335795
01335810
01335863
01335864
01335865
01335872
01335905
01335925
01335983
01336057
01336076
01336082
01336084
01336085
01336087
01336090
01336093
01336096
01336103
01336111
01336132
01336133
01336138
01336148
01336177
01336185
01336186
01336191
01336194
01336195
01336210
01336236
01336237
01336243
01336260
01336269
01336294
01336311
01336315
01336319
01336335
01336342
01336344
01336361
01336362
01336371
01336380
01336382
01336398
01336404
01336405
01336407
01336410
01336418
01336423
01336425
01336432
01336457
01336478
01336493
01336507
01336512
01336551
01336552
01336560
01336566
01336577
01336580
01336584
01336593
01336625
01336690
01336700
01336702
01336713
01336752
01336767
01336813
01336819
01336849
01336884
01337007
01337017
01337018
01337024
01337146
01337198
01337235
01337282
01337320
01337396
01337404
01337410
01337436
01337437
01337488
01337522
01337529
01337567
01337588
01337594
01337595
01337603
01337604
01337651
01337665
01337722
01337723
01337753
01337770
01337771
01337796
01337815
01337822
01337838
01337842
01337860
01337864
01337921
01337935
01337948
01337983
01337986
01338014
01338015
01338030
01338037
01338055
01338077
01338079
01338088
01338098
01338113
01338152
01338176
01338184
01338197
01338209
01338212
01338217
01338229
01338239
01338323
01338324
01338354
01338360
01338426
01338431
01338435
01338439
01338443
01338457
01338461
01338462
01338467
01338475
01338478
01338481
01338487
01338488
01338489
01338491
01338519
01338537
01338560
01338580
01338629
01338659
01338669
01338676
01338701
01338708
01338723
01338734
01338740
01338757
01338771
01338773
01338832
01338872
01338925
01338927
01338939
01338940
01338941
01338943
01338962
01338966
01338986
01339018
01339024
01339063
01339136
01339138
01339160
01339201
01339226
01339233
01339327
01339335
01339341
01339413
01339444
01339453
01339483
01339496
01339522
01339552
01339558
01339575
01339601
01339607
01339608
01339643
01339644
01339659
01339685
01339716
01339842
01339874
01339878
01339888
01339896
01339902
01339904
01339978
01340004
01340072
01340075
01340083
01340093
01340125
01340128
01340135
01340138
01340139
01340142
01340148
01340153
01340154
01340156
01340199
01340226
01340228
01340235
01340257
01340289
01340306
01340364
01340449
01340456
01340464
01340477
01340482
01340487
01340491
01340501
01340513
01340517
01340523
01340525
01340537
01340539
01340541
01340572
01340576
01340578
01340600
01340621
01340740
01340744
01340749
01340767
01340815
01340816
01340822
01340826
01340828
01340831
01340837
01340849
01340853
01340858
01340865
01340873
01340894
01340898
01340903
01340910
01340925
01340927
01340936
01340943
01340968
01340977
01340978
01340979
01340988
01340990
01340992
01341023
01341024
01341028
01341047
01341065
01341066
01341071
01341099
01341187
01341206
01341262
01341278
01341280
01341323
01341390
01341416
01341420
01341475
01341490
01341495
01341497
01341550
01341566
01341591
01341594
01341658
01341666
01341719
01341755
01341813
01341816
01341863
01341956
01341957
01342048
01342053
01342059
01342076
01342078
01342091
01342096
01342107
01342118
01342141
01342150
01342158
01342185
01342188
01342206
01342214
01342217
01342223
01342224
01342228
01342260
01342263
01342281
01342298
01342304
01342314
01342324
01342328
01342332
01342339
01342364
01342365
01342391
01342393
01342406
01342444
01342449
01342464
01342467
01342474
01342480
01342501
01342568
01342591
01342592
01342601
01342603
01342658
01342680
01342713
01342725
01342740
01342743
01342752
01342767
01342768
01342776
01342784
01342790
01342797
01342810
01342813
01342814
01342828
01342839
01342844
01342848
01342864
01342880
01342890
01342900
01342911
01342923
01342924
01342926
01342927
01342971
01342976
01342986
01343009
01343013
01343015
01343018
01343029
01343030
01343034
01343046
01343049
01343059
01343065
01343099
01343101
01343124
01343192
01343193
01343223
01343263
01343267
01343270
01343282
01343288
01343306
01343308
01343341
01343359
01343373
01343394
01343397
01343405
01343411
01343442
01343472
01343490
01343491
01343500
01343501
01343516
01343624
01343625
01343631
01343634
01343636
01343641
01343656
01343660
01343675
01343677
01343678
01343684
01343724
01343737
01343797
01343820
01343831
01343851
01343902
01343912
01343993
01344009
01344025
01344027
01344053
01344101
01344102
01344156
01344158
01344180
01344217
01344259
01344260
01344295
01344321
01344347
01344352
01344353
01344384
01344391
01344392
01344393
01344474
01344483
01344492
01344506
01344521
01344522
01344538
01344539
01344545
01344546
01344547
01344551
01344570
01344622
01344632
01344640
01344644
01344667
01344668
01344691
01344701
01344730
01344743
01344744
01344758
01344781
01344782
01344786
01344804
01344820
01344823
01344825
01344886
01344904
01344907
01344925
01344931
01344932
01344941
01344945
01344979
01345053
01345074
01345081
01345084
01345136
01345139
01345141
01345171
01345193
01345211
01345213
01345253
01345269
01345270
01345271
01345272
01345278
01345309
01345325
01345328
01345329
01345335
01345358
01345359
01345360
01345371
01345375
01345383
01345384
01345403
01345415
01345457
01345473
01345474
01345477
01345506
01345507
01345510
01345530
01345533
01345556
01345584
01345609
01345620
01345631
01345665
01345679
01345683
01345703
01345708
01345715
01345723
01345742
01345751
01345752
01345757
01345814
01345825
01345827
01345840
01345841
01345889
01345893
01345895
01345896
01345899
01345904
01345910
01345947
01345952
01345968
01345974
01345985
01346032
01346110
01346121
01346134
01346138
01346183
01346190
01346288
01346311
01346376
01346394
01346399
01346404
01346414
01346476
01346490
01346496
01346541
01346570
01346581
01346602
01346617
01346634
01346637
01346663
01346671
01346867
01346899
01346912
01346913
01346925
01346990
01347005
01347033
01347038
01347041
01347044
01347046
01347055
01347116
01347119
01347123
01347129
01347147
01347159
01347174
01347232
01347243
01347244
01347245
01347290
01347299
01347317
01347333
01347373
01347416
01347418
01347420
01347471
01347476
01347478
01347479
01347497
01347507
01347527
01347595
01347630
01347643
01347689
01347699
01347712
01347721
01347730
01347731
01347732
01347739
01347749
01347750
01347782
01347792
01347819
01347841
01347842
01347849
01347903
01347909
01347915
01347921
01347957
01347961
01347977
01347978
01347982
01347996
01348011
01348019
01348025
01348046
01348047
01348086
01348087
01348089
01348090
01348094
01348098
01348136
01348146
01348147
01348183
01348186
01348188
01348246
01348270
01348290
01348293
01348324
01348334
01348357
01348358
01348381
01348384
01348460
01348507
01348517
01348544
01348555
01348626
01348632
01348672
01348677
01348708
01348728
01348729
01348742
01348746
01348812
01348817
01348819
01348871
01348874
01348878
01348916
01348960
01348970
01348982
01348987
01349056
01349141
01349149
01349162
01349167
01349172
01349185
01349207
01349210
01349248
01349261
01349292
01349294
01349306
01349307
01349364
01349518
01349569
01349599
01349631
01349634
01349635
01349637
01349656
01349711
01349741
01349772
01349811
01349812
01349815
01349851
01349864
01349881
01349915
01349917
01349982
01349992
01350007
01350032
01350033
01350049
01350076
01350099
01350119
01350132
01350169
01350180
01350198
01350236
01350252
01350280
01350285
01350308
01350322
01350337
01350341
01350342
01350351
01350355
01350372
01350379
01350384
01350393
01350394
01350401
01350402
01350409
01350421
01350437
01350477
01350483
01350485
01350486
01350487
01350492
01350508
01350522
01350538
01350541
01350543
01350578
01350587
01350633
01350634
01350657
01350667
01350681
01350693
01350715
01350716
01350717
01350722
01350723
01350724
01350741
01350745
01350746
01350753
01350777
01350814
01350905
01350935
01350947
01350978
01350992
01350995
01350997
01351005
01351009
01351020
01351045
01351051
01351058
01351061
01351082
01351099
01351120
01351121
01351122
01351125
01351127
01351130
01351131
01351133
01351134
01351135
01351136
01351138
01351182
01351203
01351217
01351275
01351291
01351318
01351326
01351343
01351369
01351375
01351385
01351413
01351414
01351430
01351477
01351483
01351485
01351494
01351530
01351551
01351564
01351578
01351609
01351616
01351623
01351641
01351642
01351654
01351674
01351683
01351684
01351721
01351727
01351732
01351753
01351760
01351761
01351825
01351835
01351892
01352240
01352275
01352303
01352319
01352340
01352354
01352355
01352387
01352389
01352393
01352416
01352428
01352542
01352543
01352568
01352574
01352584
01352592
01352625
01352636
01352637
01352638
01352664
01352665
01352685
01352707
01352708
01352711
01352713
01352718
01352719
01352733
01352751
01352762
01352763
01352781
01352825
01352826
01352832
01352838
01352859
01352860
01352886
01352888
01352889
01352890
01352898
01352901
01352933
01352942
01352944
01353002
01353029
01353042
01353057
01353065
01353085
01353087
01353119
01353142
01353144
01353149
01353152
01353153
01353175
01353177
01353179
01353180
01353185
01353193
01353220
01353221
01353285
01353286
01353300
01353326
01353327
01353337
01353349
01353366
01353382
01353389
01353392
01353424
01353436
01353453
01353514
01353515
01353524
01353530
01353532
01353535
01353537
01353579
01353597
01353598
01353607
01353613
01353663
01353678
01353680
01353756
01353799
01353834
01353841
01353883
01353894
01353897
01353941
01354000
01354038
01354061
01354075
01354080
01354123
01354144
01354149
01354162
01354166
01354231
01354239
01354258
01354279
01354296
01354302
01354329
01354345
01354359
01354375
01354382
01354404
01354412
01354447
01354461
01354464
01354483
01354496
01354503
01354507
01354519
01354523
01354545
01354550
01354606
01354609
01354629
01354642
01354654
01354658
01354659
01354660
01354661
01354680
01354760
01354765
01354791
01354803
01354841
01354847
01354860
01354876
01354892
01354899
01354900
01354910
01354965
01354970
01354971
01354994
01355026
01355047
01355058
01355059
01355064
01355069
01355078
01355089
01355097
01355099
01355102
01355107
01355122
01355125
01355138
01355172
01355174
01355181
01355189
01355190
01355203
01355232
01355258
01355284
01355286
01355287
01355291
01355299
01355301
01355302
01355325
01355330
01355332
01355356
01355368
01355399
01355400
01355401
01355412
01355424
01355465
01355477
01355481
01355482
01355483
01355495
01355501
01355507
01355518
01355520
01355523
01355532
01355605
01355700
01355721
01355729
01355746
01355750
01355767
01355783
01355836
01355837
01355851
01355858
01355897
01355930
01355936
01355962
01355974
01355994
01356000
01356007
01356034
01356111
01356130
01356154
01356161
01356164
01356165
01356179
01356184
01356217
01356259
01356271
01356331
01356336
01356346
01356351
01356365
01356369
01356387
01356402
01356428
01356432
01356459
01356473
01356477
01356504
01356505
01356508
01356529
01356561
01356568
01356569
01356608
01356620
01356627
01356641
01356650
01356655
01356685
01356700
01356719
01356720
01356736
01356740
01356799
01356803
01356812
01356831
01356840
01356876
01356884
01356906
01356912
01356943
01356952
01356966
01356975
01356983
01356985
01356995
01357003
01357013
01357016
01357017
01357021
01357028
01357044
01357045
01357077
01357079
01357104
01357155
01357182
01357209
01357210
01357379
01357394
01357419
01357434
01357470
01357489
01357490
01357505
01357516
01357551
01357584
01357589
01357591
01357592
01357599
01357624
01357631
01357668
01357675
01357693
01357699
01357717
01357722
01357723
01357739
01357763
01357777
01357783
01357830
01357868
01357882
01357943
01357976
01358001
01358065
01358066
01358071
01358089
01358097
01358109
01358110
01358120
01358124
01358125
01358131
01358136
01358187
01358230
01358241
01358249
01358306
01358309
01358310
01358343
01358363
01358367
01358527
01358553
01358566
01358570
01358586
01358603
01358667
01358694
01358721
01358730
01358731
01358761
01358768
01358778
01358779
01358788
01358798
01358806
01358807
01358810
01358830
01358832
01358845
01358873
01358882
01358888
01358898
01358904
01358922
01358945
01358946
01358993
01359024
01359031
01359085
01359104
01359112
01359126
01359150
01359152
01359163
01359172
01359183
01359187
01359190
01359193
01359198
01359213
01359215
01359218
01359232
01359243
01359250
01359252
01359253
01359287
01359296
01359309
01359322
01359342
01359343
01359346
01359378
01359379
01359380
01359387
01359391
01359394
01359442
01359453
01359478
01359489
01359493
01359495
01359513
01359516
01359528
01359529
01359532
01359534
01359549
01359584
01359586
01359598
01359649
01359692
01359702
01359706
01359713
01359723
01359754
01359784
01359785
01359806
01359810
01359821
01359827
01359828
01359830
01359849
01359923
01359924
01359951
01359956
01359963
01359980
01359981
01359990
01360070
01360095
01360097
01360172
01360176
01360240
01360278
01360322
01360366
01360377
01360387
01360413
01360441
01360510
01360518
01360525
01360531
01360549
01360553
01360584
01360600
01360657
01360692
01360710
01360723
01360736
01360742
01360755
01360770
01360773
01360776
01360779
01360789
01360791
01360822
01360828
01360877
01360879
01360888
01360890
01360891
01360902
01360906
01360948
01360949
01360957
01360963
01360968
01360981
01361008
01361018
01361041
01361042
01361045
01361068
01361074
01361076
01361084
01361096
01361108
01361148
01361155
01361162
01361165
01361166
01361218
01361221
01361233
01361234
01361236
01361248
01361250
01361257
01361263
01361276
01361280
01361310
01361421
01361422
01361423
01361424
01361425
01361435
01361473
01361481
01361505
01361513
01361522
01361533
01361545
01361568
01361579
01361616
01361617
01361654
01361684
01361688
01361719
01361721
01361741
01361764
01361773
01361780
01361781
01361827
01361828
01361829
01361842
01361923
01361942
01361989
01362009
01362019
01362022
01362023
01362043
01362074
01362098
01362128
01362153
01362182
01362187
01362226
01362231
01362273
01362292
01362293
01362300
01362319
01362348
01362429
01362458
01362486
01362490
01362518
01362527
01362541
01362565
01362571
01362589
01362640
01362665
01362685
01362720
01362724
01362743
01362747
01362751
01362754
01362755
01362756
01362763
01362772
01362776
01362777
01362778
01362779
01362789
01362832
01362835
01362847
01362849
01362850
01362854
01362862
01362902
01362918
01362928
01362966
01362971
01362981
01362982
01363008
01363010
01363011
01363021
01363029
01363072
01363077
01363078
01363079
01363093
01363094
01363106
01363108
01363113
01363163
01363214
01363224
01363239
01363244
01363249
01363254
01363262
01363268
01363269
01363273
01363276
01363284
01363290
01363310
01363313
01363317
01363320
01363328
01363334
01363337
01363359
01363379
01363391
01363399
01363407
01363408
01363432
01363446
01363458
01363461
01363465
01363467
01363501
01363507
01363523
01363530
01363534
01363535
01363540
01363541
01363596
01363602
01363641
01363653
01363674
01363683
01363723
01363726
01363783
01363807
01363836
01363848
01363849
01363863
01363887
01363929
01363949
01364000
01364036
01364039
01364048
01364059
01364097
01364114
01364159
01364192
01364198
01364206
01364223
01364256
01364285
01364294
01364385
01364412
01364430
01364454
01364471
01364484
01364511
01364516
01364645
01364668
01364669
01364689
01364693
01364720
01364723
01364726
01364728
01364733
01364734
01364754
01364756
01364760
01364775
01364778
01364791
01364799
01364803
01364805
01364808
01364814
01364874
01364877
01364903
01364905
01364906
01364923
01364942
01364978
01364979
01364988
01364993
01364996
01365010
01365012
01365015
01365026
01365043
01365066
01365074
01365075
01365076
01365104
01365113
01365114
01365115
01365159
01365165
01365207
01365208
01365209
01365221
01365229
01365230
01365246
01365262
01365263
01365264
01365267
01365281
01365282
01365283
01365293
01365321
01365330
01365345
01365374
01365375
01365384
01365389
01365408
01365414
01365430
01365460
01365463
01365494
01365498
01365519
01365520
01365529
01365530
01365550
01365556
01365580
01365581
01365585
01365593
01365609
01365613
01365622
01365623
01365637
01365645
01365664
01365682
01365772
01365794
01365810
01365833
01365860
01365894
01365895
01365929
01365931
01365995
01366022
01366026
01366047
01366052
01366145
01366166
01366201
01366274
01366289
01366320
01366335
01366361
01366369
01366406
01366425
01366430
01366448
01366467
01366472
01366475
01366480
01366487
01366527
01366537
01366546
01366586
01366602
01366604
01366622
01366683
01366689
01366704
01366705
01366723
01366744
01366746
01366764
01366803
01366805
01366843
01366866
01366879
01366886
01366887
01366901
01366906
01366932
01366936
01366947
01366948
01366950
01366951
01366969
01366993
01367038
01367062
01367078
01367082
01367094
01367096
01367100
01367105
01367106
01367107
01367118
01367143
01367144
01367201
01367202
01367261
01367268
01367269
01367295
01367302
01367321
01367343
01367371
01367395
01367414
01367416
01367417
01367455
01367456
01367459
01367460
01367473
01367487
01367491
01367504
01367537
01367575
01367636
01367649
01367657
01367718
01367758
01367779
01367783
01367792
01367820
01367863
01367871
01367907
01367929
01367949
01367971
01367972
01367995
01368019
01368038
01368047
01368080
01368101
01368142
01368150
01368151
01368160
01368170
01368175
01368200
01368212
01368213
01368223
01368238
01368240
01368262
01368280
01368316
01368335
01368355
01368381
01368398
01368400
01368434
01368441
01368442
01368447
01368453
01368458
01368468
01368469
01368480
01368508
01368518
01368545
01368559
01368560
01368561
01368569
01368571
01368590
01368597
01368599
01368600
01368605
01368606
01368652
01368663
01368677
01368693
01368725
01368726
01368732
01368744
01368770
01368780
01368784
01368786
01368790
01368793
01368839
01368840
01368843
01368868
01368889
01368916
01368919
01368951
01368955
01368962
01368996
01368997
01369002
01369051
01369061
01369062
01369080
01369083
01369103
01369104
01369109
01369111
01369156
01369176
01369179
01369180
01369193
01369226
01369244
01369246
01369247
01369251
01369252
01369253
01369258
01369280
01369294
01369308
01369309
01369344
01369380
01369404
01369430
01369434
01369467
01369474
01369485
01369493
01369538
01369543
01369588
01369590
01369602
01369612
01369613
01369616
01369617
01369621
01369636
01369658
01369690
01369713
01369714
01369715
01369716
01369735
01369736
01369761
01369772
01369783
01369789
01369794
01369816
01369828
01369843
01369853
01369925
01369945
01369974
01370073
01370157
01370166
01370167
01370180
01370258
01370298
01370338
01370360
01370365
01370420
01370487
01370488
01370492
01370511
01370523
01370569
01370587
01370591
01370599
01370608
01370615
01370621
01370629
01370637
01370651
01370652
01370654
01370655
01370679
01370699
01370701
01370720
01370747
01370784
01370793
01370794
01370802
01370804
01370808
01370820
01370831
01370835
01370843
01370846
01370849
01370867
01370890
01370914
01370929
01370980
01371007
01371009
01371012
01371015
01371036
01371067
01371068
01371078
01371079
01371081
01371084
01371093
01371101
01371104
01371105
01371106
01371111
01371114
01371124
01371130
01371195
01371201
01371203
01371211
01371213
01371218
01371231
01371232
01371263
01371281
01371287
01371304
01371314
01371341
01371342
01371354
01371355
01371368
01371371
01371390
01371396
01371397
01371406
01371426
01371427
01371428
01371441
01371498
01371501
01371541
01371543
01371547
01371571
01371586
01371587
01371590
01371592
01371606
01371608
01371619
01371627
01371633
01371652
01371698
01371708
01371709
01371722
01371749
01371753
01371786
01371808
01371809
01371860
01371863
01371881
01371883
01371900
01371910
01371976
01371991
01371992
01372027
01372052
01372060
01372091
01372155
01372176
01372182
01372297
01372323
01372365
01372385
01372386
01372391
01372402
01372440
01372445
01372480
01372496
01372561
01372581
01372630
01372631
01372633
01372659
01372664
01372679
01372689
01372699
01372704
01372716
01372754
01372756
01372770
01372790
01372791
01372802
01372805
01372813
01372851
01372854
01372870
01372874
01372875
01372876
01372878
01372890
01372891
01372892
01372929
01372948
01372959
01372960
01372980
01372998
01373009
01373027
01373028
01373033
01373096
01373097
01373148
01373178
01373194
01373203
01373208
01373236
01373245
01373265
01373274
01373276
01373280
01373313
01373316
01373322
01373343
01373350
01373355
01373356
01373365
01373369
01373406
01373409
01373425
01373432
01373439
01373455
01373462
01373509
01373510
01373511
01373512
01373534
01373546
01373551
01373552
01373553
01373554
01373563
01373571
01373607
01373648
01373710
01373721
01373727
01373744
01373764
01373794
01373803
01373806
01373853
01373862
01373880
01373883
01373885
01373890
01373902
01373912
01373913
01373914
01373915
01373916
01373917
01373918
01373919
01373920
01373945
01373951
01373963
01374001
01374036
01374101
01374111
01374143
01374145
01374168
01374204
01374206
01374208
01374223
01374297
01374303
01374325
01374343
01374352
01374407
01374415
01374434
01374435
01374449
01374486
01374488
01374498
01374523
01374592
01374596
01374604
01374608
01374634
01374638
01374640
01374652
01374686
01374691
01374700
01374701
01374710
01374717
01374722
01374726
01374727
01374735
01374737
01374741
01374766
01374799
01374804
01374805
01374813
01374817
01374835
01374840
01374842
01374859
01374867
01374874
01374875
01374922
01374990
01375020
01375124
01375125
01375156
01375176
01375210
01375220
01375224
01375228
01375236
01375250
01375256
01375263
01375265
01375285
01375316
01375324
01375331
01375332
01375333
01375334
01375341
01375355
01375368
01375396
01375404
01375407
01375452
01375463
01375484
01375498
01375549
01375585
01375603
01375606
01375621
01375646
01375662
01375697
01375698
01375714
01375724
01375743
01375746
01375777
01375778
01375780
01375782
01375816
01375896
01375968
01375978
01375981
01376071
01376080
01376171
01376198
01376230
01376231
01376315
01376324
01376341
01376401
01376417
01376424
01376455
01376467
01376479
01376483
01376533
01376572
01376574
01376575
01376581
01376591
01376592
01376599
01376605
01376635
01376639
01376645
01376648
01376651
01376654
01376660
01376668
01376669
01376685
01376705
01376714
01376717
01376730
01376733
01376738
01376749
01376786
01376790
01376793
01376812
01376814
01376821
01376841
01376851
01376868
01376873
01376876
01376877
01376888
01376902
01376978
01376980
01376981
01376998
01377001
01377004
01377010
01377080
01377087
01377092
01377115
01377140
01377141
01377155
01377156
01377171
01377175
01377216
01377272
01377273
01377287
01377341
01377354
01377368
01377377
01377378
01377386
01377419
01377420
01377434
01377445
01377461
01377466
01377469
01377516
01377519
01377520
01377535
01377551
01377556
01377595
01377651
01377652
01377670
01377683
01377727
01377733
01377768
01377777
01377797
01377811
01377812
01377816
01377819
01377864
01377909
01377925
01377952
01377953
01377973
01377977
01378008
01378038
01378056
01378062
01378074
01378104
01378178
01378189
01378196
01378201
01378270
01378277
01378283
01378344
01378369
01378376
01378416
01378425
01378437
01378446
01378455
01378457
01378473
01378476
01378478
01378479
01378483
01378496
01378520
01378560
01378601
01378604
01378606
01378640
01378641
01378642
01378643
01378647
01378671
01378672
01378678
01378679
01378689
01378698
01378709
01378729
01378765
01378822
01378826
01378867
01378888
01378914
01378917
01378920
01378924
01378928
01378932
01378937
01378951
01378958
01378965
01378966
01378975
01378988
01379016
01379024
01379029
01379043
01379044
01379045
01379055
01379062
01379063
01379065
01379075
01379076
01379083
01379094
01379098
01379103
01379105
01379166
01379176
01379197
01379206
01379210
01379246
01379247
01379276
01379306
01379316
01379317
01379370
01379376
01379385
01379409
01379413
01379430
01379433
01379440
01379455
01379482
01379496
01379497
01379499
01379507
01379516
01379518
01379521
01379530
01379552
01379565
01379618
01379653
01379678
01379696
01379703
01379704
01379712
01379722
01379723
01379750
01379791
01379803
01379874
01379900
01379950
01380030
01380093
01380107
01380189
01380200
01380214
01380231
01380232
01380247
01380255
01380257
01380263
01380285
01380286
01380290
01380341
01380347
01380356
01380376
01380377
01380393
01380398
01380399
01380402
01380404
01380408
01380411
01380412
01380413
01380414
01380425
01380465
01380475
01380497
01380513
01380522
01380527
01380533
01380538
01380548
01380549
01380552
01380571
01380591
01380602
01380603
01380604
01380605
01380606
01380629
01380630
01380640
01380641
01380693
01380704
01380779
01380785
01380798
01380807
01380815
01380853
01380868
01380874
01380894
01380905
01380934
01380940
01380947
01380950
01380962
01380970
01380972
01380974
01380976
01380987
01381004
01381012
01381019
01381025
01381041
01381070
01381081
01381112
01381113
01381125
01381131
01381132
01381183
01381193
01381198
01381202
01381226
01381230
01381255
01381326
01381341
01381357
01381360
01381382
01381400
01381408
01381417
01381465
01381490
01381497
01381514
01381515
01381520
01381597
01381618
01381621
01381622
01381625
01381631
01381651
01381661
01381662
01381690
01381710
01381713
01381714
01381716
01381755
01381885
01381895
01381935
01381936
01381995
01382007
01382050
01382051
01382052
01382056
01382057
01382071
01382125
01382137
01382184
01382192
01382215
01382220
01382235
01382237
01382239
01382262
01382273
01382282
01382302
01382308
01382311
01382313
01382329
01382337
01382358
01382374
01382416
01382420
01382426
01382436
01382454
01382461
01382465
01382486
01382527
01382556
01382560
01382584
01382585
01382586
01382596
01382597
01382610
01382613
01382641
01382646
01382716
01382717
01382726
01382750
01382773
01382776
01382777
01382790
01382811
01382817
01382826
01382871
01382875
01382876
01382896
01382899
01382900
01382905
01382919
01382958
01382965
01382966
01382967
01382998
01383011
01383017
01383036
01383039
01383046
01383054
01383078
01383081
01383089
01383110
01383111
01383119
01383142
01383147
01383162
01383189
01383196
01383209
01383214
01383263
01383315
01383332
01383345
01383348
01383362
01383370
01383443
01383456
01383461
01383472
01383473
01383483
01383484
01383485
01383518
01383525
01383535
01383569
01383576
01383594
01383698
01383708
01383717
01383722
01383724
01383730
01383803
01383811
01383850
01383897
01383900
01383902
01383997
01384024
01384056
01384062
01384145
01384154
01384193
01384207
01384211
01384217
01384222
01384247
01384251
01384259
01384271
01384275
01384302
01384304
01384333
01384339
01384345
01384357
01384396
01384398
01384399
01384425
01384435
01384451
01384455
01384456
01384460
01384474
01384495
01384518
01384551
01384588
01384611
01384614
01384685
01384702
01384720
01384730
01384737
01384745
01384752
01384758
01384764
01384765
01384775
01384792
01384797
01384801
01384813
01384832
01384839
01384846
01384847
01384856
01384860
01384866
01384877
01384878
01384886
01384890
01384892
01384893
01384901
01384902
01384927
01384948
01384950
01384954
01384957
01384966
01384977
01384978
01384996
01384997
01385008
01385011
01385027
01385064
01385076
01385077
01385080
01385081
01385082
01385083
01385095
01385100
01385102
01385104
01385108
01385133
01385137
01385154
01385165
01385186
01385204
01385208
01385210
01385273
01385299
01385322
01385325
01385345
01385355
01385365
01385372
01385381
01385395
01385480
01385494
01385521
01385552
01385555
01385653
01385664
01385683
01385687
01385726
01385732
01385858
01385903
01385918
01385951
01385953
01385996
01386056
01386072
01386103
01386115
01386135
01386136
01386139
01386152
01386166
01386170
01386173
01386177
01386198
01386202
01386208
01386218
01386253
01386269
01386290
01386294
01386316
01386318
01386321
01386324
01386336
01386354
01386377
01386382
01386388
01386456
01386501
01386516
01386519
01386521
01386529
01386555
01386569
01386595
01386596
01386597
01386605
01386614
01386619
01386636
01386639
01386647
01386656
01386662
01386667
01386671
01386674
01386676
01386685
01386688
01386689
01386702
01386741
01386749
01386797
01386810
01386815
01386822
01386838
01386843
01386867
01386868
01386882
01386895
01386913
01386938
01386959
01386992
01387001
01387014
01387016
01387028
01387032
01387036
01387049
01387053
01387098
01387100
01387101
01387105
01387107
01387109
01387117
01387118
01387121
01387125
01387170
01387172
01387187
01387188
01387232
01387243
01387254
01387301
01387330
01387339
01387408
01387452
01387499
01387514
01387531
01387622
01387661
01387674
01387676
01387691
01387712
01387717
01387768
01387792
01387793
01387875
01387876
01387891
01387892
01387893
01387895
01387898
01387905
01387912
01387918
01387923
01387937
01387939
01387953
01387969
01387982
01387985
01387987
01387990
01388007
01388015
01388017
01388025
01388029
01388047
01388061
01388062
01388063
01388084
01388091
01388099
01388110
01388111
01388148
01388151
01388168
01388178
01388191
01388212
01388214
01388217
01388221
01388222
01388241
01388279
01388284
01388299
01388308
01388319
01388390
01388447
01388501
01388502
01388508
01388511
01388519
01388522
01388523
01388524
01388526
01388533
01388535
01388536
01388541
01388559
01388560
01388561
01388566
01388581
01388583
01388597
01388601
01388602
01388603
01388617
01388632
01388654
01388667
01388689
01388764
01388765
01388795
01388814
01388831
01388843
01388876
01388893
01388901
01388934
01388987
01388998
01389015
01389024
01389035
01389040
01389042
01389049
01389051
01389062
01389075
01389078
01389079
01389084
01389105
01389106
01389135
01389146
01389170
01389188
01389199
01389218
01389226
01389302
01389307
01389423
01389435
01389436
01389442
01389456
01389457
01389471
01389551
01389589
01389605
01389621
01389623
01389625
01389636
01389674
01389681
01389682
01389703
01389711
01389730
01389759
01389787
01389798
01389860
01389869
01389894
01389895
01389896
01389901
01389905
01389915
01389959
01389964
01389980
01389981
01389982
01390015
01390024
01390062
01390077
01390083
01390084
01390085
01390149
01390154
01390176
01390196
01390218
01390219
01390225
01390231
01390238
01390247
01390254
01390269
01390270
01390289
01390291
01390295
01390299
01390332
01390334
01390335
01390350
01390355
01390402
01390414
01390429
01390439
01390454
01390462
01390465
01390470
01390475
01390476
01390496
01390498
01390499
01390507
01390528
01390538
01390542
01390549
01390563
01390573
01390597
01390614
01390632
01390635
01390646
01390649
01390654
01390663
01390678
01390679
01390698
01390707
01390710
01390719
01390722
01390741
01390779
01390782
01390790
01390816
01390827
01390829
01390830
01390833
01390835
01390841
01390858
01390879
01390888
01390901
01390925
01390937
01390939
01390942
01390955
01390958
01390966
01390968
01390985
01390999
01391038
01391047
01391064
01391067
01391107
01391108
01391126
01391131
01391141
01391155
01391164
01391165
01391167
01391197
01391202
01391219
01391292
01391293
01391294
01391315
01391317
01391325
01391330
01391372
01391392
01391396
01391404
01391405
01391409
01391416
01391423
01391428
01391438
01391439
01391443
01391452
01391465
01391479
01391491
01391569
01391574
01391609
01391611
01391616
01391645
01391736
01391794
01391795
01391796
01391797
01391798
01391799
01391809
01391833
01391835
01391877
01391898
01391924
01391950
01392036
01392054
01392066
01392069
01392081
01392092
01392119
01392131
01392132
01392144
01392173
01392301
01392342
01392366
01392388
01392395
01392434
01392471
01392491
01392524
01392533
01392535
01392539
01392542
01392544
01392546
01392568
01392571
01392574
01392578
01392581
01392586
01392587
01392592
01392612
01392615
01392618
01392622
01392638
01392639
01392649
01392655
01392656
01392664
01392675
01392679
01392697
01392707
01392718
01392719
01392722
01392734
01392747
01392754
01392795
01392799
01392800
01392807
01392814
01392817
01392825
01392844
01392872
01392907
01392945
01392962
01392978
01392983
01392988
01392989
01392990
01392997
01393001
01393006
01393012
01393049
01393051
01393074
01393076
01393084
01393107
01393108
01393109
01393110
01393144
01393188
01393195
01393197
01393201
01393219
01393220
01393221
01393262
01393266
01393287
01393288
01393293
01393295
01393301
01393340
01393341
01393354
01393395
01393404
01393421
01393423
01393425
01393430
01393444
01393461
01393514
01393524
01393553
01393566
01393578
01393615
01393659
01393669
01393679
01393685
01393693
01393701
01393773
01393810
01393840
01393841
01393843
01393844
01393861
01393865
01393868
01393896
01393915
01393929
01393935
01393940
01393943
01394009
01394032
01394050
01394076
01394227
01394239
01394401
01394456
01394457
01394465
01394531
01394548
01394550
01394555
01394562
01394577
01394586
01394609
01394618
01394619
01394630
01394632
01394650
01394659
01394660
01394665
01394693
01394711
01394720
01394729
01394763
01394769
01394775
01394788
01394807
01394829
01394854
01394855
01394912
01394931
01394932
01394935
01394954
01394955
01394967
01394972
01394975
01394976
01394977
01394984
01394987
01395002
01395015
01395017
01395025
01395051
01395057
01395064
01395073
01395079
01395089
01395114
01395118
01395126
01395130
01395136
01395137
01395138
01395188
01395292
01395300
01395301
01395302
01395303
01395319
01395346
01395349
01395362
01395369
01395373
01395391
01395396
01395401
01395414
01395417
01395465
01395471
01395474
01395476
01395477
01395509
01395510
01395511
01395518
01395543
01395575
01395576
01395588
01395600
01395604
01395635
01395639
01395645
01395653
01395658
01395668
01395674
01395683
01395687
01395691
01395723
01395730
01395731
01395732
01395734
01395760
01395785
01395786
01395795
01395834
01395838
01395856
01395871
01395879
01395880
01395885
01395904
01395905
01395917
01395940
01395944
01395945
01395947
01395952
01395989
01396027
01396037
01396051
01396059
01396061
01396083
01396096
01396117
01396173
01396175
01396216
01396248
01396260
01396268
01396304
01396376
01396420
01396454
01396456
01396519
01396531
01396621
01396623
01396633
01396637
01396649
01396672
01396699
01396710
01396718
01396720
01396721
01396730
01396756
01396769
01396790
01396802
01396821
01396855
01396871
01396888
01396898
01396900
01396979
01397004
01397068
01397072
01397115
01397126
01397139
01397142
01397153
01397157
01397170
01397174
01397178
01397203
01397210
01397214
01397221
01397239
01397250
01397251
01397252
01397269
01397284
01397299
01397307
01397316
01397318
01397332
01397333
01397340
01397341
01397355
01397369
01397373
01397385
01397392
01397397
01397399
01397405
01397410
01397424
01397436
01397443
01397449
01397456
01397466
01397488
01397495
01397554
01397576
01397580
01397583
01397668
01397671
01397729
01397760
01397783
01397818
01397846
01397856
01397923
01397942
01397996
01398064
01398065
01398074
01398089
01398106
01398147
01398154
01398195
01398197
01398204
01398214
01398228
01398232
01398238
01398247
01398248
01398256
01398264
01398274
01398280
01398293
01398304
01398316
01398319
01398327
01398328
01398329
01398330
01398338
01398351
01398361
01398373
01398376
01398396
01398409
01398413
01398430
01398456
01398463
01398500
01398558
01398577
01398578
01398583
01398638
01398646
01398656
01398664
01398675
01398684
01398702
01398722
01398735
01398752
01398758
01398783
01398787
01398823
01398827
01398830
01398859
01398861
01398878
01398890
01398899
01398900
01398901
01398940
01398954
01398955
01398985
01398991
01399042
01399076
01399089
01399097
01399103
01399116
01399117
01399135
01399145
01399167
01399168
01399179
01399203
01399228
01399301
01399317
01399324
01399331
01399365
01399372
01399389
01399396
01399408
01399411
01399416
01399450
01399486
01399490
01399505
01399506
01399513
01399554
01399555
01399557
01399559
01399583
01399602
01399605
01399650
01399687
01399693
01399715
01399716
01399719
01399730
01399769
01399794
01399795
01399878
01399919
01399927
01399937
01399960
01400070
01400077
01400155
01400162
01400167
01400168
01400169
01400205
01400206
01400210
01400230
01400236
01400279
01400313
01400314
01400344
01400431
01400492
01400516
01400534
01400535
01400537
01400557
01400580
01400647
01400680
01400697
01400698
01400755
01400756
01400766
01400773
01400780
01400790
01400792
01400798
01400802
01400819
01400829
01400831
01400832
01400845
01400876
01400896
01400914
01400918
01400919
01400934
01400935
01400936
01400940
01400954
01400965
01400967
01400983
01400984
01400988
01400990
01400992
01400998
01401003
01401014
01401050
01401092
01401099
01401112
01401120
01401121
01401125
01401127
01401139
01401153
01401161
01401166
01401182
01401188
01401215
01401233
01401242
01401248
01401252
01401254
01401268
01401269
01401274
01401276
01401283
01401287
01401305
01401313
01401330
01401401
01401427
01401430
01401431
01401439
01401445
01401447
01401483
01401505
01401516
01401517
01401518
01401530
01401535
01401541
01401542
01401557
01401601
01401602
01401609
01401642
01401643
01401652
01401672
01401705
01401707
01401711
01401712
01401719
01401720
01401735
01401746
01401749
01401760
01401762
01401781
01401786
01401789
01401797
01401823
01401824
01401834
01401836
01401837
01401843
01401846
01401847
01401856
01401903
01401907
01401908
01401913
01401921
01401928
01401952
01401971
01401978
01401996
01402049
01402050
01402051
01402059
01402061
01402066
01402067
01402073
01402088
01402100
01402103
01402112
01402116
01402117
01402134
01402153
01402177
01402189
01402230
01402236
01402237
01402268
01402319
01402321
01402336
01402339
01402349
01402382
01402391
01402397
01402415
01402421
01402434
01402450
01402468
01402478
01402481
01402483
01402488
01402511
01402562
01402572
01402603
01402724
01402725
01402758
01402759
01402765
01402767
01402768
01402788
01402805
01402825
01402848
01402855
01402873
01402908
01402927
01402980
01403002
01403020
01403045
01403053
01403103
01403104
01403105
01403117
01403169
01403247
01403310
01403318
01403336
01403341
01403345
01403362
01403371
01403372
01403389
01403396
01403411
01403412
01403413
01403416
01403419
01403421
01403431
01403446
01403454
01403457
01403463
01403466
01403484
01403486
01403494
01403495
01403496
01403499
01403512
01403524
01403550
01403573
01403574
01403586
01403587
01403593
01403601
01403614
01403623
01403663
01403670
01403715
01403716
01403719
01403723
01403724
01403728
01403740
01403741
01403761
01403763
01403771
01403775
01403776
01403783
01403784
01403792
01403799
01403817
01403828
01403849
01403852
01403854
01403888
01403898
01403958
01404001
01404051
01404064
01404071
01404088
01404090
01404091
01404093
01404110
01404123
01404138
01404139
01404163
01404179
01404194
01404202
01404209
01404210
01404216
01404217
01404218
01404226
01404237
01404285
01404302
01404303
01404306
01404309
01404310
01404311
01404318
01404326
01404327
01404351
01404353
01404365
01404376
01404383
01404389
01404406
01404407
01404411
01404412
01404423
01404425
01404429
01404436
01404437
01404494
01404502
01404505
01404507
01404521
01404551
01404570
01404571
01404584
01404589
01404605
01404612
01404613
01404638
01404687
01404722
01404738
01404746
01404756
01404778
01404796
01404804
01404839
01404928
01404930
01404955
01404956
01405027
01405028
01405057
01405060
01405109
01405162
01405192
01405195
01405315
01405348
01405387
01405427
01405475
01405547
01405562
01405566
01405567
01405568
01405569
01405645
01405667
01405697
01405703
01405722
01405741
01405759
01405774
01405779
01405780
01405795
01405796
01405799
01405813
01405815
01405832
01405852
01405854
01405860
01405882
01405883
01405894
01405896
01405899
01405905
01405907
01405913
01405935
01405964
01405982
01405983
01405984
01405985
01406010
01406047
01406067
01406075
01406077
01406089
01406099
01406100
01406102
01406116
01406139
01406152
01406153
01406172
01406175
01406177
01406186
01406195
01406203
01406209
01406229
01406239
01406268
01406277
01406292
01406301
01406314
01406352
01406379
01406393
01406485
01406498
01406516
01406528
01406533
01406538
01406540
01406541
01406544
01406560
01406564
01406570
01406574
01406586
01406590
01406591
01406601
01406603
01406609
01406632
01406660
01406674
01406681
01406682
01406683
01406690
01406703
01406709
01406714
01406740
01406747
01406750
01406764
01406765
01406771
01406778
01406810
01406831
01406842
01406869
01406871
01406873
01406885
01406962
01406990
01406991
01406992
01406997
01407004
01407061
01407100
01407137
01407172
01407188
01407208
01407215
01407231
01407235
01407239
01407243
01407248
01407252
01407260
01407274
01407275
01407278
01407281
01407299
01407300
01407303
01407319
01407324
01407326
01407333
01407336
01407341
01407349
01407355
01407400
01407403
01407414
01407457
01407545
01407551
01407577
01407596
01407611
01407635
01407697
01407740
01407745
01407837
01407838
01407903
01407916
01407966
01407967
01407977
01407983
01408032
01408033
01408040
01408076
01408140
01408198
01408208
01408230
01408238
01408278
01408315
01408320
01408376
01408396
01408409
01408410
01408415
01408428
01408429
01408453
01408465
01408471
01408482
01408504
01408512
01408514
01408529
01408547
01408548
01408549
01408564
01408565
01408569
01408578
01408623
01408628
01408632
01408646
01408649
01408662
01408673
01408677
01408722
01408726
01408729
01408730
01408731
01408734
01408772
01408773
01408774
01408775
01408776
01408828
01408850
01408851
01408863
01408874
01408875
01408899
01408903
01408905
01408917
01408923
01408927
01408928
01408932
01408954
01408959
01408962
01409020
01409033
01409050
01409066
01409068
01409077
01409163
01409164
01409173
01409193
01409206
01409209
01409216
01409221
01409234
01409251
01409269
01409280
01409281
01409287
01409316
01409318
01409328
01409331
01409339
01409354
01409362
01409382
01409393
01409398
01409407
01409417
01409426
01409432
01409449
01409466
01409473
01409485
01409496
01409499
01409522
01409526
01409535
01409567
01409570
01409592
01409616
01409621
01409647
01409664
01409668
01409671
01409679
01409701
01409710
01409712
01409725
01409726
01409740
01409742
01409763
01409775
01409819
01409825
01409827
01409849
01409885
01409922
01409924
01409934
01409937
01409948
01409960
01409989
01410017
01410029
01410045
01410057
01410104
01410139
01410141
01410171
01410176
01410177
01410190
01410223
01410243
01410261
01410292
01410333
01410521
01410525
01410562
01410576
01410622
01410638
01410656
01410664
01410672
01410673
01410687
01410689
01410698
01410702
01410710
01410714
01410724
01410731
01410735
01410751
01410767
01410769
01410827
01410831
01410840
01410845
01410882
01410883
01410890
01410895
01410906
01410912
01410919
01410922
01410923
01410947
01410978
01410985
01411016
01411021
01411045
01411088
01411093
01411167
01411172
01411215
01411216
01411232
01411260
01411262
01411264
01411269
01411270
01411282
01411316
01411325
01411378
01411395
01411407
01411420
01411421
01411427
01411444
01411445
01411459
01411469
01411472
01411495
01411503
01411511
01411514
01411527
01411578
01411586
01411592
01411600
01411602
01411606
01411624
01411625
01411634
01411638
01411642
01411659
01411662
01411679
01411685
01411688
01411737
01411738
01411739
01411740
01411741
01411742
01411743
01411744
01411745
01411746
01411753
01411756
01411757
01411761
01411764
01411767
01411775
01411790
01411819
01411836
01411857
01411892
01411937
01411939
01411947
01411950
01411978
01411984
01412043
01412066
01412171
01412229
01412247
01412284
01412307
01412317
01412321
01412333
01412383
01412397
01412422
01412447
01412458
01412465
01412485
01412561
01412593
01412596
01412597
01412604
01412627
01412636
01412652
01412659
01412685
01412717
01412722
01412726
01412766
01412775
01412796
01412807
01412808
01412811
01412812
01412827
01412829
01412831
01412832
01412835
01412855
01412863
01412885
01412905
01412928
01412965
01412969
01412983
01413015
01413023
01413024
01413030
01413042
01413071
01413082
01413092
01413111
01413126
01413130
01413131
01413145
01413169
01413196
01413202
01413214
01413220
01413227
01413240
01413245
01413270
01413283
01413286
01413287
01413292
01413327
01413331
01413394
01413405
01413424
01413425
01413432
01413433
01413467
01413469
01413474
01413478
01413480
01413491
01413497
01413500
01413506
01413507
01413515
01413518
01413524
01413542
01413545
01413565
01413588
01413670
01413694
01413706
01413711
01413727
01413746
01413765
01413799
01413841
01413856
01413857
01413872
01413876
01413919
01413938
01413944
01414003
01414097
01414163
01414192
01414198
01414219
01414222
01414301
01414313
01414315
01414317
01414329
01414330
01414336
01414355
01414382
01414439
01414461
01414477
01414488
01414508
01414528
01414582
01414584
01414589
01414591
01414594
01414606
01414660
01414691
01414730
01414731
01414735
01414740
01414741
01414743
01414752
01414759
01414774
01414823
01414824
01414825
01414828
01414836
01414860
01414874
01414876
01414908
01414912
01414915
01414930
01414931
01414947
01414959
01414974
01414982
01415019
01415025
01415054
01415062
01415069
01415082
01415094
01415097
01415106
01415107
01415108
01415110
01415111
01415123
01415167
01415172
01415174
01415175
01415177
01415178
01415180
01415189
01415190
01415343
01415345
01415369
01415380
01415386
01415389
01415392
01415395
01415401
01415402
01415405
01415446
01415447
01415457
01415459
01415461
01415470
01415472
01415488
01415489
01415491
01415496
01415497
01415502
01415508
01415524
01415525
01415528
01415557
01415558
01415569
01415596
01415599
01415604
01415615
01415616
01415617
01415620
01415623
01415626
01415628
01415634
01415637
01415638
01415641
01415644
01415655
01415661
01415662
01415677
01415678
01415689
01415700
01415714
01415739
01415748
01415754
01415756
01415757
01415766
01415767
01415768
01415776
01415790
01415804
01415824
01415831
01415832
01415841
01415924
01415933
01415954
01415955
01415960
01415962
01415967
01415968
01415977
01416005
01416006
01416008
01416014
01416024
01416065
01416070
01416093
01416094
01416105
01416109
01416112
01416119
01416127
01416158
01416162
01416282
01416314
01416321
01416323
01416332
01416456
01416459
01416475
01416495
01416505
01416514
01416516
01416519
01416520
01416532
01416680
01416750
01416770
01416812
01416861
01416878
01416917
01416921
01416931
01416989
01417023
01417044
01417055
01417063
01417087
01417113
01417115
01417162
01417170
01417204
01417213
01417218
01417231
01417241
01417245
01417262
01417264
01417272
01417282
01417284
01417289
01417313
01417315
01417334
01417361
01417371
01417403
01417448
01417465
01417471
01417472
01417473
01417492
01417506
01417516
01417545
01417546
01417548
01417550
01417555
01417557
01417578
01417589
01417598
01417600
01417622
01417632
01417640
01417658
01417662
01417705
01417713
01417732
01417743
01417757
01417758
01417766
01417771
01417787
01417793
01417798
01417867
01417909
01417912
01417913
01417925
01417930
01417931
01417932
01417935
01417937
01417949
01417956
01417965
01417971
01417982
01417990
01417991
01418038
01418041
01418047
01418084
01418087
01418091
01418111
01418159
01418195
01418220
01418222
01418223
01418224
01418225
01418232
01418240
01418252
01418262
01418266
01418297
01418300
01418320
01418323
01418367
01418391
01418396
01418420
01418431
01418480
01418495
01418498
01418504
01418548
01418557
01418590
01418592
01418593
01418609
01418623
01418628
01418638
01418640
01418667
01418668
01418706
01418748
01418823
01418839
01418858
01418887
01418897
01418901
01418936
01419052
01419053
01419112
01419128
01419210
01419237
01419246
01419260
01419347
01419419
01419420
01419421
01419430
01419450
01419459
01419502
01419508
01419539
01419546
01419549
01419571
01419642
01419662
01419672
01419723
01419726
01419734
01419736
01419755
01419769
01419795
01419799
01419853
01419867
01419871
01419872
01419874
01419877
01419889
01419912
01419920
01419957
01419975
01419982
01419998
01420001
01420006
01420007
01420008
01420010
01420011
01420022
01420023
01420026
01420059
01420060
01420067
01420069
01420082
01420086
01420094
01420107
01420120
01420148
01420157
01420176
01420181
01420182
01420191
01420197
01420198
01420214
01420247
01420261
01420268
01420297
01420304
01420320
01420357
01420385
01420392
01420398
01420400
01420420
01420433
01420436
01420477
01420488
01420489
01420493
01420523
01420527
01420539
01420551
01420565
01420592
01420609
01420620
01420630
01420631
01420646
01420677
01420682
01420701
01420710
01420722
01420743
01420753
01420761
01420773
01420783
01420800
01420870
01420875
01420893
01420898
01420928
01420930
01420938
01420983
01420988
01420989
01421015
01421016
01421017
01421019
01421020
01421029
01421040
01421058
01421098
01421144
01421145
01421192
01421259
01421275
01421283
01421301
01421325
01421326
01421386
01421423
01421425
01421447
01421462
01421465
01421470
01421484
01421489
01421551
01421580
01421593
01421700
01421708
01421717
01421735
01421737
01421747
01421763
01421802
01421849
01421881
01421905
01421948
01421950
01421973
01421998
01422051
01422052
01422071
01422114
01422138
01422192
01422194
01422223
01422234
01422251
01422252
01422253
01422254
01422285
01422306
01422310
01422342
01422349
01422354
01422365
01422368
01422369
01422372
01422404
01422407
01422422
01422430
01422442
01422444
01422452
01422473
01422476
01422500
01422507
01422520
01422523
01422524
01422620
01422629
01422634
01422644
01422658
01422680
01422683
01422691
01422700
01422708
01422709
01422710
01422718
01422726
01422738
01422743
01422785
01422786
01422798
01422799
01422816
01422817
01422877
01422929
01422930
01422931
01422977
01422987
01423016
01423028
01423029
01423030
01423087
01423095
01423096
01423120
01423127
01423132
01423170
01423191
01423192
01423207
01423221
01423228
01423242
01423244
01423245
01423248
01423252
01423260
01423303
01423330
01423392
01423400
01423401
01423416
01423424
01423452
01423453
01423469
01423485
01423496
01423497
01423504
01423509
01423517
01423533
01423547
01423558
01423560
01423620
01423649
01423661
01423676
01423689
01423692
01423698
01423708
01423717
01423741
01423783
01423789
01423793
01423801
01423805
01423806
01423824
01423831
01423842
01423848
01423865
01423869
01423882
01423883
01423893
01423897
01423905
01423907
01423917
01423928
01423931
01423937
01423943
01423944
01423948
01423967
01424069
01424089
01424096
01424104
01424119
01424138
01424210
01424286
01424313
01424449
01424487
01424493
01424497
01424505
01424512
01424534
01424582
01424595
01424609
01424614
01424649
01424650
01424705
01424742
01424755
01424764
01424812
01424863
01424890
01424954
01424959
01424961
01424988
01424990
01425006
01425024
01425033
01425034
01425054
01425058
01425068
01425086
01425105
01425106
01425114
01425115
01425122
01425128
01425145
01425196
01425200
01425210
01425211
01425212
01425223
01425227
01425258
01425268
01425274
01425290
01425291
01425310
01425328
01425329
01425330
01425349
01425352
01425358
01425386
01425415
01425416
01425427
01425443
01425445
01425471
01425492
01425557
01425600
01425604
01425605
01425609
01425636
01425700
01425763
01425779
01425782
01425792
01425797
01425802
01425803
01425821
01425830
01425841
01425862
01425889
01425899
01425928
01425946
01425960
01425963
01425991
01425992
01425995
01425998
01426022
01426023
01426029
01426036
01426050
01426053
01426058
01426076
01426091
01426108
01426112
01426120
01426121
01426143
01426163
01426167
01426176
01426183
01426187
01426199
01426202
01426208
01426212
01426219
01426220
01426225
01426245
01426246
01426255
01426282
01426284
01426286
01426321
01426357
01426378
01426407
01426411
01426447
01426462
01426475
01426496
01426521
01426525
01426534
01426540
01426563
01426564
01426571
01426588
01426593
01426597
01426603
01426609
01426616
01426626
01426634
01426635
01426653
01426663
01426700
01426720
01426764
01426773
01426829
01426848
01426885
01426919
01426958
01427001
01427029
01427048
01427092
01427115
01427128
01427152
01427166
01427218
01427225
01427296
01427306
01427370
01427375
01427377
01427383
01427387
01427408
01427419
01427442
01427488
01427491
01427521
01427524
01427526
01427530
01427539
01427549
01427555
01427581
01427593
01427596
01427597
01427602
01427617
01427621
01427628
01427634
01427636
01427648
01427650
01427656
01427672
01427674
01427688
01427715
01427721
01427768
01427788
01427805
01427878
01427896
01427937
01427942
01427976
01427999
01428006
01428009
01428021
01428033
01428036
01428039
01428056
01428076
01428150
01428179
01428186
01428211
01428232
01428260
01428262
01428271
01428284
01428287
01428297
01428303
01428323
01428330
01428350
01428359
01428363
01428385
01428390
01428393
01428407
01428409
01428417
01428418
01428487
01428488
01428500
01428512
01428514
01428547
01428558
01428601
01428612
01428618
01428639
01428694
01428705
01428708
01428709
01428710
01428718
01428724
01428725
01428739
01428743
01428744
01428769
01428781
01428790
01428803
01428812
01428841
01428842
01428850
01428869
01428871
01428901
01428909
01428930
01428936
01428967
01428991
01429008
01429010
01429027
01429028
01429048
01429067
01429072
01429080
01429081
01429094
01429131
01429149
01429156
01429205
01429206
01429227
01429249
01429263
01429284
01429309
01429338
01429357
01429364
01429405
01429449
01429450
01429455
01429457
01429464
01429467
01429501
01429552
01429585
01429597
01429609
01429626
01429649
01429696
01429697
01429733
01429743
01429745
01429768
01429808
01429810
01429818
01429831
01429847
01429865
01429869
01429880
01429890
01429906
01429944
01429984
01429989
01429995
01430019
01430070
01430072
01430081
01430096
01430099
01430107
01430125
01430127
01430145
01430159
01430163
01430164
01430174
01430187
01430191
01430192
01430201
01430208
01430224
01430229
01430235
01430242
01430246
01430253
01430265
01430266
01430294
01430295
01430317
01430321
01430333
01430361
01430367
01430377
01430382
01430400
01430403
01430407
01430418
01430429
01430434
01430483
01430488
01430492
01430494
01430501
01430508
01430509
01430515
01430521
01430528
01430537
01430538
01430548
01430553
01430564
01430572
01430580
01430586
01430589
01430608
01430612
01430613
01430614
01430615
01430617
01430628
01430637
01430668
01430669
01430672
01430685
01430687
01430696
01430728
01430750
01430751
01430754
01430775
01430785
01430795
01430803
01430822
01430851
01430852
01430855
01430856
01430857
01430884
01430885
01430886
01430890
01430924
01430929
01430932
01430985
01430986
01430987
01430988
01430989
01430995
01430996
01431030
01431051
01431059
01431068
01431069
01431070
01431090
01431105
01431121
01431122
01431125
01431128
01431131
01431138
01431153
01431158
01431165
01431169
01431184
01431187
01431191
01431195
01431206
01431230
01431234
01431247
01431248
01431249
01431281
01431296
01431298
01431309
01431325
01431331
01431358
01431363
01431370
01431372
01431373
01431384
01431387
01431390
01431393
01431395
01431405
01431406
01431413
01431414
01431422
01431446
01431451
01431471
01431500
01431509
01431510
01431544
01431582
01431657
01431687
01431693
01431706
01431718
01431751
01431756
01431769
01431783
01431784
01431799
01431824
01431828
01431841
01431854
01431861
01431866
01431891
01431903
01431909
01431911
01431912
01431932
01431953
01431963
01431964
01431994
01431999
01432032
01432152
01432153
01432194
01432201
01432210
01432230
01432245
01432247
01432268
01432420
01432486
01432487
01432513
01432514
01432524
01432570
01432583
01432632
01432649
01432651
01432673
01432689
01432693
01432722
01432723
01432724
01432756
01432769
01432779
01432795
01432824
01432828
01432832
01432838
01432858
01432874
01432902
01432911
01432916
01432941
01432942
01432943
01432949
01433000
01433001
01433002
01433018
01433029
01433039
01433043
01433045
01433046
01433053
01433055
01433063
01433064
01433070
01433081
01433091
01433095
01433103
01433129
01433130
01433131
01433136
01433154
01433159
01433178
01433179
01433186
01433210
01433243
01433245
01433252
01433253
01433259
01433274
01433320
01433347
01433352
01433371
01433379
01433388
01433392
01433401
01433407
01433408
01433414
01433415
01433416
01433417
01433426
01433437
01433452
01433486
01433487
01433489
01433493
01433525
01433530
01433535
01433541
01433545
01433552
01433558
01433559
01433587
01433643
01433667
01433683
01433696
01433702
01433706
01433732
01433788
01433802
01433809
01433813
01433815
01433821
01433837
01433845
01433846
01433871
01433895
01433925
01433927
01433930
01433947
01433970
01433980
01433986
01433995
01433999
01434004
01434023
01434046
01434057
01434062
01434063
01434075
01434094
01434099
01434105
01434112
01434114
01434137
01434152
01434158
01434165
01434177
01434188
01434204
01434258
01434261
01434269
01434295
01434300
01434310
01434316
01434320
01434321
01434327
01434330
01434332
01434341
01434349
01434359
01434386
01434416
01434438
01434448
01434449
01434457
01434470
01434496
01434508
01434521
01434528
01434560
01434564
01434587
01434603
01434611
01434627
01434651
01434674
01434675
01434676
01434726
01434745
01434752
01434764
01434800
01434801
01434815
01434826
01434842
01434857
01434860
01434894
01434897
01434898
01434909
01434923
01434979
01435032
01435076
01435097
01435116
01435156
01435188
01435193
01435200
01435218
01435222
01435223
01435225
01435262
01435263
01435268
01435284
01435291
01435292
01435315
01435316
01435334
01435347
01435351
01435352
01435353
01435390
01435391
01435421
01435424
01435436
01435437
01435450
01435476
01435480
01435509
01435530
01435559
01435582
01435611
01435619
01435649
01435664
01435715
01435716
01435745
01435754
01435755
01435759
01435762
01435763
01435769
01435774
01435775
01435780
01435785
01435787
01435795
01435800
01435809
01435816
01435817
01435822
01435838
01435844
01435862
01435864
01435865
01435886
01435889
01435890
01435902
01435919
01435920
01435922
01435926
01435938
01435961
01435986
01436016
01436028
01436041
01436042
01436057
01436058
01436079
01436121
01436124
01436175
01436195
01436203
01436211
01436241
01436252
01436266
01436275
01436277
01436286
01436305
01436317
01436320
01436327
01436348
01436351
01436381
01436401
01436418
01436424
01436437
01436462
01436483
01436556
01436577
01436583
01436597
01436604
01436611
01436617
01436631
01436632
01436633
01436667
01436677
01436680
01436735
01436789
01436799
01436803
01436883
01436885
01436886
01436889
01436890
01436891
01436894
01436929
01437014
01437051
01437052
01437096
01437100
01437110
01437116
01437126
01437140
01437141
01437153
01437165
01437166
01437183
01437226
01437284
01437295
01437375
01437444
01437500
01437501
01437512
01437555
01437567
01437570
01437596
01437618
01437626
01437635
01437685
01437686
01437712
01437718
01437723
01437732
01437733
01437737
01437751
01437803
01437807
01437822
01437831
01437865
01437870
01437873
01437882
01437883
01437890
01437893
01437899
01437901
01437923
01437944
01437945
01437965
01437982
01437991
01437996
01437998
01437999
01438003
01438016
01438020
01438021
01438033
01438040
01438061
01438064
01438065
01438076
01438084
01438085
01438123
01438198
01438236
01438251
01438280
01438288
01438315
01438317
01438322
01438335
01438349
01438354
01438355
01438371
01438403
01438475
01438482
01438489
01438490
01438500
01438505
01438506
01438507
01438532
01438537
01438543
01438546
01438550
01438564
01438567
01438574
01438607
01438630
01438631
01438635
01438638
01438643
01438647
01438652
01438654
01438675
01438676
01438682
01438687
01438692
01438693
01438694
01438700
01438703
01438704
01438723
01438725
01438736
01438752
01438788
01438824
01438830
01438833
01438836
01438837
01438884
01438892
01438903
01438914
01438936
01438939
01438944
01438948
01438949
01438953
01438964
01438973
01438980
01439012
01439017
01439026
01439101
01439107
01439108
01439163
01439191
01439217
01439218
01439257
01439267
01439284
01439294
01439298
01439311
01439317
01439343
01439352
01439401
01439424
01439432
01439459
01439469
01439490
01439583
01439631
01439634
01439658
01439659
01439660
01439752
01439801
01439825
01439838
01439845
01439866
01439868
01439873
01439888
01439910
01439921
01439923
01439932
01439933
01439941
01439942
01439945
01439950
01439965
01439997
01440001
01440010
01440022
01440027
01440041
01440045
01440051
01440058
01440059
01440061
01440067
01440076
01440078
01440086
01440095
01440096
01440097
01440146
01440179
01440227
01440235
01440236
01440249
01440250
01440317
01440331
01440332
01440333
01440362
01440363
01440364
01440369
01440379
01440385
01440396
01440415
01440427
01440437
01440471
01440478
01440504
01440530
01440539
01440586
01440589
01440604
01440606
01440626
01440629
01440635
01440636
01440642
01440646
01440649
01440650
01440652
01440653
01440658
01440685
01440690
01440692
01440703
01440714
01440732
01440738
01440777
01440814
01440815
01440850
01440858
01440868
01440881
01440921
01440984
01441009
01441026
01441032
01441040
01441057
01441068
01441082
01441085
01441090
01441096
01441098
01441151
01441152
01441206
01441211
01441218
01441225
01441226
01441231
01441232
01441233
01441238
01441255
01441284
01441318
01441324
01441383
01441442
01441446
01441447
01441505
01441526
01441568
01441623
01441669
01441696
01441797
01441798
01441800
01441831
01441852
01441875
01441881
01441911
01441934
01441952
01441965
01441989
01442025
01442043
01442063
01442069
01442087
01442088
01442089
01442106
01442127
01442129
01442159
01442193
01442220
01442221
01442222
01442223
01442234
01442241
01442250
01442259
01442260
01442261
01442277
01442291
01442292
01442331
01442338
01442343
01442351
01442375
01442376
01442377
01442378
01442379
01442392
01442394
01442397
01442404
01442406
01442407
01442408
01442409
01442410
01442411
01442412
01442421
01442425
01442426
01442427
01442435
01442442
01442443
01442445
01442450
01442452
01442473
01442508
01442509
01442511
01442515
01442533
01442563
01442575
01442576
01442577
01442578
01442581
01442582
01442583
01442584
01442586
01442587
01442588
01442590
01442594
01442597
01442618
01442633
01442652
01442659
01442664
01442672
01442687
01442688
01442690
01442691
01442692
01442697
01442709
01442735
01442738
01442767
01442771
01442779
01442780
01442793
01442811
01442816
01442817
01442822
01442824
01442865
01442869
01442871
01442876
01442888
01442890
01442903
01442905
01442922
01442944
01442949
01442972
01442975
01442984
01443018
01443021
01443035
01443066
01443077
01443095
01443108
01443121
01443138
01443139
01443143
01443147
01443150
01443155
01443159
01443160
01443165
01443172
01443175
01443188
01443206
01443259
01443268
01443281
01443284
01443286
01443304
01443305
01443317
01443350
01443356
01443358
01443384
01443392
01443396
01443425
01443509
01443510
01443511
01443532
01443558
01443560
01443561
01443565
01443567
01443655
01443671
01443675
01443680
01443825
01443852
01443862
01443890
01443897
01443911
01443912
01443991
01444036
01444066
01444149
01444166
01444172
01444196
01444197
01444198
01444209
01444213
01444222
01444245
01444273
01444324
01444344
01444348
01444362
01444404
01444406
01444426
01444442
01444450
01444453
01444458
01444472
01444473
01444474
01444475
01444480
01444481
01444485
01444494
01444532
01444553
01444561
01444562
01444565
01444588
01444594
01444595
01444598
01444616
01444621
01444628
01444638
01444641
01444675
01444696
01444713
01444720
01444747
01444752
01444784
01444811
01444812
01444818
01444840
01444881
01444896
01444915
01444916
01444925
01444956
01444957
01444958
01444959
01444988
01445023
01445028
01445033
01445067
01445105
01445106
01445107
01445108
01445131
01445139
01445159
01445160
01445170
01445186
01445188
01445229
01445243
01445249
01445252
01445256
01445271
01445279
01445296
01445299
01445300
01445320
01445336
01445365
01445366
01445372
01445374
01445392
01445395
01445400
01445404
01445412
01445417
01445493
01445503
01445521
01445543
01445559
01445565
01445572
01445573
01445575
01445578
01445587
01445588
01445687
01445704
01445706
01445707
01445719
01445744
01445752
01445754
01445757
01445771
01445783
01445806
01445809
01445816
01445817
01445830
01445839
01445846
01445869
01445892
01445909
01445911
01445913
01445922
01445942
01445972
01445978
01445982
01445996
01445997
01446013
01446024
01446061
01446092
01446095
01446119
01446122
01446177
01446219
01446235
01446238
01446306
01446328
01446373
01446435
01446436
01446535
01446608
01446618
01446619
01446740
01446749
01446759
01446766
01446769
01446784
01446841
01446844
01446848
01446853
01446859
01446929
01446934
01446938
01446941
01446952
01446957
01447001
01447012
01447021
01447022
01447023
01447030
01447034
01447040
01447051
01447053
01447067
01447091
01447092
01447096
01447113
01447116
01447127
01447151
01447181
01447194
01447198
01447203
01447226
01447231
01447236
01447241
01447288
01447299
01447324
01447394
01447431
01447441
01447454
01447455
01447459
01447464
01447490
01447491
01447492
01447506
01447513
01447515
01447524
01447532
01447550
01447580
01447588
01447634
01447646
01447657
01447667
01447695
01447719
01447720
01447725
01447728
01447730
01447757
01447762
01447772
01447782
01447787
01447792
01447811
01447824
01447842
01447856
01447861
01447865
01447866
01447869
01447888
01447889
01447899
01447901
01447903
01447905
01447955
01447966
01447977
01447983
01448006
01448014
01448041
01448101
01448106
01448117
01448256
01448304
01448311
01448363
01448365
01448370
01448412
01448416
01448419
01448449
01448477
01448495
01448500
01448515
01448567
01448572
01448574
01448588
01448598
01448612
01448618
01448619
01448620
01448624
01448635
01448689
01448719
01448721
01448750
01448751
01448821
01448846
01448860
01448935
01448940
01448965
01448983
01449007
01449018
01449024
01449028
01449054
01449134
01449143
01449144
01449145
01449150
01449219
01449254
01449268
01449285
01449422
01449436
01449437
01449478
01449493
01449560
01449579
01449618
01449623
01449655
01449661
01449676
01449726
01449771
01449777
01449779
01449793
01449802
01449807
01449843
01449865
01449891
01449896
01449926
01449934
01449935
01449951
01449954
01449982
01449990
01450010
01450027
01450047
01450052
01450063
01450102
01450114
01450145
01450146
01450147
01450150
01450155
01450158
01450161
01450190
01450191
01450192
01450202
01450203
01450205
01450207
01450237
01450253
01450273
01450277
01450288
01450291
01450292
01450319
01450358
01450375
01450379
01450398
01450413
01450444
01450482
01450532
01450550
01450552
01450601
01450608
01450627
01450639
01450642
01450661
01450671
01450678
01450682
01450717
01450722
01450737
01450743
01450764
01450792
01450799
01450809
01450813
01450814
01450815
01450854
01450864
01450872
01450932
01450947
01450958
01450963
01450966
01450967
01450978
01451002
01451014
01451048
01451054
01451060
01451062
01451084
01451112
01451113
01451114
01451129
01451130
01451157
01451205
01451222
01451263
01451292
01451294
01451301
01451325
01451334
01451335
01451340
01451360
01451368
01451382
01451437
01451467
01451502
01451503
01451507
01451512
01451528
01451537
01451597
01451598
01451631
01451634
01451673
01451678
01451738
01451761
01451762
01451777
01451857
01451869
01451870
01451947
01451950
01451951
01451967
01451972
01451993
01451995
01452023
01452028
01452042
01452049
01452058
01452061
01452067
01452069
01452082
01452093
01452095
01452100
01452105
01452108
01452109
01452126
01452133
01452134
01452169
01452179
01452187
01452188
01452219
01452282
01452283
01452307
01452352
01452380
01452383
01452403
01452444
01452464
01452469
01452472
01452474
01452475
01452478
01452482
01452489
01452500
01452508
01452528
01452531
01452535
01452554
01452559
01452561
01452562
01452593
01452597
01452645
01452659
01452685
01452697
01452711
01452726
01452733
01452753
01452754
01452759
01452850
01452869
01452876
01452881
01452943
01452946
01452950
01452965
01452991
01453023
01453036
01453044
01453069
01453073
01453099
01453101
01453118
01453119
01453122
01453127
01453167
01453178
01453220
01453222
01453230
01453234
01453255
01453282
01453292
01453295
01453297
01453304
01453313
01453351
01453369
01453373
01453382
01453397
01453433
01453451
01453457
01453458
01453494
01453507
01453533
01453536
01453537
01453546
01453553
01453563
01453567
01453571
01453609
01453624
01453627
01453628
01453637
01453664
01453686
01453697
01453722
01453744
01453758
01453826
01454000
01454002
01454022
01454054
01454060
01454085
01454094
01454143
01454167
01454192
01454197
01454213
01454257
01454282
01454302
01454313
01454320
01454346
01454361
01454368
01454375
01454378
01454379
01454385
01454400
01454402
01454409
01454432
01454440
01454442
01454454
01454458
01454464
01454467
01454474
01454477
01454485
01454488
01454501
01454527
01454532
01454539
01454540
01454550
01454555
01454564
01454573
01454598
01454599
01454622
01454624
01454639
01454661
01454663
01454672
01454673
01454689
01454708
01454710
01454711
01454745
01454818
01454823
01454840
01454848
01454859
01454863
01454865
01454874
01454881
01454886
01454891
01454900
01454940
01454957
01454973
01454990
01454992
01455036
01455057
01455058
01455061
01455069
01455074
01455089
01455090
01455092
01455144
01455225
01455232
01455235
01455241
01455242
01455245
01455255
01455262
01455263
01455288
01455292
01455293
01455312
01455315
01455316
01455317
01455324
01455325
01455326
01455327
01455340
01455346
01455347
01455359
01455372
01455397
01455402
01455424
01455438
01455483
01455504
01455508
01455517
01455559
01455578
01455586
01455623
01455631
01455633
01455641
01455652
01455681
01455725
01455768
01455814
01455824
01455842
01455853
01455855
01455858
01455869
01455880
01455887
01455892
01455895
01455900
01455905
01455916
01455919
01455934
01455937
01455940
01455943
01455946
01455948
01455958
01455961
01455963
01455978
01455982
01455997
01456007
01456018
01456019
01456070
01456107
01456108
01456110
01456115
01456123
01456130
01456133
01456137
01456139
01456153
01456158
01456159
01456161
01456173
01456183
01456184
01456195
01456220
01456231
01456271
01456364
01456374
01456403
01456413
01456431
01456452
01456455
01456461
01456468
01456480
01456492
01456513
01456515
01456547
01456588
01456607
01456636
01456641
01456652
01456681
01456712
01456715
01456729
01456842
01456846
01456850
01456883
01456894
01456897
01456957
01456965
01456969
01456981
01456983
01456985
01457002
01457004
01457048
01457087
01457090
01457108
01457124
01457141
01457142
01457145
01457147
01457149
01457169
01457174
01457181
01457182
01457197
01457221
01457223
01457242
01457243
01457257
01457262
01457266
01457270
01457276
01457277
01457281
01457306
01457317
01457319
01457321
01457333
01457335
01457345
01457358
01457359
01457370
01457379
01457414
01457433
01457446
01457447
01457452
01457456
01457477
01457490
01457497
01457498
01457511
01457513
01457562
01457564
01457591
01457628
01457633
01457641
01457666
01457672
01457674
01457676
01457683
01457689
01457707
01457716
01457721
01457732
01457746
01457750
01457751
01457786
01457788
01457811
01457813
01457816
01457829
01457832
01457862
01457863
01457865
01457873
01457890
01457903
01457906
01457944
01457962
01457964
01457967
01457984
01457994
01457997
01457998
01458007
01458008
01458009
01458010
01458011
01458012
01458013
01458014
01458015
01458053
01458109
01458110
01458111
01458134
01458154
01458162
01458174
01458263
01458267
01458268
01458289
01458306
01458314
01458319
01458330
01458336
01458352
01458353
01458370
01458392
01458399
01458400
01458407
01458413
01458427
01458431
01458445
01458448
01458467
01458469
01458474
01458487
01458493
01458504
01458505
01458532
01458538
01458560
01458581
01458598
01458601
01458607
01458608
01458617
01458619
01458688
01458700
01458721
01458732
01458737
01458738
01458743
01458767
01458789
01458800
01458807
01458849
01458856
01458913
01458919
01458925
01458936
01458937
01458954
01458964
01458983
01458985
01459001
01459002
01459061
01459092
01459118
01459145
01459176
01459185
01459190
01459205
01459211
01459216
01459220
01459229
01459245
01459257
01459330
01459357
01459359
01459421
01459441
01459448
01459457
01459476
01459487
01459528
01459550
01459551
01459567
01459584
01459588
01459681
01459699
01459705
01459714
01459728
01459769
01459770
01459772
01459778
01459780
01459783
01459795
01459798
01459802
01459805
01459827
01459828
01459830
01459849
01459854
01459865
01459867
01459872
01459874
01459883
01459908
01459910
01459914
01459928
01459933
01459934
01459957
01459967
01459984
01459985
01460016
01460025
01460034
01460036
01460045
01460055
01460079
01460116
01460119
01460120
01460138
01460146
01460185
01460195
01460208
01460224
01460245
01460251
01460340
01460359
01460372
01460376
01460381
01460382
01460383
01460387
01460430
01460434
01460444
01460446
01460487
01460512
01460518
01460526
01460546
01460553
01460555
01460564
01460565
01460567
01460571
01460578
01460581
01460636
01460639
01460651
01460690
01460708
01460719
01460725
01460742
01460772
01460779
01460811
01460812
01460828
01460847
01460852
01460872
01460876
01460887
01460893
01460904
01460905
01460906
01460915
01460917
01460918
01460919
01460946
01460952
01460955
01460981
01460989
01461002
01461005
01461016
01461024
01461025
01461026
01461054
01461060
01461068
01461075
01461077
01461108
01461109
01461135
01461169
01461219
01461225
01461228
01461255
01461300
01461301
01461363
01461364
01461375
01461389
01461398
01461401
01461404
01461481
01461482
01461496
01461499
01461509
01461510
01461566
01461615
01461616
01461617
01461618
01461624
01461626
01461630
01461650
01461653
01461665
01461668
01461676
01461693
01461694
01461706
01461710
01461716
01461726
01461735
01461742
01461766
01461767
01461768
01461781
01461783
01461787
01461806
01461807
01461810
01461832
01461866
01461876
01461885
01461901
01461905
01461921
01461922
01461928
01461940
01461945
01461964
01461970
01461999
01462000
01462007
01462010
01462049
01462076
01462089
01462093
01462100
01462105
01462108
01462109
01462116
01462155
01462159
01462163
01462164
01462170
01462178
01462180
01462191
01462192
01462196
01462207
01462224
01462242
01462244
01462255
01462257
01462266
01462275
01462284
01462324
01462329
01462330
01462333
01462335
01462336
01462346
01462350
01462394
01462400
01462402
01462406
01462414
01462421
01462422
01462429
01462443
01462444
01462445
01462446
01462447
01462448
01462449
01462450
01462476
01462515
01462526
01462527
01462538
01462539
01462554
01462557
01462567
01462602
01462659
01462663
01462689
01462699
01462714
01462739
01462823
01462843
01462848
01462872
01462885
01462898
01462901
01462940
01462990
01462995
01463011
01463023
01463028
01463036
01463049
01463064
01463073
01463102
01463109
01463112
01463128
01463133
01463137
01463161
01463167
01463192
01463211
01463214
01463215
01463219
01463221
01463231
01463234
01463237
01463245
01463247
01463273
01463276
01463349
01463352
01463378
01463385
01463386
01463392
01463406
01463409
01463436
01463448
01463449
01463450
01463453
01463458
01463466
01463481
01463503
01463504
01463508
01463526
01463541
01463545
01463550
01463557
01463591
01463604
01463606
01463620
01463636
01463666
01463705
01463710
01463722
01463744
01463748
01463751
01463768
01463811
01463823
01463825
01463829
01463832
01463844
01463889
01463902
01463920
01463935
01463950
01463957
01463992
01464019
01464021
01464038
01464042
01464050
01464052
01464071
01464097
01464161
01464172
01464175
01464176
01464203
01464234
01464272
01464311
01464347
01464357
01464363
01464366
01464399
01464402
01464409
01464430
01464473
01464488
01464490
01464501
01464510
01464516
01464523
01464533
01464535
01464539
01464549
01464558
01464559
01464563
01464585
01464607
01464613
01464625
01464644
01464647
01464664
01464676
01464686
01464702
01464722
01464757
01464758
01464771
01464778
01464793
01464810
01464825
01464837
01464869
01464895
01464950
01464961
01464981
01465059
01465062
01465076
01465081
01465082
01465083
01465104
01465105
01465112
01465116
01465126
01465136
01465148
01465152
01465157
01465165
01465173
01465179
01465183
01465187
01465206
01465230
01465251
01465260
01465289
01465312
01465325
01465337
01465350
01465351
01465355
01465357
01465364
01465367
01465368
01465381
01465420
01465439
01465448
01465539
01465571
01465598
01465606
01465619
01465621
01465624
01465626
01465644
01465652
01465672
01465679
01465703
01465712
01465780
01465883
01465911
01465940
01465944
01465955
01466004
01466007
01466074
01466131
01466150
01466168
01466184
01466262
01466307
01466374
01466378
01466381
01466400
01466427
01466434
01466438
01466444
01466445
01466490
01466500
01466516
01466531
01466537
01466546
01466575
01466593
01466654
01466657
01466659
01466687
01466690
01466697
01466698
01466706
01466707
01466722
01466726
01466729
01466738
01466746
01466748
01466776
01466778
01466780
01466785
01466806
01466811
01466828
01466842
01466844
01466861
01466862
01466872
01466884
01466911
01466912
01466929
01466937
01466948
01466965
01466988
01467011
01467036
01467052
01467059
01467061
01467083
01467087
01467088
01467114
01467132
01467159
01467173
01467196
01467197
01467200
01467218
01467224
01467232
01467233
01467265
01467272
01467275
01467276
01467278
01467296
01467299
01467302
01467309
01467312
01467314
01467320
01467322
01467332
01467370
01467384
01467385
01467402
01467405
01467406
01467432
01467436
01467437
01467438
01467439
01467440
01467448
01467450
01467456
01467539
01467540
01467541
01467561
01467577
01467624
01467640
01467641
01467642
01467643
01467644
01467691
01467724
01467739
01467751
01467754
01467757
01467787
01467788
01467823
01467825
01467827
01467830
01467834
01467886
01467902
01467903
01467939
01467946
01467950
01467951
01467963
01468017
01468018
01468077
01468101
01468162
01468190
01468214
01468215
01468267
01468310
01468332
01468348
01468392
01468401
01468474
01468475
01468480
01468488
01468504
01468530
01468532
01468577
01468592
01468593
01468613
01468638
01468649
01468670
01468673
01468676
01468691
01468713
01468736
01468757
01468764
01468768
01468770
01468783
01468797
01468820
01468826
01468828
01468832
01468833
01468866
01468884
01468885
01468893
01468920
01468947
01468963
01468973
01468989
01469003
01469030
01469039
01469051
01469055
01469061
01469062
01469077
01469084
01469088
01469100
01469101
01469107
01469126
01469131
01469132
01469155
01469174
01469205
01469226
01469228
01469288
01469289
01469333
01469346
01469376
01469387
01469398
01469401
01469407
01469422
01469425
01469426
01469427
01469433
01469444
01469445
01469447
01469452
01469470
01469494
01469499
01469500
01469512
01469521
01469525
01469531
01469538
01469549
01469550
01469551
01469552
01469560
01469565
01469575
01469601
01469614
01469629
01469631
01469633
01469634
01469651
01469672
01469674
01469678
01469693
01469744
01469745
01469746
01469788
01469805
01469837
01469840
01469861
01469866
01469876
01469878
01469880
01469881
01469883
01469885
01469894
01469909
01469935
01469957
01469959
01469987
01470032
01470036
01470055
01470079
01470090
01470093
01470180
01470191
01470250
01470252
01470253
01470259
01470273
01470275
01470322
01470333
01470339
01470340
01470341
01470344
01470359
01470405
01470427
01470478
01470523
01470530
01470542
01470550
01470552
01470559
01470636
01470645
01470662
01470764
01470809
01470840
01470920
01470952
01470975
01470986
01470998
01471017
01471024
01471050
01471096
01471110
01471122
01471128
01471130
01471183
01471213
01471240
01471243
01471251
01471274
01471275
01471291
01471302
01471304
01471320
01471324
01471362
01471386
01471398
01471406
01471408
01471442
01471444
01471448
01471449
01471453
01471454
01471464
01471470
01471484
01471499
01471511
01471526
01471531
01471548
01471549
01471571
01471606
01471608
01471625
01471654
01471658
01471666
01471667
01471701
01471704
01471706
01471736
01471767
01471773
01471790
01471806
01471807
01471819
01471827
01471838
01471842
01471861
01471886
01471947
01471952
01471978
01471989
01471998
01472004
01472005
01472012
01472014
01472015
01472019
01472056
01472073
01472078
01472088
01472090
01472103
01472114
01472116
01472138
01472148
01472159
01472165
01472195
01472198
01472205
01472219
01472221
01472222
01472223
01472231
01472314
01472317
01472318
01472324
01472335
01472343
01472352
01472361
01472369
01472378
01472395
01472401
01472457
01472530
01472531
01472540
01472552
01472556
01472558
01472560
01472564
01472569
01472573
01472635
01472641
01472644
01472649
01472652
01472658
01472697
01472701
01472738
01472751
01472760
01472761
01472769
01472791
01472796
01472805
01472809
01472832
01472847
01472848
01472849
01472851
01472909
01472959
01473069
01473122
01473133
01473138
01473139
01473148
01473192
01473200
01473223
01473282
01473288
01473297
01473298
01473299
01473397
01473420
01473421
01473470
01473493
01473512
01473526
01473552
01473557
01473594
01473616
01473625
01473667
01473683
01473760
01473774
01473779
01473806
01473838
01473893
01473895
01473900
01473933
01473951
01474012
01474039
01474097
01474098
01474100
01474107
01474110
01474121
01474131
01474133
01474138
01474144
01474154
01474168
01474171
01474174
01474175
01474176
01474190
01474196
01474202
01474207
01474210
01474233
01474241
01474256
01474257
01474258
01474264
01474276
01474282
01474286
01474290
01474301
01474302
01474308
01474316
01474323
01474330
01474333
01474345
01474360
01474361
01474366
01474392
01474394
01474415
01474435
01474447
01474449
01474454
01474471
01474483
01474491
01474492
01474513
01474515
01474516
01474517
01474521
01474523
01474534
01474535
01474539
01474540
01474569
01474570
01474571
01474601
01474621
01474630
01474637
01474663
01474690
01474693
01474694
01474699
01474709
01474748
01474759
01474771
01474772
01474786
01474793
01474796
01474849
01474878
01474880
01474925
01474936
01474943
01474944
01474986
01474989
01475011
01475023
01475054
01475055
01475059
01475088
01475107
01475130
01475133
01475141
01475151
01475156
01475174
01475177
01475179
01475184
01475189
01475203
01475208
01475211
01475221
01475225
01475226
01475227
01475236
01475252
01475255
01475258
01475268
01475273
01475283
01475289
01475309
01475321
01475373
01475378
01475386
01475387
01475402
01475459
01475460
01475461
01475480
01475508
01475529
01475537
01475554
01475562
01475587
01475588
01475620
01475646
01475660
01475664
01475665
01475666
01475670
01475700
01475710
01475719
01475723
01475736
01475737
01475744
01475746
01475756
01475761
01475771
01475780
01475801
01475808
01475823
01475834
01475837
01475849
01475860
01475880
01475900
01475910
01475911
01475927
01475936
01475942
01475944
01475946
01475963
01475964
01475967
01475975
01475984
01475991
01476005
01476008
01476043
01476061
01476066
01476077
01476118
01476182
01476201
01476207
01476212
01476241
01476244
01476267
01476282
01476425
01476471
01476528
01476551
01476592
01476597
01476598
01476599
01476608
01476633
01476634
01476687
01476692
01476695
01476727
01476810
01476811
01476828
01476881
01476898
01476921
01476926
01476965
01476967
01476973
01477008
01477104
01477124
01477125
01477136
01477143
01477148
01477159
01477173
01477176
01477180
01477198
01477218
01477230
01477231
01477237
01477239
01477240
01477243
01477255
01477256
01477258
01477259
01477266
01477271
01477273
01477278
01477283
01477288
01477304
01477307
01477314
01477324
01477338
01477341
01477347
01477348
01477357
01477364
01477373
01477380
01477459
01477469
01477491
01477512
01477518
01477540
01477586
01477593
01477594
01477629
01477633
01477637
01477667
01477669
01477672
01477694
01477703
01477745
01477756
01477812
01477816
01477831
01477867
01477869
01477899
01477909
01477913
01477915
01477916
01477920
01477926
01477956
01477958
01477962
01477964
01477976
01477994
01478014
01478029
01478045
01478046
01478049
01478053
01478065
01478066
01478091
01478111
01478116
01478124
01478129
01478132
01478140
01478150
01478162
01478180
01478188
01478192
01478205
01478246
01478247
01478269
01478301
01478309
01478321
01478327
01478336
01478346
01478369
01478376
01478389
01478400
01478434
01478448
01478456
01478463
01478480
01478485
01478521
01478527
01478563
01478573
01478574
01478590
01478622
01478662
01478696
01478809
01478810
01478850
01478874
01478893
01478900
01478922
01478965
01479044
01479049
01479061
01479096
01479106
01479113
01479169
01479187
01479316
01479337
01479368
01479389
01479422
01479466
01479497
01479508
01479538
01479539
01479540
01479554
01479641
01479669
01479670
01479684
01479688
01479689
01479708
01479714
01479716
01479740
01479765
01479767
01479774
01479784
01479788
01479814
01479823
01479843
01479845
01479850
01479856
01479857
01479874
01479875
01479888
01479959
01479961
01479991
01479992
01480003
01480006
01480011
01480027
01480047
01480050
01480070
01480079
01480086
01480090
01480091
01480094
01480096
01480097
01480100
01480124
01480128
01480130
01480146
01480179
01480194
01480209
01480213
01480215
01480223
01480246
01480247
01480262
01480267
01480280
01480290
01480299
01480304
01480310
01480313
01480329
01480335
01480336
01480337
01480338
01480350
01480372
01480393
01480395
01480397
01480398
01480399
01480408
01480440
01480469
01480480
01480481
01480487
01480523
01480553
01480554
01480555
01480563
01480577
01480601
01480603
01480605
01480606
01480613
01480617
01480623
01480626
01480667
01480679
01480682
01480683
01480691
01480703
01480725
01480752
01480767
01480770
01480797
01480812
01480814
01480822
01480827
01480843
01480851
01480898
01480910
01480913
01480945
01481000
01481011
01481013
01481019
01481021
01481067
01481070
01481072
01481084
01481085
01481098
01481103
01481118
01481130
01481131
01481161
01481190
01481198
01481216
01481225
01481228
01481231
01481239
01481259
01481303
01481310
01481322
01481332
01481340
01481371
01481374
01481395
01481414
01481415
01481425
01481435
01481451
01481464
01481465
01481493
01481556
01481568
01481575
01481587
01481605
01481608
01481626
01481632
01481668
01481677
01481705
01481710
01481718
01481719
01481737
01481781
01481795
01481796
01481805
01481864
01481882
01481918
01481975
01481981
01482000
01482064
01482101
01482102
01482186
01482191
01482257
01482271
01482272
01482275
01482297
01482298
01482299
01482379
01482380
01482381
01482402
01482406
01482415
01482416
01482422
01482431
01482432
01482434
01482435
01482439
01482456
01482461
01482474
01482477
01482488
01482510
01482512
01482523
01482528
01482529
01482551
01482555
01482560
01482568
01482570
01482572
01482614
01482655
01482656
01482669
01482671
01482677
01482681
01482687
01482701
01482716
01482718
01482739
01482757
01482783
01482796
01482818
01482822
01482834
01482835
01482848
01482867
01482868
01482869
01482924
01482985
01482994
01483003
01483007
01483018
01483026
01483036
01483038
01483039
01483048
01483081
01483095
01483106
01483129
01483133
01483136
01483162
01483163
01483165
01483172
01483177
01483181
01483184
01483195
01483215
01483232
01483240
01483250
01483251
01483260
01483270
01483278
01483281
01483295
01483296
01483312
01483316
01483324
01483327
01483328
01483332
01483343
01483363
01483368
01483369
01483372
01483373
01483375
01483380
01483397
01483402
01483411
01483422
01483423
01483424
01483429
01483437
01483438
01483444
01483445
01483452
01483464
01483468
01483474
01483502
01483533
01483538
01483541
01483561
01483585
01483589
01483591
01483596
01483597
01483602
01483603
01483619
01483652
01483654
01483666
01483667
01483699
01483702
01483710
01483747
01483761
01483777
01483788
01483790
01483803
01483809
01483815
01483817
01483818
01483820
01483851
01483885
01483905
01483906
01483920
01483921
01483922
01483934
01483944
01483950
01483971
01483973
01483985
01484017
01484032
01484047
01484059
01484061
01484081
01484113
01484165
01484199
01484214
01484221
01484238
01484250
01484281
01484293
01484325
01484340
01484361
01484363
01484374
01484377
01484408
01484410
01484455
01484523
01484526
01484546
01484564
01484599
01484641
01484660
01484661
01484688
01484712
01484721
01484767
01484770
01484780
01484807
01484853
01484871
01484904
01484962
01484989
01484996
01485000
01485043
01485049
01485071
01485074
01485100
01485107
01485133
01485136
01485164
01485174
01485179
01485205
01485256
01485261
01485266
01485274
01485283
01485317
01485337
01485348
01485364
01485365
01485384
01485385
01485391
01485400
01485408
01485425
01485434
01485442
01485447
01485449
01485456
01485464
01485487
01485514
01485521
01485531
01485541
01485548
01485550
01485569
01485573
01485591
01485599
01485602
01485611
01485621
01485633
01485654
01485704
01485768
01485783
01485784
01485785
01485786
01485794
01485798
01485811
01485814
01485834
01485848
01485897
01485909
01485931
01485961
01485979
01485994
01486021
01486043
01486097
01486105
01486123
01486169
01486207
01486208
01486209
01486211
01486244
01486269
01486302
01486311
01486339
01486359
01486375
01486382
01486383
01486395
01486396
01486398
01486403
01486409
01486411
01486412
01486419
01486420
01486426
01486441
01486455
01486461
01486462
01486470
01486473
01486506
01486516
01486532
01486536
01486554
01486558
01486570
01486573
01486609
01486657
01486694
01486704
01486707
01486709
01486722
01486732
01486733
01486734
01486736
01486749
01486754
01486763
01486794
01486804
01486822
01486836
01486851
01486864
01486876
01486881
01486910
01486914
01486936
01487006
01487017
01487025
01487027
01487094
01487109
01487114
01487126
01487140
01487142
01487148
01487162
01487169
01487203
01487220
01487221
01487222
01487235
01487239
01487241
01487263
01487266
01487294
01487313
01487320
01487340
01487342
01487352
01487353
01487360
01487363
01487367
01487379
01487398
01487411
01487468
01487482
01487483
01487485
01487500
01487521
01487550
01487557
01487567
01487600
01487621
01487642
01487664
01487675
01487733
01487742
01487744
01487773
01487790
01487807
01487829
01487840
01487872
01487890
01487999
01488002
01488003
01488020
01488039
01488087
01488099
01488135
01488149
01488176
01488199
01488200
01488220
01488267
01488274
01488283
01488300
01488309
01488334
01488387
01488408
01488410
01488411
01488454
01488455
01488479
01488495
01488499
01488519
01488524
01488543
01488544
01488554
01488606
01488617
01488634
01488661
01488668
01488671
01488674
01488683
01488684
01488693
01488721
01488722
01488723
01488726
01488731
01488735
01488744
01488759
01488769
01488772
01488775
01488781
01488787
01488803
01488807
01488813
01488840
01488852
01488857
01488867
01488872
01488873
01488883
01488902
01488906
01488941
01488965
01488976
01489040
01489046
01489050
01489051
01489055
01489067
01489073
01489102
01489118
01489140
01489141
01489154
01489171
01489175
01489177
01489178
01489240
01489251
01489252
01489261
01489293
01489326
01489328
01489338
01489392
01489484
01489522
01489528
01489560
01489605
01489611
01489613
01489615
01489622
01489642
01489688
01489714
01489723
01489724
01489736
01489744
01489745
01489752
01489760
01489774
01489791
01489800
01489801
01489803
01489813
01489825
01489832
01489845
01489858
01489859
01489860
01489861
01489889
01489904
01489926
01489929
01489930
01489932
01489948
01489990
01489991
01489995
01489996
01490015
01490033
01490034
01490056
01490063
01490069
01490071
01490087
01490088
01490089
01490104
01490105
01490106
01490112
01490115
01490135
01490136
01490137
01490152
01490168
01490169
01490183
01490297
01490298
01490301
01490314
01490324
01490376
01490408
01490429
01490455
01490473
01490485
01490519
01490520
01490535
01490544
01490567
01490568
01490586
01490612
01490622
01490623
01490642
01490645
01490662
01490675
01490676
01490708
01490730
01490738
01490742
01490753
01490802
01490819
01490832
01490892
01490893
01490946
01490949
01490950
01490952
01490953
01490985
01490993
01490994
01490995
01490998
01491009
01491051
01491075
01491091
01491115
01491116
01491162
01491171
01491187
01491228
01491294
01491323
01491349
01491382
01491393
01491446
01491450
01491455
01491486
01491508
01491523
01491534
01491650
01491661
01491676
01491678
01491691
01491700
01491716
01491722
01491799
01491806
01491844
01491868
01491897
01491947
01491959
01491964
01492015
01492029
01492047
01492071
01492083
01492084
01492090
01492102
01492109
01492116
01492130
01492132
01492133
01492142
01492147
01492148
01492154
01492157
01492167
01492198
01492217
01492218
01492224
01492227
01492228
01492237
01492264
01492265
01492276
01492281
01492284
01492287
01492297
01492308
01492321
01492324
01492329
01492335
01492348
01492351
01492355
01492359
01492377
01492394
01492408
01492414
01492423
01492434
01492439
01492442
01492446
01492457
01492460
01492484
01492488
01492517
01492524
01492525
01492532
01492556
01492579
01492581
01492588
01492591
01492592
01492593
01492597
01492601
01492624
01492630
01492645
01492648
01492649
01492654
01492657
01492667
01492676
01492681
01492707
01492723
01492729
01492743
01492754
01492827
01492840
01492841
01492847
01492859
01492866
01492884
01492885
01492899
01492921
01492922
01492971
01492975
01492987
01493024
01493026
01493030
01493050
01493051
01493052
01493057
01493059
01493072
01493097
01493101
01493102
01493107
01493115
01493152
01493226
01493249
01493250
01493266
01493275
01493305
01493345
01493347
01493363
01493371
01493372
01493396
01493430
01493436
01493450
01493453
01493456
01493460
01493467
01493470
01493471
01493480
01493482
01493493
01493494
01493500
01493505
01493507
01493508
01493509
01493510
01493513
01493546
01493557
01493562
01493567
01493569
01493572
01493573
01493585
01493620
01493622
01493648
01493660
01493661
01493743
01493752
01493772
01493779
01493781
01493793
01493806
01493807
01493813
01493824
01493830
01493869
01493871
01493875
01493876
01493897
01493925
01493929
01493936
01493949
01493955
01493963
01493989
01493990
01493995
01494004
01494048
01494051
01494059
01494065
01494066
01494102
01494104
01494110
01494127
01494130
01494146
01494157
01494213
01494223
01494228
01494229
01494244
01494261
01494282
01494284
01494301
01494308
01494321
01494337
01494339
01494343
01494369
01494381
01494388
01494399
01494403
01494429
01494435
01494483
01494503
01494520
01494525
01494527
01494530
01494553
01494565
01494575
01494576
01494577
01494609
01494626
01494659
01494678
01494735
01494765
01494801
01494804
01494805
01494807
01494808
01494835
01494865
01494877
01494878
01494914
01494919
01495005
01495029
01495038
01495060
01495061
01495075
01495105
01495131
01495133
01495171
01495178
01495189
01495197
01495216
01495278
01495309
01495322
01495323
01495335
01495367
01495395
01495404
01495405
01495410
01495432
01495435
01495436
01495451
01495457
01495467
01495518
01495574
01495641
01495649
01495678
01495681
01495714
01495721
01495823
01495841
01495879
01495887
01495892
01495910
01495911
01495939
01495960
01495990
01495995
01495998
01496044
01496077
01496097
01496120
01496135
01496146
01496148
01496152
01496163
01496194
01496221
01496252
01496291
01496308
01496311
01496316
01496325
01496364
01496365
01496379
01496399
01496402
01496419
01496443
01496450
01496462
01496463
01496466
01496474
01496479
01496480
01496484
01496496
01496507
01496508
01496539
01496546
01496552
01496553
01496583
01496601
01496608
01496614
01496624
01496625
01496630
01496631
01496641
01496663
01496713
01496781
01496790
01496824
01496836
01496840
01496854
01496868
01496870
01496884
01496887
01496904
01496905
01496914
01496948
01496993
01496998
01497045
01497061
01497072
01497095
01497118
01497119
01497122
01497124
01497141
01497145
01497159
01497188
01497222
01497227
01497242
01497244
01497265
01497286
01497302
01497307
01497309
01497315
01497333
01497358
01497403
01497405
01497436
01497445
01497467
01497509
01497552
01497556
01497562
01497593
01497617
01497618
01497620
01497621
01497625
01497629
01497641
01497643
01497648
01497650
01497652
01497659
01497684
01497692
01497697
01497721
01497734
01497736
01497764
01497789
01497793
01497794
01497796
01497809
01497821
01497823
01497828
01497846
01497859
01497900
01497924
01497938
01497951
01497953
01497954
01497955
01497976
01497995
01498007
01498017
01498018
01498019
01498024
01498043
01498053
01498056
01498059
01498063
01498111
01498114
01498115
01498119
01498144
01498151
01498164
01498176
01498195
01498211
01498224
01498236
01498282
01498286
01498312
01498320
01498334
01498351
01498406
01498421
01498437
01498439
01498464
01498465
01498475
01498481
01498496
01498518
01498524
01498526
01498543
01498544
01498550
01498553
01498569
01498613
01498625
01498636
01498641
01498648
01498664
01498678
01498687
01498719
01498734
01498750
01498760
01498762
01498776
01498782
01498784
01498811
01498817
01498849
01498855
01498866
01498870
01498939
01498941
01498959
01498963
01498964
01498973
01498981
01499015
01499030
01499254
01499297
01499333
01499434
01499445
01499482
01499483
01499492
01499493
01499507
01499526
01499597
01499623
01499646
01499661
01499674
01499683
01499697
01499700
01499727
01499730
01499761
01499769
01499770
01499790
01499799
01499832
01499845
01499854
01499855
01499856
01499857
01499870
01499873
01499875
01499884
01499938
01499939
01499947
01499963
01499967
01499970
01499978
01499979
01500001
01500009
01500022
01500028
01500029
01500047
01500115
01500149
01500163
01500171
01500175
01500176
01500208
01500231
01500233
01500240
01500337
01500366
01500373
01500378
01500419
01500432
01500433
01500437
01500446
01500466
01500468
01500480
01500551
01500553
01500557
01500569
01500578
01500582
01500584
01500605
01500606
01500635
01500680
01500747
01500792
01500796
01500866
01500894
01500896
01500936
01500939
01500965
01500966
01500975
01500976
01500984
01500986
01501012
01501014
01501029
01501049
01501055
01501058
01501062
01501076
01501077
01501094
01501106
01501165
01501168
01501170
01501174
01501188
01501189
01501190
01501203
01501205
01501221
01501227
01501232
01501234
01501241
01501259
01501270
01501274
01501277
01501280
01501367
01501394
01501395
01501432
01501452
01501454
01501501
01501529
01501552
01501554
01501559
01501565
01501566
01501576
01501580
01501583
01501635
01501676
01501679
01501703
01501706
01501707
01501709
01501716
01501736
01501741
01501743
01501766
01501782
01501783
01501811
01501849
01501854
01501860
01501865
01501874
01501877
01501880
01501887
01501902
01501903
01501906
01501955
01501961
01501970
01501981
01501998
01502063
01502071
01502098
01502103
01502141
01502142
01502164
01502210
01502219
01502269
01502290
01502293
01502316
01502341
01502359
01502382
01502390
01502399
01502421
01502422
01502425
01502449
01502462
01502466
01502491
01502541
01502547
01502549
01502552
01502614
01502619
01502631
01502646
01502676
01502700
01502710
01502712
01502749
01502758
01502766
01502777
01502841
01502849
01502892
01502900
01502901
01502906
01502921
01502922
01502963
01502973
01502985
01502989
01503011
01503012
01503038
01503067
01503072
01503075
01503080
01503088
01503102
01503122
01503130
01503143
01503145
01503152
01503163
01503193
01503194
01503197
01503198
01503200
01503207
01503219
01503225
01503237
01503238
01503239
01503240
01503251
01503261
01503270
01503272
01503274
01503279
01503287
01503292
01503294
01503299
01503318
01503320
01503356
01503372
01503374
01503379
01503380
01503385
01503406
01503416
01503418
01503428
01503431
01503447
01503450
01503452
01503472
01503506
01503518
01503553
01503580
01503602
01503613
01503620
01503633
01503640
01503644
01503649
01503655
01503666
01503680
01503683
01503685
01503686
01503692
01503693
01503703
01503705
01503723
01503727
01503731
01503732
01503734
01503743
01503753
01503759
01503760
01503763
01503775
01503782
01503783
01503793
01503823
01503825
01503852
01503853
01503854
01503860
01503862
01503873
01503875
01503884
01503897
01503902
01503938
01503978
01503990
01503991
01503995
01503996
01504000
01504011
01504021
01504036
01504047
01504057
01504058
01504078
01504091
01504110
01504129
01504137
01504149
01504163
01504192
01504198
01504199
01504200
01504212
01504217
01504239
01504240
01504243
01504248
01504277
01504287
01504296
01504332
01504335
01504340
01504344
01504359
01504373
01504389
01504394
01504398
01504409
01504413
01504416
01504422
01504430
01504474
01504479
01504485
01504498
01504500
01504542
01504577
01504580
01504613
01504633
01504634
01504643
01504652
01504656
01504657
01504666
01504676
01504693
01504713
01504723
01504727
01504743
01504781
01504783
01504807
01504817
01504844
01504850
01504851
01504852
01504853
01504854
01504862
01504895
01504910
01504937
01504941
01504950
01504989
01504990
01505078
01505084
01505100
01505109
01505110
01505133
01505155
01505190
01505193
01505258
01505282
01505290
01505301
01505309
01505318
01505344
01505353
01505384
01505411
01505450
01505454
01505469
01505473
01505488
01505500
01505505
01505509
01505519
01505524
01505536
01505542
01505545
01505547
01505548
01505549
01505558
01505568
01505575
01505581
01505582
01505592
01505609
01505625
01505626
01505640
01505655
01505657
01505661
01505671
01505700
01505707
01505712
01505733
01505771
01505775
01505785
01505787
01505789
01505852
01505861
01505880
01505881
01505902
01505904
01505909
01505930
01505936
01505940
01505951
01505959
01505960
01505963
01505964
01505966
01505974
01505980
01506010
01506013
01506018
01506022
01506025
01506026
01506035
01506037
01506040
01506049
01506060
01506061
01506062
01506064
01506112
01506147
01506177
01506193
01506220
01506221
01506222
01506233
01506257
01506269
01506270
01506275
01506280
01506292
01506306
01506307
01506321
01506322
01506356
01506362
01506395
01506411
01506413
01506423
01506426
01506430
01506435
01506437
01506441
01506442
01506483
01506490
01506494
01506495
01506497
01506501
01506508
01506519
01506521
01506530
01506547
01506569
01506570
01506571
01506588
01506718
01506721
01506763
01506765
01506784
01506807
01506885
01506919
01506967
01506988
01506990
01507065
01507081
01507119
01507124
01507142
01507171
01507207
01507211
01507264
01507269
01507271
01507280
01507293
01507294
01507299
01507308
01507310
01507336
01507350
01507367
01507379
01507397
01507461
01507475
01507481
01507494
01507496
01507506
01507518
01507529
01507537
01507553
01507554
01507555
01507559
01507571
01507606
01507618
01507623
01507653
01507654
01507664
01507686
01507692
01507743
01507744
01507756
01507783
01507789
01507792
01507795
01507818
01507830
01507840
01507849
01507859
01507866
01507877
01507903
01507909
01507924
01507938
01507958
01507972
01507986
01507992
01508015
01508018
01508043
01508078
01508079
01508093
01508094
01508124
01508130
01508144
01508155
01508156
01508174
01508176
01508200
01508211
01508223
01508236
01508244
01508247
01508249
01508256
01508267
01508273
01508282
01508287
01508289
01508292
01508296
01508312
01508322
01508325
01508329
01508336
01508341
01508349
01508368
01508370
01508384
01508385
01508390
01508408
01508412
01508413
01508427
01508448
01508451
01508453
01508457
01508488
01508489
01508495
01508520
01508539
01508554
01508562
01508577
01508583
01508602
01508609
01508619
01508624
01508640
01508657
01508681
01508695
01508702
01508709
01508711
01508726
01508727
01508759
01508765
01508769
01508779
01508781
01508790
01508797
01508798
01508803
01508804
01508845
01508872
01508882
01508890
01508891
01508902
01508936
01508948
01508949
01508963
01509099
01509111
01509121
01509133
01509135
01509136
01509195
01509232
01509242
01509251
01509269
01509295
01509315
01509320
01509386
01509423
01509425
01509430
01509433
01509439
01509449
01509467
01509468
01509477
01509491
01509502
01509521
01509523
01509594
01509629
01509634
01509640
01509653
01509655
01509685
01509690
01509698
01509699
01509720
01509734
01509737
01509750
01509754
01509761
01509786
01509807
01509816
01509852
01509869
01509895
01509906
01509932
01509937
01509985
01509987
01509994
01509998
01510000
01510002
01510003
01510004
01510012
01510026
01510029
01510041
01510043
01510046
01510056
01510059
01510070
01510071
01510083
01510085
01510108
01510121
01510122
01510129
01510150
01510157
01510195
01510200
01510221
01510231
01510241
01510255
01510262
01510264
01510304
01510305
01510306
01510313
01510319
01510323
01510326
01510342
01510384
01510386
01510391
01510407
01510409
01510419
01510420
01510429
01510445
01510447
01510454
01510463
01510464
01510465
01510471
01510482
01510483
01510498
01510507
01510525
01510551
01510582
01510597
01510601
01510634
01510642
01510662
01510667
01510678
01510681
01510689
01510702
01510724
01510733
01510792
01510816
01510825
01510842
01510843
01510879
01510890
01510940
01511041
01511080
01511086
01511109
01511112
01511131
01511138
01511168
01511179
01511202
01511205
01511276
01511290
01511300
01511324
01511327
01511332
01511334
01511347
01511376
01511393
01511409
01511412
01511413
01511437
01511438
01511488
01511500
01511503
01511504
01511536
01511540
01511541
01511545
01511555
01511589
01511592
01511601
01511604
01511623
01511625
01511639
01511640
01511643
01511649
01511650
01511657
01511665
01511666
01511671
01511677
01511715
01511748
01511756
01511766
01511799
01511824
01511832
01511833
01511834
01511835
01511836
01511842
01511861
01511875
01511877
01511894
01511897
01511906
01511922
01511928
01511954
01511956
01511957
01511962
01511964
01511967
01511977
01511981
01512019
01512024
01512031
01512052
01512070
01512093
01512113
01512125
01512143
01512161
01512179
01512201
01512209
01512213
01512216
01512219
01512227
01512229
01512236
01512250
01512261
01512263
01512265
01512268
01512274
01512282
01512285
01512290
01512312
01512316
01512341
01512344
01512346
01512349
01512361
01512362
01512363
01512370
01512383
01512386
01512400
01512401
01512469
01512472
01512474
01512477
01512482
01512487
01512493
01512511
01512516
01512523
01512541
01512547
01512587
01512608
01512622
01512629
01512638
01512681
01512706
01512707
01512711
01512713
01512727
01512739
01512740
01512751
01512753
01512775
01512786
01512799
01512822
01512834
01512869
01512870
01512892
01512907
01512912
01512928
01513015
01513038
01513041
01513074
01513081
01513107
01513113
01513149
01513150
01513151
01513152
01513154
01513155
01513156
01513157
01513159
01513160
01513161
01513179
01513199
01513200
01513237
01513243
01513263
01513298
01513350
01513366
01513370
01513404
01513441
01513498
01513516
01513519
01513560
01513571
01513580
01513663
01513671
01513688
01513696
01513701
01513721
01513722
01513786
01513805
01513823
01513832
01513834
01513839
01513847
01513868
01513882
01513883
01513884
01513891
01513904
01513916
01513923
01513924
01513935
01513944
01513947
01513948
01513953
01513995
01513996
01514004
01514008
01514033
01514040
01514042
01514047
01514061
01514074
01514082
01514083
01514101
01514117
01514125
01514136
01514143
01514172
01514209
01514219
01514248
01514255
01514264
01514313
01514339
01514345
01514356
01514358
01514372
01514399
01514407
01514408
01514420
01514425
01514434
01514466
01514501
01514504
01514534
01514535
01514551
01514554
01514573
01514575
01514635
01514647
01514648
01514656
01514683
01514691
01514692
01514704
01514742
01514765
01514773
01514797
01514821
01514850
01514864
01514870
01514876
01514878
01514893
01514900
01514909
01514913
01514915
01514930
01514937
01514938
01514952
01515018
01515023
01515034
01515035
01515088
01515095
01515120
01515154
01515181
01515190
01515196
01515208
01515224
01515269
01515273
01515314
01515328
01515378
01515387
01515394
01515408
01515411
01515434
01515470
01515471
01515508
01515528
01515532
01515564
01515580
01515591
01515593
01515601
01515605
01515629
01515636
01515640
01515655
01515658
01515670
01515690
01515699
01515700
01515708
01515713
01515715
01515720
01515730
01515735
01515773
01515791
01515792
01515802
01515828
01515850
01515859
01515872
01515877
01515887
01515903
01515907
01515920
01515930
01515931
01515934
01515966
01515970
01515971
01515973
01515976
01515990
01516016
01516032
01516045
01516047
01516056
01516062
01516071
01516099
01516156
01516183
01516184
01516185
01516187
01516247
01516254
01516264
01516267
01516269
01516275
01516282
01516291
01516304
01516322
01516338
01516341
01516343
01516350
01516365
01516384
01516388
01516430
01516431
01516454
01516457
01516503
01516509
01516511
01516543
01516545
01516589
01516594
01516624
01516629
01516632
01516640
01516655
01516657
01516674
01516703
01516708
01516739
01516769
01516773
01516776
01516794
01516797
01516801
01516803
01516804
01516809
01516823
01516854
01516855
01516858
01516859
01516879
01516894
01516934
01516936
01516938
01516946
01516954
01516958
01516992
01517002
01517028
01517079
01517089
01517166
01517192
01517223
01517268
01517308
01517321
01517362
01517377
01517386
01517393
01517404
01517408
01517498
01517591
01517611
01517624
01517630
01517632
01517735
01517747
01517760
01517763
01517823
01517839
01517866
01517867
01517873
01517878
01517917
01517951
01517958
01517964
01517975
01517979
01517991
01517997
01518016
01518021
01518023
01518030
01518042
01518046
01518047
01518072
01518092
01518103
01518110
01518116
01518126
01518150
01518167
01518169
01518175
01518178
01518191
01518193
01518196
01518201
01518202
01518212
01518220
01518225
01518232
01518254
01518270
01518300
01518302
01518316
01518319
01518322
01518323
01518324
01518339
01518340
01518351
01518352
01518353
01518354
01518396
01518397
01518398
01518422
01518423
01518424
01518469
01518481
01518514
01518519
01518523
01518524
01518546
01518552
01518557
01518560
01518561
01518568
01518573
01518577
01518580
01518595
01518599
01518630
01518639
01518654
01518664
01518672
01518693
01518702
01518707
01518748
01518770
01518805
01518820
01518821
01518824
01518833
01518871
01518886
01518903
01518917
01518922
01518942
01518943
01518954
01518955
01518962
01518983
01518989
01519002
01519012
01519029
01519030
01519047
01519052
01519060
01519093
01519094
01519096
01519097
01519120
01519162
01519164
01519167
01519174
01519211
01519212
01519222
01519290
01519305
01519313
01519343
01519357
01519376
01519384
01519402
01519426
01519466
01519479
01519501
01519551
01519577
01519593
01519599
01519603
01519628
01519671
01519762
01519825
01519829
01519883
01519900
01519910
01519943
01519945
01519977
01520031
01520054
01520068
01520071
01520090
01520108
01520138
01520154
01520158
01520161
01520169
01520185
01520236
01520237
01520242
01520253
01520258
01520262
01520264
01520272
01520275
01520281
01520289
01520298
01520306
01520315
01520326
01520336
01520338
01520341
01520342
01520380
01520381
01520383
01520385
01520386
01520391
01520392
01520397
01520404
01520413
01520414
01520415
01520427
01520437
01520458
01520465
01520471
01520473
01520484
01520496
01520505
01520514
01520521
01520537
01520564
01520565
01520588
01520598
01520609
01520612
01520616
01520618
01520625
01520629
01520657
01520662
01520672
01520673
01520677
01520726
01520735
01520749
01520752
01520753
01520754
01520758
01520759
01520760
01520761
01520763
01520764
01520765
01520777
01520792
01520805
01520809
01520816
01520833
01520840
01520848
01520853
01520863
01520876
01520886
01520889
01520890
01520895
01520905
01520916
01520933
01520943
01520946
01520968
01520983
01520984
01520998
01520999
01521006
01521007
01521008
01521023
01521029
01521030
01521051
01521067
01521068
01521080
01521081
01521095
01521101
01521142
01521156
01521157
01521178
01521181
01521183
01521188
01521204
01521210
01521222
01521233
01521258
01521259
01521282
01521284
01521309
01521319
01521320
01521340
01521359
01521412
01521416
01521419
01521440
01521444
01521451
01521453
01521458
01521461
01521466
01521467
01521476
01521508
01521509
01521510
01521511
01521512
01521555
01521556
01521576
01521630
01521666
01521725
01521732
01521751
01521794
01521800
01521838
01521843
01521845
01521876
01521880
01521905
01521939
01521945
01521950
01521951
01521988
01522100
01522222
01522277
01522282
01522454
01522475
01522481
01522486
01522488
01522509
01522532
01522537
01522540
01522549
01522574
01522577
01522633
01522638
01522659
01522670
01522685
01522686
01522704
01522718
01522748
01522752
01522754
01522760
01522775
01522777
01522782
01522784
01522793
01522804
01522805
01522827
01522828
01522853
01522905
01522926
01522930
01522934
01522963
01522964
01522979
01523002
01523009
01523027
01523030
01523040
01523063
01523072
01523074
01523075
01523085
01523107
01523112
01523154
01523166
01523171
01523192
01523216
01523221
01523230
01523271
01523278
01523281
01523286
01523287
01523318
01523332
01523358
01523401
01523403
01523425
01523426
01523454
01523455
01523465
01523469
01523470
01523474
01523483
01523490
01523495
01523497
01523498
01523503
01523546
01523551
01523552
01523559
01523561
01523609
01523614
01523617
01523642
01523649
01523655
01523660
01523695
01523717
01523726
01523757
01523758
01523760
01523762
01523783
01523784
01523862
01523867
01523887
01523906
01523916
01523924
01523948
01523952
01523971
01523981
01524026
01524029
01524032
01524034
01524045
01524052
01524061
01524072
01524073
01524087
01524107
01524123
01524133
01524147
01524149
01524177
01524182
01524205
01524239
01524245
01524268
01524271
01524281
01524282
01524286
01524295
01524301
01524305
01524306
01524308
01524317
01524324
01524342
01524358
01524368
01524422
01524427
01524474
01524493
01524517
01524526
01524542
01524570
01524585
01524586
01524606
01524615
01524681
01524702
01524703
01524796
01524799
01524836
01524842
01524860
01524861
01524898
01524904
01524961
01524995
01525015
01525024
01525053
01525110
01525127
01525128
01525130
01525146
01525156
01525181
01525190
01525196
01525198
01525215
01525224
01525244
01525249
01525312
01525313
01525326
01525353
01525360
01525362
01525373
01525390
01525402
01525419
01525422
01525438
01525455
01525461
01525482
01525487
01525514
01525515
01525524
01525535
01525539
01525542
01525547
01525548
01525563
01525578
01525596
01525603
01525608
01525609
01525661
01525665
01525667
01525680
01525690
01525714
01525719
01525721
01525722
01525726
01525728
01525729
01525733
01525737
01525742
01525745
01525746
01525749
01525756
01525760
01525763
01525781
01525800
01525801
01525816
01525818
01525820
01525824
01525834
01525845
01525846
01525856
01525887
01525919
01525924
01525925
01525934
01525954
01525965
01525985
01525995
01526029
01526038
01526075
01526076
01526105
01526123
01526133
01526135
01526147
01526187
01526217
01526219
01526220
01526224
01526239
01526244
01526247
01526253
01526258
01526265
01526271
01526277
01526284
01526288
01526290
01526291
01526297
01526298
01526309
01526311
01526312
01526316
01526334
01526341
01526359
01526369
01526370
01526377
01526380
01526405
01526408
01526419
01526421
01526434
01526449
01526461
01526487
01526569
01526576
01526577
01526600
01526611
01526615
01526625
01526628
01526655
01526695
01526711
01526725
01526731
01526752
01526765
01526784
01526790
01526795
01526809
01526811
01526813
01526849
01526860
01526883
01526906
01526930
01526937
01526950
01526992
01526997
01527003
01527037
01527038
01527044
01527079
01527081
01527086
01527114
01527169
01527174
01527237
01527280
01527283
01527296
01527347
01527349
01527358
01527397
01527416
01527435
01527437
01527444
01527453
01527454
01527457
01527474
01527476
01527479
01527501
01527510
01527519
01527521
01527533
01527536
01527543
01527547
01527550
01527571
01527596
01527614
01527639
01527656
01527675
01527693
01527699
01527716
01527723
01527725
01527726
01527732
01527747
01527755
01527785
01527787
01527788
01527804
01527807
01527813
01527820
01527833
01527845
01527846
01527856
01527865
01527900
01527918
01527963
01527972
01527974
01527976
01527990
01527998
01528012
01528026
01528031
01528036
01528052
01528053
01528054
01528065
01528074
01528077
01528083
01528084
01528091
01528096
01528098
01528102
01528129
01528134
01528158
01528173
01528184
01528185
01528226
01528242
01528259
01528311
01528367
01528383
01528387
01528402
01528404
01528420
01528423
01528448
01528464
01528466
01528477
01528479
01528480
01528488
01528492
01528508
01528517
01528524
01528525
01528532
01528540
01528543
01528544
01528548
01528570
01528592
01528594
01528598
01528610
01528615
01528631
01528653
01528654
01528665
01528666
01528678
01528679
01528688
01528689
01528704
01528709
01528715
01528726
01528735
01528736
01528753
01528758
01528780
01528791
01528815
01528845
01528846
01528880
01528893
01528946
01528963
01528964
01528985
01528986
01528987
01529015
01529057
01529060
01529070
01529071
01529079
01529080
01529086
01529097
01529101
01529113
01529124
01529141
01529163
01529191
01529193
01529205
01529222
01529265
01529274
01529278
01529280
01529358
01529360
01529361
01529362
01529402
01529411
01529412
01529413
01529415
01529437
01529483
01529596
01529612
01529662
01529686
01529688
01529700
01529724
01529725
01529739
01529812
01529821
01529837
01529842
01529857
01529896
01529898
01529913
01529914
01529925
01529927
01529937
01529941
01529943
01529946
01529951
01529960
01529966
01529983
01530037
01530042
01530083
01530084
01530085
01530086
01530116
01530129
01530154
01530168
01530171
01530174
01530203
01530205
01530214
01530216
01530217
01530218
01530221
01530237
01530238
01530248
01530250
01530268
01530303
01530317
01530339
01530343
01530344
01530355
01530362
01530370
01530373
01530388
01530390
01530458
01530464
01530511
01530514
01530530
01530556
01530574
01530586
01530587
01530592
01530594
01530606
01530615
01530622
01530627
01530675
01530702
01530714
01530715
01530729
01530738
01530743
01530749
01530751
01530756
01530763
01530771
01530795
01530797
01530805
01530806
01530807
01530808
01530837
01530839
01530852
01530853
01530880
01530924
01530926
01530935
01530940
01530948
01530985
01531019
01531042
01531043
01531050
01531057
01531068
01531073
01531079
01531097
01531107
01531108
01531139
01531165
01531166
01531190
01531191
01531192
01531202
01531213
01531214
01531219
01531220
01531352
01531369
01531388
01531391
01531455
01531458
01531476
01531520
01531528
01531551
01531565
01531611
01531675
01531723
01531747
01531808
01531815
01531846
01531860
01531874
01531899
01531905
01531906
01531933
01532008
01532019
01532027
01532029
01532058
01532061
01532064
01532068
01532075
01532081
01532085
01532109
01532112
01532122
01532123
01532132
01532146
01532152
01532157
01532180
01532192
01532211
01532224
01532240
01532244
01532262
01532270
01532282
01532291
01532294
01532303
01532356
01532385
01532402
01532418
01532420
01532421
01532442
01532454
01532455
01532476
01532479
01532499
01532511
01532526
01532536
01532565
01532579
01532589
01532609
01532611
01532630
01532637
01532644
01532670
01532671
01532676
01532683
01532690
01532691
01532694
01532695
01532696
01532721
01532723
01532728
01532732
01532737
01532738
01532754
01532767
01532772
01532780
01532797
01532840
01532841
01532846
01532847
01532848
01532859
01532867
01532880
01532898
01532899
01532906
01532943
01532944
01532948
01532957
01532959
01532960
01532961
01532986
01533020
01533045
01533051
01533056
01533127
01533132
01533139
01533147
01533156
01533174
01533199
01533200
01533201
01533202
01533232
01533285
01533297
01533321
01533334
01533338
01533349
01533351
01533388
01533392
01533409
01533410
01533468
01533474
01533486
01533489
01533493
01533502
01533517
01533560
01533568
01533603
01533605
01533613
01533616
01533632
01533666
01533683
01533721
01533722
01533754
01533780
01533840
01533862
01533876
01533882
01533883
01533894
01533905
01533913
01533936
01534020
01534080
01534092
01534167
01534203
01534281
01534307
01534311
01534313
01534314
01534328
01534334
01534345
01534350
01534366
01534375
01534392
01534394
01534397
01534401
01534403
01534423
01534427
01534448
01534449
01534452
01534466
01534471
01534481
01534483
01534486
01534552
01534560
01534619
01534621
01534643
01534661
01534667
01534669
01534670
01534700
01534720
01534723
01534724
01534738
01534768
01534787
01534823
01534839
01534843
01534844
01534849
01534864
01534895
01534921
01534922
01534923
01534924
01534925
01534926
01534927
01534929
01534942
01534952
01534957
01534969
01534977
01534978
01534979
01534980
01534981
01534982
01534999
01535012
01535035
01535036
01535059
01535075
01535098
01535100
01535101
01535104
01535119
01535125
01535129
01535133
01535142
01535153
01535155
01535181
01535183
01535184
01535187
01535192
01535193
01535195
01535208
01535226
01535234
01535253
01535256
01535268
01535280
01535285
01535287
01535302
01535308
01535316
01535321
01535326
01535337
01535338
01535350
01535353
01535356
01535358
01535365
01535382
01535386
01535406
01535429
01535430
01535431
01535432
01535447
01535452
01535459
01535470
01535472
01535475
01535476
01535477
01535478
01535479
01535480
01535481
01535482
01535483
01535502
01535505
01535514
01535519
01535528
01535529
01535532
01535560
01535582
01535583
01535601
01535603
01535610
01535621
01535641
01535652
01535655
01535657
01535674
01535678
01535734
01535740
01535742
01535767
01535781
01535786
01535787
01535789
01535793
01535898
01535922
01535932
01535933
01535945
01535949
01535951
01535952
01535994
01536009
01536010
01536038
01536115
01536131
01536142
01536146
01536162
01536256
01536257
01536259
01536269
01536271
01536276
01536318
01536329
01536331
01536332
01536351
01536393
01536419
01536423
01536452
01536464
01536478
01536493
01536508
01536611
01536615
01536619
01536640
01536686
01536689
01536697
01536718
01536758
01536788
01536794
01536814
01536818
01536821
01536831
01536835
01536840
01536893
01536936
01536979
01536986
01536991
01536996
01537031
01537039
01537049
01537051
01537052
01537053
01537061
01537065
01537070
01537091
01537101
01537108
01537115
01537121
01537144
01537168
01537180
01537192
01537223
01537224
01537243
01537245
01537260
01537267
01537272
01537302
01537303
01537310
01537313
01537318
01537324
01537325
01537330
01537334
01537337
01537346
01537369
01537377
01537396
01537398
01537405
01537419
01537465
01537469
01537499
01537507
01537515
01537534
01537545
01537556
01537576
01537596
01537621
01537632
01537633
01537661
01537681
01537705
01537715
01537726
01537742
01537745
01537762
01537767
01537771
01537781
01537787
01537788
01537795
01537814
01537838
01537853
01537862
01537873
01537875
01537881
01537884
01537885
01537903
01537926
01537927
01537929
01537945
01537947
01537951
01537954
01537957
01537970
01537973
01537976
01537979
01537989
01538003
01538004
01538008
01538011
01538044
01538067
01538081
01538084
01538103
01538106
01538108
01538113
01538115
01538131
01538143
01538155
01538159
01538179
01538203
01538231
01538270
01538281
01538324
01538330
01538338
01538342
01538367
01538373
01538412
01538413
01538435
01538463
01538468
01538489
01538514
01538516
01538534
01538553
01538581
01538638
01538694
01538703
01538753
01538769
01538775
01538784
01538799
01538801
01538813
01538821
01538826
01538883
01538911
01538969
01539004
01539008
01539028
01539035
01539037
01539038
01539055
01539115
01539170
01539193
01539207
01539260
01539261
01539290
01539297
01539309
01539328
01539341
01539365
01539368
01539380
01539389
01539404
01539422
01539429
01539430
01539469
01539470
01539552
01539575
01539583
01539605
01539607
01539608
01539624
01539648
01539652
01539655
01539659
01539683
01539708
01539711
01539712
01539713
01539731
01539732
01539734
01539748
01539759
01539773
01539787
01539811
01539812
01539821
01539824
01539829
01539864
01539868
01539872
01539886
01539889
01539891
01539892
01539898
01539906
01539937
01539938
01539949
01539950
01539966
01539972
01539973
01539990
01540010
01540015
01540040
01540053
01540067
01540090
01540104
01540107
01540184
01540200
01540212
01540213
01540232
01540236
01540239
01540240
01540241
01540246
01540266
01540283
01540290
01540295
01540304
01540362
01540402
01540467
01540491
01540495
01540498
01540508
01540516
01540561
01540590
01540613
01540615
01540619
01540624
01540633
01540637
01540642
01540644
01540679
01540685
01540695
01540700
01540709
01540734
01540737
01540739
01540753
01540758
01540778
01540786
01540837
01540845
01540860
01540898
01540899
01540910
01540912
01540916
01540930
01540941
01540983
01540994
01540995
01541001
01541002
01541007
01541019
01541022
01541029
01541056
01541091
01541106
01541122
01541130
01541144
01541155
01541160
01541163
01541164
01541165
01541166
01541173
01541174
01541188
01541217
01541220
01541232
01541240
01541242
01541256
01541269
01541357
01541368
01541387
01541388
01541392
01541397
01541415
01541418
01541435
01541457
01541481
01541487
01541488
01541533
01541655
01541682
01541715
01541717
01541736
01541768
01541772
01541894
01541899
01541911
01541936
01541956
01542038
01542042
01542043
01542044
01542067
01542071
01542079
01542084
01542095
01542110
01542178
01542185
01542186
01542191
01542239
01542243
01542253
01542258
01542259
01542281
01542286
01542289
01542296
01542298
01542300
01542329
01542332
01542351
01542359
01542362
01542364
01542374
01542383
01542390
01542407
01542410
01542426
01542438
01542453
01542474
01542476
01542481
01542528
01542540
01542577
01542592
01542606
01542609
01542620
01542622
01542635
01542652
01542661
01542677
01542705
01542714
01542715
01542718
01542722
01542723
01542752
01542792
01542809
01542810
01542812
01542860
01542878
01542884
01542901
01542912
01542925
01542929
01542930
01542946
01542952
01542955
01542974
01542977
01543024
01543025
01543034
01543039
01543052
01543056
01543061
01543066
01543085
01543103
01543119
01543146
01543152
01543178
01543184
01543186
01543217
01543220
01543232
01543233
01543242
01543254
01543265
01543279
01543291
01543296
01543304
01543312
01543313
01543314
01543315
01543316
01543317
01543318
01543329
01543342
01543371
01543374
01543378
01543390
01543429
01543434
01543435
01543436
01543437
01543438
01543439
01543444
01543445
01543446
01543447
01543448
01543449
01543456
01543458
01543459
01543460
01543461
01543466
01543473
01543522
01543532
01543535
01543540
01543543
01543552
01543586
01543605
01543620
01543650
01543673
01543689
01543719
01543730
01543738
01543761
01543762
01543783
01543784
01543802
01543920
01543928
01544000
01544039
01544065
01544079
01544088
01544098
01544129
01544140
01544148
01544204
01544218
01544225
01544229
01544246
01544279
01544287
01544312
01544343
01544369
01544430
01544493
01544511
01544523
01544531
01544532
01544533
01544549
01544564
01544565
01544572
01544699
01544715
01544718
01544723
01544734
01544745
01544756
01544789
01544842
01544843
01544851
01544880
01544935
01544948
01544970
01544982
01544984
01544989
01544993
01544999
01545000
01545006
01545023
01545031
01545036
01545043
01545056
01545071
01545075
01545078
01545079
01545082
01545084
01545102
01545112
01545114
01545126
01545131
01545132
01545133
01545142
01545143
01545146
01545158
01545180
01545182
01545198
01545234
01545295
01545303
01545305
01545344
01545345
01545398
01545417
01545418
01545420
01545450
01545478
01545479
01545482
01545502
01545503
01545515
01545527
01545546
01545547
01545556
01545565
01545569
01545613
01545614
01545619
01545636
01545639
01545661
01545692
01545701
01545741
01545750
01545777
01545790
01545805
01545813
01545864
01545868
01545872
01545873
01545874
01545887
01545891
01545914
01545915
01545936
01545943
01545960
01545961
01545962
01546001
01546003
01546010
01546017
01546018
01546023
01546033
01546062
01546066
01546076
01546077
01546100
01546133
01546150
01546152
01546174
01546192
01546193
01546194
01546202
01546232
01546250
01546254
01546255
01546276
01546294
01546314
01546329
01546372
01546377
01546389
01546390
01546406
01546413
01546415
01546416
01546421
01546422
01546435
01546463
01546482
01546485
01546488
01546500
01546507
01546533
01546544
01546545
01546577
01546582
01546592
01546593
01546676
01546678
01546679
01546694
01546733
01546751
01546773
01546794
01546795
01546805
01546827
01546829
01546830
01546836
01546849
01546857
01546886
01546887
01546908
01546917
01546947
01546952
01547044
01547047
01547048
01547057
01547058
01547059
01547061
01547100
01547104
01547106
01547109
01547119
01547126
01547130
01547143
01547185
01547188
01547231
01547248
01547268
01547299
01547349
01547355
01547361
01547369
01547414
01547422
01547448
01547499
01547512
01547516
01547518
01547551
01547555
01547563
01547564
01547608
01547622
01547661
01547673
01547682
01547683
01547684
01547698
01547699
01547705
01547711
01547738
01547760
01547778
01547793
01547799
01547860
01547864
01547873
01547877
01547895
01547904
01547906
01547936
01547946
01547947
01547961
01548007
01548012
01548019
01548021
01548038
01548043
01548046
01548050
01548068
01548099
01548108
01548116
01548148
01548152
01548153
01548164
01548193
01548196
01548207
01548212
01548220
01548228
01548229
01548231
01548244
01548268
01548275
01548300
01548328
01548333
01548368
01548376
01548384
01548388
01548411
01548426
01548435
01548439
01548461
01548462
01548464
01548466
01548475
01548512
01548516
01548567
01548588
01548597
01548603
01548607
01548642
01548651
01548654
01548667
01548706
01548751
01548764
01548765
01548766
01548771
01548840
01548857
01548889
01548912
01548939
01548944
01548972
01548976
01548988
01548992
01548997
01548998
01549007
01549022
01549031
01549032
01549033
01549034
01549036
01549039
01549072
01549073
01549075
01549076
01549077
01549091
01549092
01549165
01549175
01549177
01549189
01549190
01549193
01549194
01549198
01549201
01549206
01549211
01549247
01549252
01549256
01549266
01549273
01549276
01549279
01549314
01549329
01549364
01549365
01549379
01549401
01549404
01549405
01549417
01549419
01549455
01549507
01549509
01549540
01549551
01549639
01549671
01549702
01549749
01549775
01549797
01549805
01549836
01549838
01549846
01549847
01549850
01549856
01549862
01549929
01549960
01549975
01549995
01550017
01550043
01550128
01550152
01550180
01550204
01550218
01550258
01550288
01550340
01550358
01550370
01550403
01550404
01550405
01550406
01550407
01550414
01550415
01550421
01550441
01550523
01550536
01550546
01550572
01550584
01550703
01550745
01550766
01550767
01550768
01550769
01550807
01550831
01550870
01550891
01550934
01550935
01550959
01550978
01550979
01550991
01550995
01551063
01551077
01551100
01551110
01551111
01551179
01551192
01551241
01551259
01551260
01551272
01551292
01551300
01551306
01551311
01551317
01551318
01551324
01551336
01551337
01551343
01551350
01551352
01551365
01551366
01551368
01551378
01551405
01551408
01551411
01551415
01551429
01551431
01551442
01551462
01551487
01551488
01551493
01551517
01551533
01551541
01551543
01551553
01551555
01551557
01551572
01551591
01551595
01551597
01551613
01551624
01551652
01551654
01551668
01551674
01551675
01551712
01551714
01551726
01551734
01551759
01551841
01551843
01551857
01551880
01551921
01551925
01551942
01551960
01551975
01552001
01552007
01552026
01552063
01552083
01552091
01552138
01552139
01552146
01552164
01552201
01552218
01552220
01552221
01552222
01552231
01552232
01552240
01552243
01552244
01552321
01552326
01552365
01552369
01552371
01552373
01552376
01552381
01552399
01552405
01552408
01552418
01552427
01552431
01552446
01552448
01552469
01552471
01552486
01552487
01552488
01552533
01552547
01552549
01552623
01552634
01552649
01552668
01552675
01552680
01552682
01552688
01552699
01552703
01552704
01552709
01552717
01552722
01552733
01552734
01552739
01552748
01552751
01552754
01552767
01552774
01552781
01552790
01552800
01552815
01552818
01552837
01552849
01552851
01552858
01552865
01552883
01552884
01552899
01552909
01552920
01552927
01552958
01552959
01552964
01552975
01552978
01553015
01553051
01553053
01553054
01553055
01553056
01553064
01553095
01553106
01553146
01553166
01553172
01553217
01553221
01553245
01553251
01553258
01553261
01553273
01553274
01553275
01553283
01553314
01553336
01553350
01553351
01553359
01553367
01553419
01553440
01553455
01553457
01553462
01553479
01553527
01553582
01553585
01553586
01553597
01553599
01553618
01553619
01553623
01553626
01553652
01553659
01553670
01553674
01553676
01553677
01553696
01553708
01553709
01553716
01553730
01553733
01553735
01553740
01553751
01553767
01553785
01553819
01553833
01553841
01553876
01553882
01553884
01553894
01553898
01553900
01553920
01553951
01553974
01553977
01553993
01554001
01554006
01554065
01554080
01554157
01554166
01554196
01554198
01554199
01554214
01554220
01554250
01554260
01554264
01554272
01554287
01554312
01554323
01554355
01554377
01554397
01554501
01554502
01554515
01554517
01554523
01554550
01554551
01554552
01554563
01554564
01554573
01554580
01554584
01554586
01554589
01554597
01554599
01554605
01554611
01554621
01554623
01554633
01554636
01554639
01554642
01554655
01554664
01554682
01554683
01554694
01554702
01554703
01554710
01554715
01554719
01554779
01554780
01554786
01554793
01554839
01554854
01554872
01554893
01554894
01554896
01554913
01554960
01554963
01554964
01554981
01555005
01555049
01555067
01555095
01555098
01555104
01555106
01555117
01555118
01555125
01555131
01555157
01555164
01555182
01555193
01555212
01555215
01555231
01555243
01555272
01555297
01555299
01555301
01555313
01555332
01555343
01555364
01555372
01555389
01555410
01555419
01555441
01555443
01555446
01555466
01555490
01555492
01555510
01555516
01555526
01555527
01555532
01555540
01555546
01555552
01555559
01555579
01555581
01555593
01555623
01555626
01555632
01555633
01555637
01555663
01555665
01555678
01555694
01555716
01555756
01555764
01555765
01555787
01555788
01555793
01555820
01555822
01555823
01555824
01555842
01555843
01555847
01555873
01555894
01555895
01555908
01555932
01555962
01555976
01555984
01555986
01556031
01556033
01556050
01556074
01556079
01556088
01556095
01556104
01556125
01556134
01556149
01556182
01556262
01556265
01556270
01556286
01556292
01556303
01556305
01556340
01556375
01556376
01556377
01556399
01556404
01556421
01556424
01556430
01556444
01556446
01556461
01556494
01556539
01556552
01556562
01556596
01556634
01556662
01556689
01556719
01556737
01556739
01556755
01556779
01556806
01556810
01556811
01556813
01556840
01556857
01556858
01556879
01556903
01556909
01556923
01556955
01557016
01557071
01557072
01557120
01557149
01557156
01557172
01557176
01557183
01557184
01557200
01557201
01557202
01557257
01557270
01557272
01557285
01557296
01557329
01557331
01557342
01557343
01557344
01557350
01557367
01557388
01557395
01557418
01557422
01557448
01557450
01557519
01557540
01557545
01557575
01557590
01557641
01557658
01557669
01557674
01557682
01557721
01557747
01557753
01557759
01557769
01557772
01557787
01557792
01557804
01557807
01557818
01557823
01557836
01557837
01557840
01557850
01557856
01557859
01557864
01557882
01557886
01557887
01557889
01557906
01557913
01557915
01557916
01557917
01557922
01557928
01557930
01557938
01557972
01557979
01557998
01558008
01558009
01558010
01558030
01558043
01558055
01558062
01558109
01558110
01558121
01558132
01558143
01558147
01558155
01558158
01558174
01558179
01558205
01558208
01558214
01558218
01558245
01558246
01558247
01558249
01558250
01558251
01558252
01558271
01558287
01558305
01558332
01558334
01558335
01558392
01558393
01558395
01558420
01558429
01558439
01558440
01558460
01558479
01558501
01558510
01558534
01558535
01558567
01558585
01558590
01558607
01558626
01558627
01558629
01558630
01558638
01558639
01558649
01558664
01558744
01558756
01558799
01558806
01558807
01558858
01558881
01558910
01558922
01558929
01558938
01558939
01558941
01558944
01558948
01558950
01558971
01558973
01558976
01558986
01558994
01559000
01559001
01559002
01559008
01559014
01559019
01559034
01559035
01559044
01559053
01559058
01559063
01559067
01559074
01559079
01559081
01559084
01559085
01559089
01559098
01559104
01559109
01559115
01559138
01559154
01559165
01559175
01559176
01559180
01559190
01559218
01559234
01559259
01559281
01559284
01559302
01559310
01559313
01559317
01559329
01559343
01559359
01559394
01559395
01559396
01559399
01559400
01559429
01559451
01559469
01559470
01559515
01559518
01559543
01559565
01559614
01559628
01559635
01559644
01559667
01559677
01559681
01559724
01559761
01559773
01559782
01559790
01559799
01559826
01559827
01559839
01559843
01559941
01559983
01560001
01560047
01560067
01560074
01560086
01560114
01560119
01560166
01560205
01560211
01560233
01560280
01560349
01560366
01560371
01560391
01560421
01560426
01560520
01560548
01560555
01560560
01560591
01560618
01560629
01560683
01560706
01560714
01560738
01560763
01560769
01560770
01560789
01560807
01560822
01560828
01560839
01560879
01560881
01560900
01560918
01560927
01560938
01560951
01560974
01560977
01560984
01561013
01561034
01561045
01561060
01561063
01561086
01561088
01561100
01561105
01561156
01561166
01561178
01561185
01561217
01561240
01561241
01561242
01561247
01561271
01561272
01561273
01561274
01561279
01561301
01561315
01561326
01561370
01561396
01561398
01561406
01561407
01561436
01561440
01561482
01561487
01561516
01561520
01561522
01561550
01561551
01561615
01561618
01561624
01561644
01561648
01561680
01561688
01561705
01561712
01561717
01561737
01561745
01561750
01561751
01561753
01561759
01561765
01561766
01561769
01561785
01561788
01561790
01561791
01561792
01561797
01561803
01561809
01561817
01561822
01561824
01561826
01561838
01561843
01561868
01561872
01561873
01561893
01561921
01561930
01561937
01561953
01561969
01561987
01561989
01561990
01561994
01561997
01562001
01562006
01562021
01562051
01562067
01562083
01562090
01562121
01562132
01562133
01562134
01562137
01562139
01562153
01562184
01562185
01562196
01562201
01562218
01562222
01562224
01562267
01562289
01562291
01562294
01562304
01562311
01562423
01562488
01562490
01562510
01562527
01562571
01562607
01562652
01562678
01562679
01562699
01562709
01562717
01562748
01562755
01562764
01562799
01562819
01562838
01562873
01562911
01562998
01563015
01563040
01563044
01563056
01563070
01563137
01563150
01563181
01563204
01563213
01563240
01563244
01563245
01563279
01563290
01563297
01563302
01563311
01563316
01563319
01563327
01563363
01563374
01563419
01563509
01563514
01563526
01563543
01563549
01563586
01563594
01563609
01563619
01563620
01563625
01563637
01563646
01563647
01563675
01563676
01563686
01563688
01563701
01563708
01563732
01563743
01563744
01563751
01563752
01563757
01563770
01563774
01563775
01563780
01563790
01563828
01563832
01563840
01563845
01563855
01563860
01563873
01563889
01563896
01563904
01563912
01563923
01563927
01563928
01563929
01563936
01563939
01563940
01563941
01563942
01563943
01563944
01563976
01564000
01564056
01564060
01564069
01564084
01564085
01564090
01564092
01564114
01564159
01564161
01564171
01564181
01564185
01564230
01564231
01564322
01564339
01564340
01564341
01564378
01564379
01564395
01564396
01564405
01564414
01564450
01564456
01564482
01564505
01564510
01564520
01564521
01564530
01564564
01564565
01564588
01564595
01564597
01564598
01564601
01564603
01564608
01564615
01564627
01564634
01564647
01564650
01564656
01564667
01564671
01564683
01564689
01564693
01564709
01564748
01564755
01564756
01564757
01564758
01564760
01564761
01564764
01564802
01564804
01564809
01564810
01564812
01564815
01564842
01564844
01564853
01564862
01564868
01564875
01564886
01564899
01564922
01564929
01564930
01564935
01564939
01564944
01564948
01564956
01564959
01564967
01564986
01565020
01565065
01565074
01565085
01565138
01565146
01565172
01565173
01565183
01565222
01565229
01565231
01565236
01565237
01565240
01565255
01565270
01565315
01565334
01565335
01565336
01565341
01565344
01565373
01565378
01565388
01565398
01565408
01565409
01565410
01565416
01565425
01565442
01565464
01565466
01565470
01565511
01565548
01565549
01565551
01565614
01565616
01565620
01565622
01565625
01565639
01565672
01565676
01565678
01565691
01565707
01565708
01565763
01565780
01565820
01565830
01565874
01565898
01565902
01565929
01566017
01566044
01566135
01566142
01566143
01566147
01566155
01566197
01566259
01566260
01566325
01566359
01566488
01566500
01566520
01566528
01566537
01566539
01566553
01566565
01566567
01566570
01566601
01566606
01566654
01566659
01566667
01566681
01566688
01566690
01566691
01566697
01566702
01566731
01566732
01566733
01566735
01566745
01566753
01566757
01566758
01566759
01566765
01566787
01566832
01566841
01566856
01566868
01566885
01566887
01566894
01566906
01566912
01566917
01566920
01566956
01566959
01566971
01566987
01566995
01567011
01567056
01567091
01567117
01567121
01567123
01567128
01567140
01567148
01567191
01567192
01567216
01567259
01567266
01567289
01567295
01567302
01567307
01567335
01567338
01567342
01567362
01567379
01567388
01567395
01567397
01567399
01567413
01567416
01567429
01567431
01567438
01567440
01567443
01567444
01567445
01567451
01567456
01567483
01567485
01567488
01567492
01567493
01567500
01567506
01567507
01567508
01567520
01567523
01567544
01567572
01567583
01567588
01567590
01567605
01567609
01567610
01567627
01567653
01567661
01567668
01567669
01567680
01567682
01567690
01567714
01567758
01567776
01567777
01567799
01567818
01567819
01567821
01567822
01567823
01567824
01567837
01567853
01567884
01567892
01567894
01567895
01567935
01567973
01567976
01567979
01567982
01567990
01568008
01568062
01568069
01568091
01568112
01568197
01568212
01568220
01568224
01568230
01568287
01568309
01568356
01568385
01568396
01568465
01568495
01568497
01568510
01568535
01568539
01568540
01568566
01568567
01568571
01568638
01568639
01568651
01568666
01568688
01568699
01568710
01568714
01568727
01568728
01568730
01568742
01568743
01568745
01568755
01568773
01568781
01568789
01568810
01568834
01568842
01568846
01568883
01568892
01568918
01568925
01568933
01568986
01569041
01569042
01569045
01569050
01569078
01569081
01569088
01569099
01569112
01569134
01569155
01569156
01569157
01569172
01569196
01569217
01569227
01569234
01569249
01569253
01569261
01569265
01569273
01569275
01569277
01569285
01569286
01569288
01569294
01569300
01569318
01569322
01569324
01569335
01569339
01569347
01569351
01569355
01569357
01569366
01569374
01569378
01569379
01569380
01569381
01569389
01569396
01569419
01569429
01569433
01569452
01569453
01569476
01569491
01569496
01569503
01569518
01569527
01569531
01569548
01569579
01569580
01569611
01569634
01569643
01569669
01569670
01569674
01569691
01569703
01569710
01569714
01569731
01569734
01569736
01569754
01569771
01569773
01569792
01569814
01569815
01569832
01569921
01569957
01569970
01569976
01570012
01570022
01570074
01570092
01570095
01570123
01570159
01570166
01570169
01570255
01570322
01570337
01570406
01570426
01570491
01570510
01570550
01570557
01570558
01570586
01570600
01570604
01570633
01570641
01570642
01570700
01570701
01570704
01570710
01570715
01570725
01570726
01570727
01570735
01570739
01570752
01570771
01570799
01570812
01570828
01570831
01570838
01570850
01570860
01570869
01570877
01570904
01570938
01570940
01570952
01570962
01570964
01570970
01570991
01570994
01571013
01571014
01571043
01571047
01571050
01571057
01571066
01571080
01571102
01571138
01571162
01571170
01571178
01571195
01571230
01571231
01571256
01571263
01571270
01571349
01571361
01571374
01571376
01571382
01571392
01571393
01571396
01571408
01571415
01571431
01571441
01571453
01571481
01571515
01571516
01571525
01571526
01571536
01571552
01571553
01571577
01571589
01571600
01571612
01571614
01571615
01571621
01571638
01571641
01571645
01571649
01571667
01571673
01571680
01571686
01571700
01571714
01571717
01571727
01571781
01571784
01571792
01571835
01571862
01571874
01571876
01571885
01571893
01571932
01571941
01571968
01571991
01571998
01572011
01572018
01572031
01572032
01572042
01572173
01572178
01572184
01572226
01572376
01572425
01572454
01572455
01572456
01572457
01572458
01572459
01572460
01572464
01572522
01572559
01572651
01572739
01572754
01572763
01572769
01572771
01572792
01572845
01572870
01572912
01572948
01573017
01573029
01573037
01573046
01573068
01573102
01573124
01573130
01573167
01573168
01573173
01573189
01573209
01573213
01573215
01573221
01573227
01573236
01573249
01573254
01573257
01573272
01573276
01573285
01573288
01573301
01573323
01573335
01573338
01573340
01573355
01573370
01573391
01573398
01573406
01573410
01573442
01573449
01573453
01573456
01573465
01573472
01573495
01573543
01573547
01573556
01573561
01573563
01573573
01573574
01573586
01573587
01573589
01573594
01573604
01573608
01573612
01573632
01573634
01573644
01573733
01573739
01573754
01573759
01573775
01573778
01573780
01573785
01573793
01573799
01573833
01573847
01573874
01573892
01573913
01573917
01573971
01573992
01573994
01574011
01574013
01574019
01574067
01574111
01574112
01574119
01574129
01574142
01574153
01574167
01574188
01574190
01574201
01574203
01574206
01574212
01574218
01574241
01574244
01574308
01574311
01574313
01574317
01574323
01574327
01574347
01574361
01574370
01574376
01574383
01574388
01574406
01574407
01574419
01574421
01574427
01574437
01574470
01574479
01574490
01574498
01574513
01574524
01574539
01574566
01574576
01574605
01574613
01574618
01574621
01574628
01574641
01574648
01574649
01574650
01574666
01574667
01574689
01574690
01574704
01574705
01574712
01574713
01574750
01574762
01574766
01574770
01574778
01574799
01574821
01574857
01574868
01574874
01574892
01574920
01574979
01575007
01575022
01575038
01575192
01575196
01575215
01575232
01575281
01575283
01575288
01575293
01575315
01575325
01575326
01575332
01575338
01575349
01575360
01575382
01575386
01575401
01575427
01575437
01575438
01575439
01575441
01575460
01575479
01575484
01575487
01575500
01575506
01575511
01575515
01575518
01575559
01575564
01575572
01575573
01575586
01575589
01575597
01575631
01575645
01575681
01575699
01575719
01575737
01575752
01575765
01575771
01575774
01575796
01575813
01575815
01575822
01575852
01575859
01575888
01575895
01575914
01575931
01575966
01575985
01576004
01576030
01576035
01576038
01576040
01576045
01576059
01576061
01576064
01576066
01576068
01576071
01576075
01576079
01576083
01576095
01576105
01576134
01576135
01576177
01576179
01576180
01576184
01576185
01576187
01576197
01576200
01576253
01576266
01576269
01576274
01576292
01576293
01576322
01576342
01576358
01576362
01576408
01576435
01576439
01576463
01576468
01576505
01576517
01576554
01576563
01576567
01576572
01576575
01576586
01576594
01576595
01576612
01576709
01576779
01576784
01576807
01576808
01576832
01576855
01576902
01576960
01576971
01577002
01577017
01577023
01577027
01577084
01577093
01577103
01577151
01577174
01577186
01577210
01577217
01577233
01577241
01577255
01577256
01577264
01577267
01577274
01577280
01577291
01577307
01577317
01577324
01577341
01577364
01577365
01577374
01577376
01577395
01577409
01577414
01577421
01577425
01577438
01577442
01577514
01577522
01577575
01577577
01577583
01577593
01577641
01577642
01577654
01577662
01577671
01577679
01577684
01577693
01577697
01577700
01577702
01577707
01577757
01577758
01577767
01577789
01577797
01577799
01577821
01577837
01577849
01577863
01577867
01577899
01577911
01577912
01577925
01577926
01577978
01578010
01578012
01578027
01578042
01578043
01578050
01578056
01578057
01578063
01578064
01578123
01578142
01578154
01578170
01578171
01578172
01578175
01578200
01578203
01578204
01578208
01578219
01578224
01578234
01578263
01578264
01578304
01578305
01578308
01578323
01578327
01578346
01578388
01578395
01578407
01578408
01578453
01578454
01578482
01578488
01578507
01578529
01578551
01578561
01578562
01578571
01578583
01578599
01578605
01578631
01578638
01578656
01578657
01578658
01578663
01578667
01578694
01578770
01578779
01578801
01578844
01578857
01578872
01578882
01578893
01578933
01578936
01578943
01578960
01578966
01578977
01578987
01579001
01579002
01579014
01579022
01579040
01579051
01579135
01579155
01579161
01579162
01579180
01579182
01579186
01579218
01579231
01579244
01579257
01579259
01579262
01579271
01579295
01579307
01579315
01579318
01579336
01579348
01579359
01579387
01579392
01579427
01579429
01579431
01579432
01579484
01579491
01579495
01579496
01579503
01579515
01579523
01579530
01579559
01579565
01579586
01579597
01579630
01579641
01579664
01579688
01579698
01579705
01579707
01579751
01579794
01579818
01579821
01579840
01579845
01579846
01579849
01579883
01579901
01579911
01579917
01579918
01579933
01579935
01579953
01579962
01579963
01579969
01579987
01579989
01580009
01580011
01580020
01580021
01580031
01580035
01580036
01580037
01580038
01580048
01580073
01580074
01580075
01580078
01580080
01580083
01580087
01580088
01580106
01580120
01580129
01580133
01580135
01580136
01580137
01580171
01580197
01580198
01580204
01580229
01580231
01580304
01580316
01580323
01580324
01580333
01580364
01580368
01580369
01580370
01580409
01580418
01580475
01580483
01580484
01580495
01580513
01580520
01580526
01580534
01580589
01580634
01580643
01580656
01580666
01580689
01580690
01580691
01580700
01580713
01580788
01580792
01580851
01580867
01580878
01580880
01580882
01580902
01580904
01580905
01580942
01580959
01580980
01580986
01580987
01581014
01581086
01581137
01581182
01581228
01581247
01581291
01581296
01581319
01581356
01581413
01581419
01581486
01581515
01581526
01581529
01581533
01581538
01581549
01581557
01581565
01581573
01581579
01581612
01581619
01581632
01581636
01581644
01581658
01581659
01581666
01581672
01581678
01581680
01581690
01581731
01581732
01581740
01581752
01581757
01581761
01581776
01581811
01581812
01581839
01581843
01581852
01581877
01581885
01581889
01581955
01581960
01581969
01581989
01582001
01582010
01582026
01582057
01582058
01582067
01582082
01582092
01582113
01582117
01582176
01582195
01582199
01582201
01582202
01582216
01582312
01582329
01582348
01582380
01582396
01582408
01582431
01582436
01582441
01582443
01582446
01582456
01582465
01582469
01582471
01582481
01582484
01582486
01582487
01582491
01582502
01582512
01582515
01582527
01582533
01582559
01582567
01582570
01582577
01582582
01582593
01582601
01582627
01582635
01582653
01582655
01582658
01582666
01582674
01582688
01582693
01582695
01582711
01582725
01582731
01582759
01582762
01582773
01582777
01582786
01582809
01582810
01582843
01582852
01582877
01582887
01582904
01582920
01582932
01582943
01582952
01582957
01582959
01582973
01582974
01582992
01583039
01583058
01583073
01583104
01583124
01583158
01583166
01583194
01583195
01583233
01583243
01583246
01583272
01583348
01583371
01583380
01583381
01583382
01583383
01583415
01583434
01583436
01583452
01583473
01583556
01583579
01583585
01583611
01583614
01583652
01583660
01583724
01583831
01583851
01583855
01583866
01583888
01583908
01583985
01583989
01584043
01584045
01584055
01584069
01584094
01584131
01584171
01584203
01584204
01584206
01584209
01584210
01584211
01584243
01584251
01584258
01584294
01584301
01584314
01584321
01584328
01584332
01584337
01584349
01584369
01584370
01584373
01584375
01584382
01584384
01584387
01584391
01584395
01584397
01584399
01584411
01584414
01584420
01584421
01584442
01584444
01584451
01584486
01584487
01584502
01584534
01584542
01584555
01584563
01584571
01584576
01584582
01584591
01584597
01584599
01584600
01584606
01584624
01584635
01584641
01584646
01584651
01584668
01584669
01584693
01584714
01584718
01584733
01584738
01584795
01584808
01584813
01584825
01584871
01584885
01584888
01584902
01584914
01584919
01584920
01584928
01584932
01584942
01584950
01584986
01584987
01584988
01584993
01585025
01585046
01585053
01585066
01585068
01585069
01585086
01585099
01585123
01585131
01585133
01585143
01585145
01585165
01585168
01585170
01585174
01585189
01585190
01585206
01585209
01585217
01585235
01585254
01585255
01585259
01585272
01585284
01585326
01585327
01585346
01585386
01585393
01585394
01585414
01585416
01585430
01585453
01585463
01585482
01585490
01585497
01585517
01585519
01585521
01585526
01585529
01585535
01585541
01585544
01585649
01585651
01585652
01585659
01585674
01585676
01585725
01585741
01585742
01585743
01585758
01585762
01585771
01585779
01585805
01585808
01585811
01585818
01585819
01585821
01585822
01585839
01585854
01585866
01585888
01585889
01585911
01586047
01586066
01586071
01586076
01586111
01586143
01586144
01586154
01586161
01586195
01586241
01586242
01586273
01586279
01586285
01586295
01586296
01586297
01586298
01586299
01586300
01586318
01586319
01586320
01586321
01586322
01586323
01586324
01586325
01586326
01586330
01586388
01586397
01586418
01586471
01586506
01586510
01586546
01586574
01586575
01586580
01586593
01586657
01586699
01586729
01586759
01586760
01586765
01586801
01586833
01586851
01586859
01586860
01586862
01586879
01586882
01586888
01586894
01586934
01586937
01586947
01586948
01587018
01587045
01587065
01587072
01587084
01587086
01587109
01587128
01587134
01587142
01587164
01587171
01587188
01587222
01587223
01587225
01587244
01587277
01587308
01587370
01587386
01587387
01587390
01587400
01587445
01587451
01587456
01587479
01587520
01587528
01587547
01587548
01587566
01587574
01587575
01587598
01587608
01587618
01587619
01587631
01587632
01587650
01587693
01587695
01587704
01587712
01587717
01587726
01587732
01587733
01587734
01587739
01587741
01587755
01587778
01587780
01587785
01587787
01587836
01587862
01587871
01587895
01587907
01587909
01587910
01587916
01587917
01587918
01587922
01587957
01587958
01587959
01587960
01587961
01587996
01587997
01588069
01588072
01588088
01588101
01588118
01588123
01588129
01588138
01588140
01588148
01588167
01588168
01588185
01588205
01588244
01588254
01588258
01588262
01588296
01588304
01588350
01588352
01588362
01588376
01588378
01588398
01588401
01588483
01588490
01588502
01588520
01588546
01588573
01588609
01588634
01588639
01588641
01588651
01588700
01588704
01588713
01588730
01588777
01588810
01588818
01588844
01588854
01588891
01588983
01588988
01588991
01589010
01589021
01589026
01589078
01589080
01589092
01589110
01589111
01589127
01589184
01589185
01589212
01589213
01589215
01589223
01589240
01589241
01589242
01589246
01589256
01589257
01589264
01589266
01589271
01589275
01589285
01589293
01589319
01589326
01589330
01589333
01589334
01589338
01589339
01589354
01589357
01589382
01589387
01589388
01589396
01589403
01589419
01589429
01589439
01589470
01589485
01589487
01589500
01589509
01589512
01589513
01589514
01589516
01589517
01589551
01589577
01589588
01589591
01589593
01589594
01589607
01589612
01589620
01589627
01589628
01589643
01589644
01589645
01589655
01589666
01589694
01589696
01589704
01589725
01589760
01589773
01589790
01589792
01589817
01589829
01589831
01589844
01589860
01589873
01589875
01589877
01589886
01589908
01589913
01589920
01589921
01589927
01589930
01589936
01589937
01589942
01589945
01589960
01589974
01589982
01589999
01590005
01590007
01590009
01590011
01590040
01590058
01590060
01590066
01590087
01590089
01590091
01590096
01590103
01590113
01590120
01590136
01590138
01590144
01590145
01590148
01590178
01590180
01590181
01590218
01590238
01590239
01590271
01590294
01590298
01590317
01590331
01590332
01590333
01590334
01590336
01590358
01590363
01590364
01590367
01590375
01590392
01590393
01590396
01590426
01590432
01590436
01590510
01590518
01590525
01590538
01590546
01590570
01590600
01590604
01590619
01590639
01590657
01590661
01590708
01590710
01590717
01590796
01590798
01590802
01590827
01590838
01590851
01590887
01590951
01590976
01590989
01590990
01590992
01591006
01591050
01591054
01591117
01591134
01591139
01591164
01591188
01591237
01591245
01591270
01591284
01591331
01591341
01591406
01591410
01591411
01591412
01591413
01591465
01591488
01591489
01591496
01591497
01591499
01591513
01591530
01591538
01591540
01591542
01591548
01591549
01591560
01591566
01591582
01591607
01591608
01591620
01591621
01591625
01591633
01591635
01591656
01591660
01591679
01591683
01591692
01591694
01591696
01591707
01591713
01591719
01591732
01591738
01591760
01591768
01591808
01591827
01591844
01591851
01591855
01591866
01591874
01591877
01591880
01591896
01591898
01591903
01591944
01591957
01591959
01592000
01592014
01592050
01592052
01592074
01592079
01592082
01592090
01592104
01592108
01592115
01592123
01592130
01592159
01592173
01592193
01592206
01592286
01592301
01592327
01592329
01592330
01592331
01592338
01592343
01592375
01592380
01592413
01592438
01592459
01592476
01592479
01592484
01592485
01592486
01592491
01592508
01592514
01592528
01592529
01592536
01592538
01592548
01592565
01592584
01592585
01592586
01592587
01592640
01592645
01592648
01592649
01592664
01592685
01592692
01592696
01592697
01592721
01592732
01592733
01592734
01592737
01592741
01592765
01592781
01592784
01592813
01592838
01592857
01592868
01592889
01592913
01592915
01592954
01592970
01592982
01592983
01592991
01593060
01593087
01593113
01593136
01593144
01593148
01593163
01593180
01593208
01593242
01593247
01593261
01593286
01593299
01593312
01593357
01593374
01593400
01593401
01593487
01593516
01593522
01593572
01593584
01593589
01593590
01593593
01593611
01593621
01593652
01593663
01593724
01593830
01593835
01593871
01593890
01593931
01593960
01593970
01594019
01594058
01594073
01594097
01594110
01594130
01594131
01594203
01594221
01594230
01594233
01594255
01594275
01594287
01594292
01594298
01594300
01594302
01594305
01594318
01594328
01594339
01594356
01594361
01594362
01594404
01594411
01594422
01594423
01594431
01594452
01594461
01594462
01594469
01594489
01594490
01594501
01594503
01594509
01594519
01594524
01594534
01594540
01594545
01594559
01594560
01594561
01594562
01594571
01594596
01594606
01594615
01594628
01594629
01594641
01594644
01594652
01594662
01594681
01594712
01594718
01594722
01594745
01594749
01594754
01594767
01594816
01594824
01594825
01594838
01594842
01594852
01594857
01594864
01594866
01594871
01594876
01594883
01594897
01594905
01594927
01594941
01595004
01595013
01595030
01595061
01595062
01595091
01595173
01595207
01595227
01595230
01595233
01595244
01595245
01595250
01595256
01595258
01595280
01595282
01595284
01595285
01595289
01595295
01595296
01595302
01595309
01595311
01595331
01595343
01595351
01595362
01595364
01595365
01595394
01595397
01595431
01595432
01595434
01595435
01595456
01595460
01595464
01595485
01595498
01595508
01595531
01595547
01595564
01595569
01595631
01595633
01595637
01595638
01595644
01595648
01595658
01595670
01595672
01595742
01595763
01595774
01595775
01595776
01595778
01595805
01595815
01595827
01595828
01595859
01595865
01595866
01595869
01595892
01595899
01595901
01595902
01595959
01595982
01595994
01596001
01596019
01596030
01596031
01596035
01596048
01596066
01596091
01596111
01596137
01596138
01596139
01596141
01596143
01596144
01596157
01596172
01596175
01596218
01596225
01596286
01596289
01596352
01596356
01596358
01596362
01596366
01596396
01596401
01596407
01596422
01596431
01596450
01596493
01596533
01596558
01596598
01596649
01596710
01596722
01596769
01596826
01596859
01596863
01596878
01596932
01596994
01597001
01597013
01597065
01597066
01597067
01597084
01597093
01597100
01597104
01597121
01597122
01597135
01597142
01597146
01597148
01597156
01597183
01597197
01597199
01597205
01597225
01597231
01597248
01597249
01597256
01597260
01597264
01597279
01597290
01597291
01597304
01597311
01597315
01597336
01597342
01597344
01597357
01597368
01597392
01597411
01597418
01597429
01597430
01597448
01597449
01597451
01597464
01597471
01597477
01597502
01597513
01597519
01597523
01597529
01597530
01597533
01597542
01597544
01597558
01597564
01597571
01597573
01597596
01597597
01597601
01597614
01597625
01597626
01597632
01597656
01597677
01597715
01597748
01597773
01597811
01597812
01597825
01597826
01597840
01597848
01597851
01597876
01597914
01597921
01597926
01597927
01597970
01597974
01597988
01597994
01597998
01598010
01598013
01598034
01598040
01598041
01598053
01598076
01598077
01598081
01598086
01598093
01598095
01598096
01598098
01598137
01598185
01598188
01598199
01598204
01598207
01598220
01598230
01598239
01598253
01598264
01598270
01598271
01598273
01598282
01598293
01598295
01598296
01598340
01598371
01598380
01598387
01598399
01598404
01598405
01598411
01598412
01598415
01598467
01598492
01598498
01598500
01598507
01598514
01598530
01598593
01598612
01598634
01598650
01598666
01598674
01598678
01598679
01598700
01598725
01598749
01598756
01598828
01598844
01598849
01598850
01598858
01598891
01598893
01598898
01598925
01598930
01598941
01598947
01598957
01598970
01598971
01598981
01599002
01599018
01599019
01599020
01599094
01599170
01599244
01599250
01599280
01599305
01599363
01599371
01599380
01599391
01599396
01599406
01599407
01599425
01599436
01599459
01599498
01599506
01599513
01599519
01599531
01599543
01599571
01599577
01599591
01599603
01599606
01599610
01599616
01599618
01599622
01599623
01599630
01599632
01599641
01599650
01599667
01599671
01599673
01599674
01599691
01599698
01599726
01599753
01599756
01599786
01599790
01599792
01599808
01599813
01599818
01599867
01599868
01599885
01599909
01599928
01599939
01599942
01599961
01599963
01599978
01600005
01600023
01600053
01600058
01600073
01600074
01600100
01600102
01600113
01600118
01600133
01600203
01600207
01600231
01600247
01600252
01600275
01600299
01600337
01600340
01600341
01600355
01600364
01600365
01600378
01600385
01600387
01600393
01600394
01600399
01600408
01600424
01600426
01600428
01600433
01600449
01600469
01600489
01600491
01600498
01600502
01600503
01600516
01600517
01600518
01600521
01600522
01600546
01600548
01600568
01600569
01600586
01600610
01600621
01600623
01600633
01600635
01600648
01600669
01600670
01600677
01600680
01600690
01600697
01600701
01600706
01600718
01600732
01600767
01600784
01600853
01600874
01600899
01600904
01600907
01600911
01600928
01600936
01600944
01600974
01600978
01601009
01601036
01601089
01601104
01601114
01601119
01601130
01601169
01601192
01601203
01601213
01601227
01601245
01601247
01601255
01601279
01601323
01601337
01601374
01601419
01601423
01601459
01601470
01601477
01601524
01601535
01601540
01601553
01601561
01601565
01601664
01601686
01601695
01601699
01601710
01601745
01601777
01601869
01601947
01601963
01601970
01601976
01602007
01602008
01602031
01602068
01602083
01602088
01602090
01602099
01602100
01602145
01602163
01602164
01602189
01602192
01602200
01602201
01602208
01602209
01602221
01602237
01602244
01602245
01602257
01602273
01602278
01602288
01602289
01602290
01602296
01602315
01602324
01602326
01602385
01602394
01602408
01602409
01602413
01602415
01602429
01602452
01602468
01602486
01602495
01602500
01602505
01602506
01602511
01602513
01602518
01602522
01602528
01602554
01602555
01602582
01602600
01602602
01602674
01602700
01602720
01602722
01602724
01602727
01602753
01602781
01602807
01602837
01602886
01602888
01602933
01602934
01603001
01603028
01603047
01603059
01603104
01603110
01603116
01603117
01603162
01603170
01603171
01603179
01603221
01603242
01603246
01603254
01603257
01603258
01603260
01603261
01603264
01603268
01603275
01603280
01603287
01603295
01603319
01603320
01603331
01603341
01603347
01603365
01603366
01603391
01603413
01603420
01603422
01603424
01603426
01603428
01603430
01603432
01603438
01603444
01603445
01603460
01603461
01603464
01603469
01603489
01603497
01603510
01603536
01603538
01603546
01603555
01603556
01603582
01603587
01603642
01603657
01603679
01603687
01603698
01603710
01603716
01603717
01603731
01603741
01603755
01603768
01603784
01603797
01603828
01603829
01603856
01603929
01603944
01603946
01603947
01603952
01603988
01603999
01604023
01604054
01604056
01604106
01604127
01604128
01604130
01604149
01604193
01604194
01604235
01604244
01604258
01604297
01604422
01604433
01604482
01604503
01604546
01604570
01604595
01604611
01604614
01604628
01604629
01604637
01604660
01604670
01604679
01604682
01604686
01604699
01604704
01604709
01604714
01604716
01604721
01604724
01604733
01604753
01604755
01604767
01604769
01604783
01604789
01604794
01604798
01604818
01604828
01604832
01604853
01604861
01604881
01604882
01604884
01604885
01604886
01604896
01604898
01604906
01604919
01604922
01604923
01604927
01604951
01604952
01604974
01604976
01604979
01604992
01604993
01605006
01605008
01605009
01605012
01605022
01605070
01605096
01605106
01605137
01605139
01605145
01605153
01605165
01605238
01605245
01605252
01605253
01605271
01605290
01605295
01605314
01605339
01605345
01605375
01605376
01605400
01605402
01605403
01605414
01605415
01605416
01605466
01605483
01605484
01605493
01605511
01605534
01605537
01605539
01605543
01605546
01605586
01605615
01605632
01605637
01605638
01605640
01605655
01605691
01605697
01605727
01605758
01605780
01605784
01605823
01605824
01605841
01605888
01605890
01605966
01605976
01606047
01606062
01606139
01606148
01606183
01606193
01606210
01606216
01606239
01606241
01606251
01606291
01606339
01606483
01606484
01606521
01606556
01606571
01606587
01606631
01606632
01606673
01606679
01606686
01606695
01606762
01606763
01606766
01606773
01606780
01606786
01606793
01606809
01606815
01606818
01606828
01606834
01606836
01606841
01606850
01606852
01606853
01606854
01606884
01606889
01606890
01606898
01606913
01606915
01606917
01606918
01606923
01606928
01606934
01606954
01606963
01606977
01606987
01606989
01607009
01607019
01607030
01607031
01607038
01607044
01607061
01607066
01607071
01607072
01607078
01607079
01607087
01607102
01607103
01607110
01607111
01607147
01607152
01607158
01607161
01607167
01607171
01607195
01607212
01607231
01607252
01607256
01607288
01607296
01607329
01607359
01607392
01607440
01607445
01607451
01607463
01607477
01607484
01607500
01607503
01607511
01607518
01607519
01607539
01607542
01607543
01607551
01607555
01607564
01607581
01607586
01607595
01607602
01607603
01607605
01607613
01607615
01607619
01607626
01607633
01607636
01607650
01607653
01607682
01607693
01607702
01607716
01607720
01607724
01607730
01607763
01607769
01607776
01607777
01607789
01607808
01607809
01607810
01607813
01607823
01607828
01607880
01607901
01607930
01607990
01608042
01608046
01608070
01608132
01608141
01608163
01608169
01608172
01608173
01608179
01608223
01608252
01608256
01608310
01608326
01608364
01608365
01608397
01608398
01608438
01608466
01608471
01608479
01608480
01608484
01608496
01608560
01608564
01608584
01608615
01608703
01608707
01608726
01608765
01608800
01608877
01608918
01608919
01608941
01609020
01609035
01609086
01609088
01609097
01609098
01609100
01609102
01609110
01609177
01609178
01609209
01609242
01609252
01609284
01609302
01609343
01609346
01609350
01609354
01609361
01609364
01609380
01609384
01609390
01609391
01609403
01609419
01609438
01609457
01609459
01609467
01609468
01609470
01609485
01609495
01609509
01609512
01609513
01609525
01609526
01609527
01609537
01609539
01609588
01609628
01609658
01609663
01609670
01609678
01609711
01609720
01609723
01609736
01609740
01609751
01609774
01609780
01609784
01609808
01609818
01609825
01609858
01609861
01609886
01609893
01609899
01609929
01609932
01609976
01609985
01609987
01610095
01610119
01610147
01610185
01610188
01610201
01610202
01610204
01610211
01610218
01610221
01610238
01610243
01610271
01610278
01610280
01610295
01610305
01610310
01610316
01610323
01610326
01610345
01610352
01610355
01610364
01610377
01610393
01610401
01610410
01610413
01610417
01610422
01610442
01610463
01610484
01610510
01610536
01610550
01610552
01610573
01610574
01610580
01610581
01610588
01610604
01610663
01610671
01610682
01610688
01610690
01610691
01610692
01610697
01610705
01610711
01610714
01610716
01610729
01610761
01610796
01610844
01610864
01610888
01610902
01610915
01610925
01610950
01610954
01610959
01610972
01610986
01610999
01611020
01611028
01611053
01611060
01611081
01611082
01611088
01611124
01611128
01611139
01611141
01611142
01611153
01611195
01611196
01611211
01611225
01611268
01611319
01611321
01611358
01611361
01611376
01611449
01611469
01611482
01611507
01611514
01611528
01611554
01611572
01611598
01611599
01611600
01611652
01611750
01611753
01611754
01611761
01611773
01611776
01611825
01611858
01611882
01611894
01611920
01611924
01611997
01612001
01612004
01612015
01612020
01612028
01612072
01612081
01612108
01612115
01612136
01612169
01612181
01612187
01612189
01612193
01612197
01612215
01612216
01612221
01612225
01612230
01612231
01612250
01612252
01612276
01612286
01612297
01612305
01612306
01612312
01612315
01612332
01612346
01612351
01612354
01612357
01612361
01612377
01612383
01612389
01612393
01612395
01612401
01612416
01612420
01612424
01612426
01612442
01612451
01612453
01612458
01612459
01612475
01612478
01612489
01612490
01612543
01612547
01612548
01612551
01612601
01612606
01612617
01612623
01612630
01612642
01612659
01612660
01612688
01612692
01612704
01612707
01612721
01612768
01612784
01612816
01612855
01612871
01612904
01612921
01612932
01612943
01612951
01612973
01613029
01613030
01613044
01613045
01613047
01613053
01613054
01613055
01613085
01613093
01613105
01613119
01613128
01613129
01613137
01613156
01613162
01613172
01613231
01613251
01613252
01613275
01613284
01613285
01613291
01613336
01613341
01613349
01613370
01613391
01613392
01613394
01613403
01613426
01613438
01613483
01613485
01613488
01613489
01613502
01613512
01613513
01613522
01613534
01613540
01613545
01613566
01613580
01613587
01613595
01613606
01613637
01613643
01613644
01613651
01613669
01613675
01613681
01613683
01613689
01613704
01613709
01613727
01613731
01613732
01613814
01613820
01613841
01613879
01613902
01613917
01613932
01613978
01613989
01614023
01614029
01614036
01614038
01614056
01614058
01614072
01614098
01614100
01614101
01614115
01614116
01614121
01614195
01614199
01614208
01614209
01614210
01614216
01614219
01614245
01614248
01614274
01614279
01614294
01614295
01614329
01614332
01614361
01614373
01614481
01614484
01614485
01614492
01614493
01614498
01614524
01614525
01614532
01614585
01614619
01614620
01614621
01614650
01614653
01614675
01614697
01614709
01614737
01614752
01614753
01614754
01614786
01614787
01614788
01614789
01614791
01614795
01614952
01614969
01615097
01615105
01615149
01615151
01615163
01615164
01615168
01615172
01615184
01615195
01615266
01615277
01615339
01615340
01615346
01615350
01615382
01615398
01615413
01615421
01615442
01615448
01615466
01615500
01615513
01615515
01615520
01615553
01615567
01615577
01615594
01615620
01615677
01615701
01615709
01615726
01615749
01615773
01615786
01615797
01615798
01615802
01615817
01615824
01615825
01615843
01615874
01615887
01615891
01615897
01615915
01615920
01615924
01615928
01615938
01615947
01615974
01615985
01616012
01616057
01616090
01616113
01616127
01616152
01616174
01616184
01616195
01616196
01616197
01616223
01616249
01616250
01616256
01616276
01616292
01616310
01616331
01616336
01616337
01616340
01616351
01616352
01616354
01616363
01616376
01616377
01616378
01616389
01616390
01616397
01616403
01616404
01616414
01616415
01616422
01616433
01616441
01616470
01616471
01616481
01616483
01616493
01616497
01616498
01616503
01616530
01616541
01616542
01616566
01616593
01616599
01616608
01616613
01616615
01616618
01616633
01616634
01616640
01616642
01616674
01616675
01616691
01616708
01616718
01616744
01616750
01616797
01616803
01616816
01616819
01616820
01616832
01616856
01616859
01616862
01616878
01616881
01616907
01616910
01616919
01616937
01616951
01616958
01616978
01617013
01617051
01617078
01617084
01617097
01617098
01617127
01617132
01617144
01617145
01617160
01617181
01617192
01617198
01617199
01617207
01617233
01617254
01617255
01617258
01617288
01617302
01617328
01617333
01617340
01617358
01617422
01617425
01617429
01617450
01617452
01617460
01617461
01617488
01617510
01617526
01617564
01617576
01617583
01617587
01617611
01617619
01617634
01617650
01617689
01617844
01617845
01617849
01617851
01617912
01617943
01617958
01617987
01617998
01618012
01618035
01618039
01618064
01618088
01618093
01618125
01618147
01618168
01618177
01618217
01618237
01618250
01618270
01618331
01618356
01618438
01618442
01618443
01618462
01618464
01618471
01618509
01618529
01618539
01618544
01618550
01618578
01618588
01618601
01618602
01618614
01618617
01618619
01618621
01618630
01618631
01618641
01618645
01618665
01618668
01618680
01618695
01618727
01618740
01618753
01618758
01618764
01618785
01618789
01618794
01618797
01618798
01618801
01618803
01618820
01618821
01618824
01618852
01618860
01618876
01618883
01618897
01618925
01618958
01618961
01618962
01618971
01618991
01619043
01619050
01619083
01619109
01619112
01619128
01619129
01619136
01619153
01619198
01619226
01619231
01619238
01619240
01619241
01619248
01619269
01619282
01619285
01619337
01619354
01619357
01619363
01619364
01619386
01619388
01619410
01619444
01619461
01619473
01619501
01619508
01619528
01619564
01619578
01619579
01619598
01619625
01619628
01619682
01619706
01619772
01619817
01619822
01619843
01619877
01619886
01619887
01619903
01619905
01619908
01619909
01619918
01619927
01619933
01619941
01619956
01619977
01619978
01619980
01619989
01619991
01620012
01620022
01620025
01620032
01620034
01620041
01620045
01620048
01620067
01620070
01620100
01620116
01620120
01620121
01620138
01620150
01620153
01620166
01620174
01620175
01620189
01620199
01620226
01620273
01620278
01620279
01620290
01620294
01620316
01620401
01620402
01620405
01620438
01620468
01620472
01620487
01620490
01620521
01620535
01620538
01620551
01620552
01620554
01620561
01620568
01620597
01620616
01620619
01620622
01620663
01620672
01620673
01620682
01620702
01620718
01620729
01620731
01620738
01620742
01620759
01620782
01620811
01620817
01620841
01620859
01620869
01620881
01620888
01620894
01620929
01620957
01620982
01621000
01621017
01621029
01621043
01621044
01621093
01621094
01621116
01621124
01621133
01621134
01621142
01621146
01621151
01621155
01621159
01621164
01621196
01621216
01621240
01621320
01621321
01621322
01621350
01621352
01621391
01621410
01621426
01621428
01621447
01621449
01621450
01621484
01621493
01621500
01621555
01621562
01621586
01621589
01621592
01621601
01621607
01621660
01621689
01621706
01621712
01621742
01621809
01621932
01621945
01622025
01622042
01622048
01622052
01622090
01622129
01622164
01622200
01622214
01622220
01622223
01622287
01622288
01622293
01622305
01622306
01622313
01622316
01622320
01622325
01622326
01622334
01622338
01622342
01622347
01622359
01622370
01622384
01622387
01622397
01622401
01622409
01622411
01622425
01622430
01622437
01622451
01622453
01622458
01622460
01622461
01622465
01622470
01622503
01622504
01622510
01622513
01622520
01622553
01622568
01622582
01622598
01622607
01622612
01622613
01622614
01622628
01622630
01622656
01622659
01622687
01622689
01622698
01622732
01622736
01622737
01622760
01622768
01622838
01622855
01622908
01622937
01622948
01622959
01622991
01623028
01623030
01623051
01623129
01623163
01623185
01623258
01623268
01623279
01623285
01623286
01623293
01623296
01623300
01623313
01623336
01623339
01623344
01623355
01623382
01623385
01623389
01623426
01623433
01623439
01623447
01623449
01623468
01623483
01623507
01623527
01623529
01623538
01623542
01623553
01623554
01623556
01623585
01623601
01623604
01623621
01623638
01623644
01623645
01623707
01623711
01623714
01623719
01623724
01623806
01623818
01623827
01623832
01623858
01623861
01623867
01623894
01623907
01623972
01623974
01623994
01624036
01624043
01624052
01624054
01624067
01624073
01624077
01624092
01624096
01624098
01624105
01624118
01624124
01624132
01624144
01624177
01624178
01624197
01624205
01624213
01624214
01624216
01624224
01624254
01624311
01624314
01624368
01624379
01624451
01624468
01624477
01624531
01624532
01624533
01624543
01624547
01624551
01624570
01624583
01624593
01624609
01624613
01624639
01624654
01624693
01624765
01624767
01624816
01624824
01624833
01624843
01624858
01624879
01624925
01624966
01624988
01624997
01625017
01625056
01625068
01625085
01625093
01625116
01625118
01625119
01625123
01625133
01625146
01625158
01625162
01625163
01625167
01625170
01625173
01625193
01625211
01625212
01625215
01625222
01625225
01625237
01625242
01625250
01625254
01625256
01625261
01625284
01625285
01625288
01625306
01625310
01625316
01625330
01625335
01625344
01625366
01625387
01625388
01625396
01625403
01625421
01625422
01625426
01625432
01625455
01625457
01625462
01625472
01625474
01625486
01625488
01625544
01625557
01625558
01625572
01625579
01625592
01625596
01625623
01625654
01625680
01625704
01625711
01625756
01625767
01625771
01625778
01625788
01625812
01625823
01625836
01625841
01625859
01625887
01625899
01625929
01625953
01625980
01625981
01625986
01625989
01626043
01626060
01626078
01626081
01626087
01626088
01626091
01626107
01626115
01626121
01626134
01626135
01626143
01626146
01626149
01626150
01626153
01626155
01626162
01626176
01626191
01626203
01626213
01626216
01626239
01626258
01626290
01626301
01626303
01626350
01626352
01626356
01626359
01626360
01626361
01626362
01626363
01626389
01626390
01626392
01626396
01626408
01626437
01626444
01626461
01626486
01626490
01626491
01626498
01626502
01626525
01626535
01626546
01626549
01626553
01626564
01626567
01626584
01626586
01626597
01626603
01626608
01626615
01626640
01626648
01626649
01626652
01626653
01626671
01626719
01626740
01626770
01626778
01626853
01626861
01626863
01626876
01626896
01626910
01626916
01626942
01626974
01627055
01627106
01627109
01627113
01627124
01627149
01627158
01627159
01627160
01627161
01627162
01627163
01627164
01627165
01627176
01627184
01627226
01627281
01627317
01627358
01627420
01627421
01627422
01627424
01627425
01627426
01627427
01627428
01627429
01627430
01627431
01627432
01627433
01627435
01627436
01627437
01627438
01627439
01627440
01627441
01627443
01627448
01627483
01627554
01627570
01627582
01627618
01627658
01627659
01627690
01627691
01627736
01627792
01627799
01627810
01627815
01627837
01627838
01627853
01627873
01627896
01627900
01627920
01627931
01627932
01627945
01628006
01628039
01628062
01628072
01628078
01628081
01628083
01628086
01628090
01628106
01628122
01628124
01628158
01628196
01628197
01628236
01628275
01628279
01628281
01628309
01628313
01628315
01628338
01628347
01628350
01628366
01628397
01628410
01628430
01628444
01628500
01628507
01628530
01628544
01628566
01628599
01628602
01628617
01628657
01628668
01628730
01628742
01628766
01628780
01628781
01628784
01628785
01628792
01628797
01628798
01628828
01628831
01628832
01628834
01628839
01628846
01628864
01628883
01628892
01628905
01628975
01628978
01628981
01628989
01628991
01628995
01629007
01629009
01629024
01629032
01629035
01629047
01629055
01629084
01629086
01629087
01629089
01629097
01629111
01629112
01629114
01629121
01629137
01629139
01629175
01629177
01629178
01629203
01629204
01629215
01629229
01629251
01629293
01629297
01629310
01629328
01629330
01629331
01629350
01629361
01629365
01629367
01629422
01629441
01629443
01629454
01629466
01629471
01629473
01629476
01629489
01629490
01629491
01629501
01629519
01629523
01629566
01629567
01629575
01629577
01629591
01629598
01629678
01629781
01629830
01629896
01629929
01629955
01629997
01630016
01630111
01630141
01630157
01630161
01630162
01630166
01630169
01630187
01630189
01630192
01630210
01630265
01630271
01630321
01630332
01630347
01630349
01630352
01630356
01630361
01630371
01630373
01630384
01630394
01630396
01630400
01630413
01630414
01630415
01630416
01630423
01630458
01630461
01630462
01630465
01630469
01630470
01630471
01630480
01630485
01630487
01630499
01630504
01630514
01630525
01630536
01630553
01630558
01630563
01630593
01630610
01630612
01630641
01630648
01630650
01630652
01630672
01630693
01630699
01630721
01630754
01630796
01630806
01630819
01630864
01630876
01630907
01630922
01630923
01630940
01630950
01630955
01630963
01630971
01630975
01630976
01630977
01630978
01631008
01631010
01631031
01631045
01631049
01631061
01631082
01631103
01631112
01631113
01631116
01631122
01631126
01631144
01631195
01631198
01631205
01631214
01631216
01631217
01631219
01631220
01631256
01631268
01631309
01631319
01631322
01631323
01631324
01631339
01631355
01631398
01631429
01631446
01631451
01631461
01631503
01631522
01631528
01631557
01631566
01631583
01631596
01631601
01631618
01631669
01631670
01631675
01631722
01631735
01631761
01631763
01631772
01631780
01631792
01631833
01631853
01631866
01631884
01631903
01631912
01631956
01631976
01631988
01632007
01632131
01632162
01632177
01632182
01632195
01632224
01632276
01632286
01632291
01632292
01632293
01632306
01632309
01632311
01632315
01632320
01632323
01632353
01632450
01632468
01632470
01632479
01632491
01632500
01632503
01632537
01632557
01632569
01632587
01632589
01632599
01632606
01632611
01632613
01632621
01632623
01632637
01632642
01632665
01632683
01632691
01632699
01632703
01632705
01632735
01632736
01632758
01632774
01632783
01632785
01632794
01632804
01632838
01632848
01632862
01632863
01632866
01632868
01632934
01632942
01632947
01632989
01632990
01632995
01632996
01632997
01633002
01633004
01633105
01633113
01633192
01633233
01633244
01633245
01633246
01633285
01633286
01633291
01633297
01633301
01633302
01633312
01633314
01633332
01633333
01633346
01633353
01633359
01633377
01633383
01633390
01633398
01633419
01633424
01633425
01633426
01633432
01633433
01633443
01633455
01633468
01633482
01633526
01633530
01633536
01633537
01633558
01633596
01633603
01633642
01633650
01633673
01633682
01633691
01633692
01633702
01633718
01633728
01633734
01633737
01633748
01633763
01633765
01633798
01633813
01633828
01633844
01633854
01633869
01633874
01633883
01633888
01633891
01633900
01633901
01633906
01633908
01633924
01633928
01633941
01633944
01633945
01633948
01633957
01633966
01634020
01634041
01634046
01634053
01634058
01634081
01634086
01634098
01634100
01634101
01634103
01634109
01634110
01634111
01634133
01634136
01634145
01634179
01634196
01634207
01634238
01634243
01634250
01634270
01634275
01634286
01634288
01634291
01634308
01634318
01634326
01634389
01634411
01634427
01634452
01634481
01634587
01634594
01634618
01634631
01634663
01634676
01634701
01634720
01634825
01634827
01634829
01634837
01634877
01634887
01634900
01634903
01634934
01634935
01634956
01634957
01634965
01634987
01634988
01635001
01635004
01635014
01635031
01635033
01635045
01635059
01635061
01635066
01635068
01635082
01635083
01635084
01635106
01635109
01635110
01635114
01635122
01635128
01635130
01635142
01635143
01635150
01635151
01635163
01635189
01635197
01635212
01635217
01635254
01635257
01635269
01635283
01635300
01635322
01635329
01635364
01635365
01635372
01635373
01635374
01635375
01635376
01635387
01635389
01635390
01635393
01635397
01635402
01635413
01635415
01635423
01635427
01635442
01635444
01635449
01635450
01635459
01635465
01635476
01635482
01635497
01635498
01635501
01635502
01635516
01635533
01635536
01635551
01635571
01635572
01635573
01635615
01635620
01635622
01635635
01635649
01635652
01635669
01635671
01635704
01635706
01635709
01635712
01635728
01635745
01635783
01635820
01635867
01635877
01635878
01635910
01635914
01635918
01635921
01635922
01635924
01635926
01635930
01635932
01635941
01635942
01635976
01635981
01635986
01636022
01636047
01636048
01636051
01636052
01636053
01636062
01636080
01636111
01636119
01636123
01636125
01636126
01636128
01636144
01636190
01636206
01636207
01636215
01636229
01636248
01636260
01636265
01636275
01636298
01636299
01636300
01636309
01636313
01636318
01636320
01636322
01636324
01636325
01636346
01636393
01636431
01636452
01636503
01636518
01636523
01636531
01636548
01636549
01636569
01636575
01636588
01636593
01636607
01636613
01636628
01636638
01636678
01636682
01636696
01636711
01636720
01636732
01636733
01636747
01636763
01636772
01636784
01636788
01636802
01636816
01636831
01636835
01636899
01637019
01637033
01637034
01637036
01637047
01637048
01637063
01637075
01637078
01637082
01637093
01637099
01637108
01637122
01637131
01637178
01637185
01637186
01637256
01637282
01637321
01637340
01637349
01637473
01637480
01637497
01637576
01637583
01637585
01637637
01637651
01637723
01637732
01637733
01637742
01637743
01637744
01637745
01637746
01637747
01637758
01637772
01637776
01637782
01637788
01637806
01637813
01637840
01637842
01637846
01637853
01637854
01637855
01637866
01637867
01637877
01637890
01637891
01637903
01637908
01637918
01637985
01637986
01637996
01637999
01638000
01638001
01638017
01638019
01638026
01638045
01638046
01638047
01638067
01638069
01638070
01638092
01638093
01638097
01638098
01638106
01638122
01638132
01638134
01638151
01638183
01638218
01638245
01638247
01638254
01638261
01638300
01638337
01638358
01638364
01638370
01638378
01638389
01638420
01638427
01638479
01638499
01638502
01638508
01638511
01638516
01638533
01638545
01638549
01638567
01638582
01638605
01638606
01638612
01638624
01638625
01638632
01638634
01638636
01638638
01638648
01638659
01638661
01638682
01638692
01638709
01638720
01638724
01638726
01638728
01638734
01638739
01638744
01638751
01638756
01638788
01638790
01638797
01638810
01638813
01638814
01638815
01638820
01638824
01638825
01638845
01638846
01638852
01638861
01638866
01638893
01638902
01638912
01638926
01638933
01638938
01638945
01638956
01638957
01638963
01638969
01638977
01638982
01638995
01639012
01639013
01639017
01639044
01639070
01639089
01639093
01639094
01639095
01639139
01639155
01639177
01639180
01639210
01639242
01639310
01639380
01639415
01639417
01639431
01639438
01639440
01639442
01639469
01639501
01639508
01639540
01639628
01639711
01639868
01639885
01639978
01639999
01640017
01640020
01640064
01640113
01640143
01640155
01640163
01640174
01640214
01640232
01640249
01640266
01640267
01640300
01640304
01640330
01640331
01640333
01640334
01640342
01640349
01640385
01640386
01640413
01640437
01640450
01640451
01640452
01640456
01640467
01640488
01640500
01640503
01640505
01640506
01640525
01640539
01640544
01640552
01640555
01640567
01640583
01640591
01640597
01640610
01640620
01640661
01640662
01640705
01640708
01640724
01640728
01640767
01640775
01640804
01640809
01640816
01640821
01640830
01640837
01640843
01640860
01640869
01640875
01640882
01640896
01640902
01640915
01640918
01640928
01640941
01640949
01640969
01640982
01641010
01641043
01641047
01641051
01641059
01641088
01641089
01641090
01641100
01641106
01641154
01641158
01641159
01641184
01641190
01641193
01641241
01641265
01641335
01641337
01641431
01641444
01641458
01641460
01641462
01641465
01641474
01641476
01641477
01641483
01641499
01641502
01641512
01641514
01641519
01641527
01641529
01641542
01641554
01641562
01641563
01641564
01641573
01641590
01641596
01641668
01641678
01641695
01641726
01641736
01641741
01641742
01641743
01641746
01641747
01641777
01641781
01641787
01641793
01641804
01641841
01641856
01641861
01641879
01641885
01641888
01641889
01641939
01641947
01641952
01641962
01641982
01641992
01642004
01642027
01642075
01642083
01642085
01642098
01642102
01642138
01642143
01642174
01642207
01642211
01642216
01642221
01642229
01642241
01642244
01642272
01642280
01642283
01642285
01642286
01642288
01642301
01642386
01642390
01642391
01642409
01642418
01642459
01642520
01642533
01642545
01642552
01642585
01642598
01642649
01642671
01642702
01642706
01642716
01642733
01642774
01642778
01642785
01642815
01642824
01642835
01642869
01642877
01642905
01642944
01643016
01643077
01643095
01643096
01643134
01643241
01643251
01643253
01643270
01643272
01643301
01643311
01643328
01643330
01643342
01643344
01643352
01643360
01643365
01643371
01643390
01643403
01643407
01643417
01643421
01643423
01643428
01643449
01643454
01643465
01643468
01643473
01643476
01643489
01643494
01643501
01643505
01643521
01643549
01643572
01643575
01643585
01643593
01643623
01643643
01643680
01643698
01643699
01643739
01643742
01643749
01643759
01643772
01643774
01643794
01643847
01643862
01643863
01643866
01643868
01643900
01643928
01643929
01643930
01643932
01643942
01643966
01643982
01643988
01644012
01644024
01644031
01644053
01644129
01644149
01644155
01644168
01644173
01644175
01644218
01644236
01644255
01644274
01644280
01644286
01644287
01644288
01644289
01644290
01644294
01644309
01644318
01644319
01644324
01644334
01644361
01644373
01644374
01644392
01644415
01644417
01644420
01644426
01644433
01644453
01644464
01644473
01644519
01644530
01644532
01644533
01644534
01644540
01644559
01644572
01644573
01644574
01644615
01644618
01644623
01644640
01644651
01644665
01644673
01644686
01644697
01644718
01644732
01644756
01644773
01644775
01644781
01644800
01644809
01644810
01644814
01644816
01644817
01644821
01644827
01644854
01644856
01644909
01644929
01644930
01644951
01644963
01645001
01645021
01645044
01645062
01645073
01645085
01645087
01645094
01645106
01645108
01645134
01645144
01645170
01645215
01645228
01645235
01645256
01645298
01645300
01645385
01645401
01645450
01645457
01645484
01645485
01645498
01645507
01645514
01645530
01645581
01645604
01645615
01645680
01645682
01645683
01645694
01645721
01645732
01645734
01645735
01645753
01645775
01645825
01645826
01645827
01645828
01645833
01645918
01645933
01645948
01645987
01645992
01646098
01646103
01646185
01646199
01646202
01646234
01646260
01646286
01646289
01646303
01646306
01646311
01646349
01646350
01646357
01646374
01646387
01646399
01646428
01646432
01646511
01646520
01646522
01646535
01646540
01646551
01646571
01646610
01646633
01646644
01646666
01646690
01646696
01646701
01646738
01646740
01646742
01646745
01646759
01646767
01646785
01646793
01646794
01646816
01646818
01646835
01646836
01646837
01646843
01646857
01646911
01646922
01646924
01646965
01646973
01647002
01647024
01647025
01647028
01647030
01647033
01647041
01647054
01647060
01647062
01647079
01647101
01647112
01647221
01647234
01647240
01647245
01647246
01647252
01647290
01647313
01647315
01647323
01647376
01647377
01647378
01647380
01647425
01647448
01647460
01647465
01647466
01647502
01647514
01647516
01647517
01647520
01647533
01647542
01647546
01647548
01647562
01647572
01647578
01647629
01647638
01647647
01647675
01647678
01647691
01647696
01647710
01647717
01647722
01647729
01647732
01647733
01647736
01647747
01647769
01647776
01647780
01647781
01647786
01647804
01647815
01647831
01647837
01647844
01647862
01647871
01647885
01647890
01647891
01647892
01647919
01647923
01647950
01647955
01647961
01647985
01647987
01648050
01648078
01648090
01648102
01648105
01648145
01648171
01648172
01648197
01648218
01648230
01648250
01648253
01648262
01648267
01648272
01648277
01648278
01648280
01648297
01648298
01648313
01648324
01648328
01648331
01648360
01648368
01648413
01648419
01648424
01648518
01648528
01648543
01648561
01648563
01648565
01648597
01648625
01648648
01648666
01648676
01648685
01648694
01648695
01648709
01648731
01648838
01648852
01648909
01649015
01649044
01649071
01649092
01649106
01649136
01649165
01649265
01649306
01649341
01649350
01649362
01649389
01649399
01649406
01649414
01649417
01649440
01649450
01649474
01649482
01649494
01649498
01649510
01649512
01649531
01649535
01649554
01649557
01649558
01649559
01649575
01649580
01649581
01649585
01649604
01649606
01649607
01649628
01649632
01649633
01649643
01649649
01649653
01649660
01649662
01649679
01649693
01649694
01649708
01649711
01649785
01649791
01649793
01649824
01649827
01649832
01649867
01649873
01649876
01649928
01649929
01649952
01649954
01649956
01650014
01650017
01650026
01650028
01650029
01650030
01650031
01650112
01650192
01650221
01650226
01650285
01650290
01650296
01650303
01650330
01650368
01650374
01650389
01650398
01650410
01650420
01650421
01650469
01650501
01650513
01650514
01650519
01650534
01650540
01650548
01650555
01650571
01650583
01650585
01650589
01650619
01650673
01650676
01650683
01650688
01650695
01650711
01650713
01650714
01650729
01650798
01650802
01650803
01650804
01650807
01650816
01650820
01650841
01650845
01650858
01650866
01650895
01650936
01650941
01650945
01650947
01650954
01650979
01650987
01650994
01651041
01651054
01651060
01651076
01651102
01651123
01651130
01651174
01651250
01651296
01651303
01651309
01651340
01651369
01651371
01651393
01651396
01651409
01651411
01651424
01651488
01651500
01651506
01651533
01651597
01651603
01651615
01651643
01651673
01651733
01651741
01651766
01651768
01651771
01651782
01651823
01651837
01651859
01651866
01651869
01651873
01651874
01651885
01651887
01651889
01651890
01651898
01651901
01651903
01651919
01651935
01651955
01651966
01651980
01651988
01652000
01652010
01652011
01652024
01652037
01652045
01652047
01652048
01652063
01652064
01652076
01652095
01652103
01652124
01652135
01652141
01652158
01652163
01652185
01652205
01652210
01652216
01652234
01652239
01652240
01652241
01652279
01652287
01652288
01652323
01652343
01652374
01652384
01652385
01652387
01652408
01652423
01652465
01652468
01652473
01652502
01652519
01652523
01652553
01652561
01652563
01652584
01652587
01652614
01652618
01652621
01652622
01652637
01652647
01652652
01652697
01652706
01652713
01652726
01652732
01652734
01652749
01652750
01652756
01652775
01652776
01652785
01652786
01652791
01652792
01652802
01652810
01652819
01652829
01652848
01652875
01652877
01652885
01652894
01652910
01652930
01652961
01652977
01652989
01652994
01652995
01653018
01653032
01653038
01653048
01653062
01653064
01653069
01653091
01653097
01653114
01653119
01653136
01653139
01653162
01653189
01653197
01653204
01653219
01653229
01653232
01653237
01653291
01653292
01653303
01653318
01653336
01653345
01653394
01653400
01653431
01653445
01653454
01653463
01653464
01653465
01653483
01653485
01653487
01653489
01653490
01653496
01653500
01653504
01653508
01653513
01653552
01653553
01653554
01653555
01653556
01653561
01653562
01653563
01653566
01653646
01653724
01653803
01653814
01653827
01653834
01653864
01653904
01653920
01653921
01653969
01654095
01654097
01654105
01654115
01654138
01654144
01654214
01654215
01654232
01654276
01654277
01654279
01654289
01654291
01654302
01654313
01654350
01654351
01654373
01654411
01654431
01654454
01654456
01654471
01654512
01654513
01654531
01654535
01654548
01654565
01654585
01654586
01654589
01654631
01654650
01654669
01654680
01654691
01654700
01654715
01654717
01654722
01654724
01654735
01654740
01654745
01654749
01654764
01654765
01654772
01654776
01654777
01654793
01654794
01654800
01654811
01654813
01654822
01654854
01654858
01654866
01654892
01654902
01654910
01654912
01654915
01654919
01654924
01654933
01654945
01654951
01654955
01654968
01654972
01654975
01655008
01655022
01655046
01655049
01655064
01655138
01655204
01655223
01655224
01655251
01655268
01655278
01655294
01655310
01655314
01655347
01655355
01655369
01655389
01655402
01655403
01655416
01655423
01655430
01655434
01655452
01655460
01655471
01655477
01655485
01655495
01655499
01655518
01655524
01655534
01655540
01655571
01655574
01655602
01655606
01655607
01655629
01655631
01655649
01655654
01655681
01655690
01655692
01655723
01655739
01655741
01655742
01655749
01655773
01655779
01655809
01655831
01655840
01655841
01655868
01655869
01655871
01655899
01655911
01655947
01655986
01655995
01655999
01656000
01656019
01656032
01656037
01656071
01656101
01656136
01656140
01656165
01656173
01656207
01656217
01656235
01656246
01656263
01656296
01656298
01656301
01656303
01656309
01656423
01656438
01656449
01656456
01656458
01656459
01656487
01656508
01656509
01656563
01656589
01656603
01656614
01656620
01656702
01656783
01656797
01656837
01656899
01656911
01656929
01656937
01656952
01656971
01657048
01657050
01657073
01657090
01657123
01657164
01657176
01657211
01657219
01657228
01657239
01657269
01657276
01657287
01657288
01657290
01657298
01657299
01657318
01657321
01657327
01657333
01657360
01657366
01657376
01657388
01657393
01657395
01657420
01657444
01657454
01657459
01657464
01657465
01657467
01657487
01657501
01657533
01657548
01657549
01657550
01657551
01657564
01657570
01657575
01657582
01657592
01657604
01657632
01657663
01657667
01657678
01657680
01657699
01657709
01657710
01657715
01657720
01657767
01657796
01657884
01657885
01657941
01657956
01657963
01658009
01658026
01658030
01658038
01658074
01658127
01658187
01658196
01658209
01658220
01658259
01658262
01658265
01658268
01658272
01658273
01658277
01658280
01658301
01658350
01658355
01658368
01658369
01658378
01658380
01658385
01658386
01658395
01658397
01658400
01658408
01658410
01658425
01658426
01658428
01658434
01658435
01658443
01658448
01658450
01658477
01658482
01658509
01658516
01658541
01658546
01658548
01658553
01658570
01658576
01658587
01658600
01658601
01658618
01658629
01658689
01658698
01658725
01658728
01658731
01658732
01658767
01658783
01658785
01658792
01658813
01658815
01658816
01658857
01658858
01658871
01658873
01658874
01658881
01658884
01658898
01658996
01659023
01659027
01659065
01659079
01659117
01659118
01659133
01659154
01659158
01659175
01659176
01659185
01659214
01659273
01659300
01659315
01659329
01659342
01659343
01659346
01659347
01659352
01659404
01659457
01659464
01659471
01659492
01659547
01659562
01659622
01659651
01659680
01659702
01659722
01659731
01659770
01659778
01659824
01659894
01659904
01659934
01659936
01659954
01659958
01659969
01660009
01660028
01660063
01660087
01660106
01660122
01660125
01660127
01660132
01660197
01660201
01660206
01660207
01660208
01660210
01660221
01660235
01660249
01660254
01660257
01660295
01660310
01660311
01660323
01660324
01660347
01660349
01660361
01660369
01660384
01660409
01660419
01660420
01660429
01660431
01660436
01660443
01660453
01660456
01660462
01660463
01660479
01660496
01660526
01660531
01660538
01660551
01660558
01660563
01660567
01660568
01660569
01660573
01660579
01660582
01660589
01660626
01660641
01660648
01660650
01660658
01660700
01660704
01660707
01660745
01660754
01660760
01660789
01660812
01660823
01660824
01660857
01660872
01660883
01660911
01660920
01660938
01660950
01660977
01660991
01660995
01661008
01661010
01661038
01661039
01661106
01661133
01661162
01661163
01661227
01661229
01661243
01661251
01661257
01661288
01661293
01661296
01661304
01661321
01661335
01661353
01661356
01661370
01661387
01661391
01661398
01661402
01661409
01661414
01661453
01661457
01661462
01661466
01661472
01661477
01661482
01661489
01661496
01661497
01661498
01661520
01661547
01661551
01661556
01661561
01661566
01661579
01661585
01661587
01661598
01661633
01661641
01661669
01661671
01661677
01661685
01661686
01661691
01661693
01661698
01661706
01661708
01661724
01661731
01661761
01661770
01661781
01661796
01661798
01661844
01661866
01661890
01661891
01661899
01661919
01661936
01661995
01662001
01662002
01662030
01662032
01662035
01662048
01662058
01662066
01662088
01662090
01662109
01662130
01662131
01662170
01662172
01662197
01662257
01662258
01662276
01662297
01662301
01662327
01662333
01662334
01662335
01662367
01662369
01662383
01662419
01662428
01662539
01662540
01662564
01662571
01662579
01662606
01662627
01662634
01662653
01662668
01662711
01662738
01662763
01662843
01662876
01662919
01662920
01662929
01662931
01662934
01662943
01662966
01662968
01663053
01663057
01663061
01663062
01663063
01663081
01663082
01663086
01663091
01663104
01663124
01663157
01663175
01663177
01663190
01663196
01663203
01663210
01663219
01663223
01663232
01663235
01663236
01663237
01663244
01663250
01663262
01663268
01663272
01663280
01663281
01663288
01663293
01663297
01663298
01663306
01663307
01663314
01663322
01663327
01663340
01663358
01663369
01663389
01663407
01663418
01663440
01663443
01663449
01663467
01663488
01663489
01663520
01663566
01663574
01663593
01663597
01663605
01663607
01663650
01663652
01663680
01663690
01663704
01663726
01663733
01663781
01663791
01663800
01663825
01663830
01663841
01663864
01663895
01663900
01663919
01663920
01663989
01663991
01664002
01664003
01664015
01664036
01664042
01664043
01664054
01664067
01664078
01664080
01664082
01664098
01664099
01664103
01664110
01664113
01664125
01664126
01664136
01664157
01664160
01664166
01664173
01664199
01664205
01664208
01664233
01664263
01664264
01664289
01664294
01664309
01664321
01664324
01664335
01664385
01664394
01664432
01664457
01664459
01664480
01664496
01664504
01664515
01664521
01664523
01664525
01664527
01664529
01664539
01664583
01664594
01664615
01664625
01664628
01664635
01664636
01664642
01664648
01664653
01664682
01664703
01664704
01664705
01664710
01664716
01664741
01664759
01664761
01664770
01664807
01664818
01664821
01664830
01664832
01664847
01664862
01664864
01664883
01664887
01664926
01664943
01664948
01664952
01664975
01664980
01664983
01664986
01665095
01665104
01665124
01665128
01665160
01665185
01665218
01665278
01665346
01665371
01665384
01665385
01665437
01665459
01665476
01665479
01665486
01665492
01665496
01665499
01665621
01665622
01665629
01665634
01665648
01665662
01665664
01665712
01665762
01665779
01665781
01665798
01665805
01665853
01665856
01665860
01665872
01665884
01665890
01665898
01665907
01665930
01665947
01665948
01665957
01665967
01665972
01665982
01666017
01666020
01666022
01666029
01666035
01666056
01666129
01666142
01666177
01666210
01666211
01666237
01666238
01666257
01666410
01666422
01666431
01666432
01666435
01666440
01666469
01666493
01666553
01666558
01666608
01666630
01666657
01666658
01666669
01666678
01666680
01666706
01666707
01666708
01666711
01666712
01666720
01666728
01666741
01666748
01666752
01666765
01666775
01666783
01666805
01666840
01666868
01666872
01666880
01666892
01666901
01666903
01666914
01666917
01666918
01666941
01666945
01666954
01666974
01666979
01667003
01667032
01667041
01667045
01667054
01667057
01667063
01667070
01667096
01667114
01667165
01667167
01667168
01667223
01667227
01667228
01667231
01667236
01667252
01667344
01667370
01667374
01667385
01667395
01667396
01667407
01667412
01667415
01667426
01667443
01667448
01667455
01667460
01667467
01667475
01667478
01667509
01667511
01667567
01667569
01667570
01667571
01667572
01667597
01667640
01667670
01667691
01667693
01667740
01667745
01667771
01667804
01667839
01667875
01667893
01667900
01667927
01667928
01667943
01667964
01668023
01668063
01668117
01668119
01668130
01668150
01668163
01668214
01668215
01668216
01668217
01668219
01668228
01668251
01668277
01668329
01668337
01668338
01668343
01668345
01668348
01668354
01668365
01668368
01668386
01668397
01668412
01668421
01668430
01668436
01668455
01668465
01668473
01668482
01668485
01668490
01668496
01668507
01668521
01668527
01668533
01668548
01668549
01668588
01668592
01668595
01668601
01668622
01668627
01668628
01668637
01668644
01668645
01668647
01668649
01668674
01668682
01668684
01668722
01668723
01668726
01668729
01668730
01668753
01668770
01668779
01668781
01668792
01668814
01668823
01668835
01668851
01668852
01668855
01668863
01668873
01668879
01668895
01668962
01668963
01668964
01668965
01668966
01668978
01668993
01669015
01669016
01669023
01669026
01669056
01669077
01669078
01669080
01669081
01669082
01669118
01669136
01669179
01669189
01669190
01669217
01669232
01669233
01669275
01669283
01669286
01669289
01669297
01669306
01669311
01669313
01669319
01669330
01669339
01669347
01669350
01669354
01669361
01669367
01669368
01669370
01669371
01669395
01669397
01669400
01669412
01669498
01669499
01669504
01669513
01669538
01669556
01669563
01669582
01669606
01669616
01669639
01669653
01669657
01669697
01669712
01669716
01669718
01669753
01669757
01669790
01669815
01669822
01669823
01669826
01669848
01669857
01669858
01669859
01669861
01669865
01669873
01669884
01669886
01669902
01669932
01669945
01669948
01669977
01669983
01669984
01669990
01670020
01670029
01670040
01670076
01670078
01670080
01670084
01670091
01670168
01670176
01670204
01670224
01670225
01670250
01670257
01670264
01670286
01670314
01670332
01670424
01670441
01670457
01670476
01670547
01670562
01670571
01670572
01670639
01670691
01670752
01670755
01670782
01670863
01670882
01670895
01670896
01670902
01670908
01670952
01670986
01670990
01670991
01670994
01670995
01670998
01671001
01671002
01671007
01671009
01671025
01671028
01671030
01671035
01671036
01671064
01671065
01671083
01671098
01671099
01671119
01671125
01671128
01671156
01671158
01671173
01671179
01671183
01671189
01671190
01671194
01671222
01671234
01671236
01671287
01671290
01671295
01671296
01671316
01671346
01671351
01671367
01671370
01671385
01671411
01671449
01671491
01671501
01671538
01671542
01671544
01671563
01671564
01671565
01671593
01671683
01671684
01671704
01671725
01671740
01671788
01671793
01671808
01671809
01671828
01671832
01671850
01671883
01671899
01671916
01671921
01671931
01671944
01671945
01671946
01671951
01671961
01671976
01671979
01672017
01672035
01672043
01672044
01672045
01672046
01672060
01672070
01672078
01672090
01672112
01672122
01672126
01672135
01672157
01672160
01672161
01672196
01672222
01672240
01672301
01672309
01672310
01672312
01672340
01672341
01672351
01672356
01672357
01672399
01672422
01672429
01672465
01672467
01672477
01672536
01672540
01672556
01672563
01672570
01672590
01672614
01672633
01672637
01672656
01672662
01672721
01672791
01672826
01672930
01672933
01672958
01672980
01672985
01673007
01673070
01673087
01673152
01673178
01673185
01673195
01673200
01673300
01673320
01673335
01673386
01673394
01673395
01673423
01673441
01673444
01673487
01673536
01673583
01673586
01673592
01673596
01673600
01673605
01673630
01673637
01673638
01673639
01673642
01673650
01673655
01673659
01673660
01673676
01673687
01673689
01673699
01673710
01673722
01673729
01673735
01673740
01673751
01673752
01673758
01673768
01673797
01673813
01673822
01673824
01673828
01673834
01673837
01673852
01673864
01673867
01673874
01673900
01673921
01673933
01673935
01673946
01673950
01673951
01673956
01673997
01674002
01674004
01674008
01674018
01674020
01674022
01674033
01674059
01674085
01674089
01674092
01674104
01674110
01674138
01674141
01674157
01674159
01674167
01674237
01674244
01674246
01674260
01674270
01674273
01674293
01674299
01674302
01674306
01674334
01674335
01674444
01674477
01674499
01674520
01674546
01674554
01674555
01674578
01674581
01674614
01674621
01674622
01674638
01674639
01674644
01674655
01674659
01674663
01674680
01674683
01674684
01674688
01674689
01674764
01674769
01674776
01674784
01674801
01674802
01674803
01674858
01674862
01674872
01674879
01674896
01674897
01674947
01674956
01674964
01674965
01674978
01674980
01674993
01675050
01675055
01675058
01675070
01675073
01675131
01675143
01675158
01675168
01675172
01675190
01675197
01675210
01675213
01675217
01675218
01675222
01675223
01675226
01675238
01675241
01675267
01675295
01675306
01675307
01675314
01675315
01675331
01675342
01675345
01675362
01675369
01675385
01675387
01675396
01675399
01675407
01675423
01675424
01675444
01675464
01675471
01675497
01675532
01675562
01675572
01675617
01675644
01675664
01675721
01675803
01675813
01675835
01675905
01675928
01675956
01675987
01676001
01676050
01676053
01676054
01676125
01676133
01676134
01676137
01676155
01676167
01676202
01676212
01676216
01676242
01676272
01676277
01676286
01676287
01676299
01676304
01676315
01676316
01676329
01676330
01676345
01676358
01676368
01676380
01676392
01676393
01676405
01676428
01676430
01676431
01676436
01676439
01676446
01676447
01676475
01676476
01676497
01676518
01676530
01676532
01676540
01676547
01676554
01676569
01676575
01676582
01676586
01676604
01676605
01676633
01676689
01676695
01676696
01676712
01676718
01676749
01676751
01676786
01676794
01676795
01676812
01676818
01676820
01676827
01676845
01676847
01676852
01676853
01676877
01676895
01676939
01676975
01676978
01676989
01676999
01677020
01677022
01677023
01677045
01677086
01677093
01677102
01677104
01677147
01677158
01677162
01677168
01677169
01677189
01677195
01677199
01677218
01677220
01677221
01677230
01677236
01677260
01677291
01677318
01677319
01677328
01677335
01677336
01677338
01677342
01677344
01677376
01677386
01677390
01677419
01677420
01677433
01677435
01677439
01677440
01677456
01677468
01677477
01677478
01677522
01677577
01677585
01677587
01677592
01677594
01677595
01677598
01677626
01677644
01677660
01677676
01677723
01677724
01677728
01677766
01677774
01677785
01677836
01677841
01677851
01677853
01677857
01677871
01677879
01677899
01677906
01677940
01678006
01678015
01678020
01678030
01678039
01678059
01678072
01678085
01678103
01678106
01678109
01678112
01678132
01678150
01678154
01678187
01678188
01678231
01678258
01678291
01678320
01678380
01678410
01678432
01678433
01678472
01678498
01678523
01678551
01678566
01678570
01678580
01678625
01678644
01678657
01678676
01678681
01678719
01678720
01678723
01678741
01678788
01678796
01678852
01678873
01678963
01678964
01678986
01679018
01679019
01679024
01679057
01679089
01679112
01679133
01679149
01679162
01679170
01679247
01679271
01679284
01679296
01679328
01679346
01679349
01679363
01679365
01679372
01679384
01679387
01679398
01679408
01679432
01679441
01679526
01679534
01679535
01679536
01679541
01679544
01679557
01679561
01679592
01679599
01679607
01679614
01679615
01679621
01679625
01679691
01679700
01679702
01679707
01679708
01679762
01679818
01679821
01679853
01679858
01679880
01679898
01679899
01679918
01679933
01679995
01679998
01680035
01680069
01680096
01680104
01680110
01680116
01680117
01680120
01680121
01680122
01680127
01680148
01680155
01680163
01680171
01680180
01680200
01680207
01680221
01680247
01680250
01680264
01680271
01680279
01680280
01680293
01680295
01680303
01680310
01680328
01680329
01680330
01680331
01680355
01680362
01680387
01680389
01680391
01680423
01680425
01680430
01680431
01680437
01680451
01680471
01680481
01680484
01680488
01680493
01680525
01680536
01680571
01680575
01680586
01680589
01680613
01680648
01680649
01680655
01680657
01680658
01680679
01680684
01680711
01680728
01680731
01680743
01680745
01680746
01680760
01680798
01680812
01680815
01680829
01680858
01680870
01680885
01680892
01680913
01680929
01680950
01680958
01680989
01681019
01681074
01681095
01681103
01681104
01681113
01681158
01681163
01681175
01681187
01681198
01681218
01681240
01681263
01681323
01681358
01681371
01681410
01681453
01681461
01681466
01681481
01681513
01681514
01681565
01681646
01681648
01681651
01681660
01681676
01681723
01681748
01681768
01681774
01681803
01681804
01681816
01681820
01681831
01681833
01681836
01681857
01681865
01681872
01681882
01681886
01681911
01681926
01681932
01681961
01681963
01681965
01681970
01681971
01681988
01681997
01682021
01682034
01682047
01682068
01682075
01682079
01682123
01682130
01682135
01682142
01682162
01682168
01682182
01682190
01682197
01682205
01682224
01682227
01682236
01682249
01682290
01682352
01682392
01682413
01682428
01682435
01682453
01682480
01682499
01682523
01682534
01682540
01682551
01682571
01682576
01682582
01682585
01682588
01682594
01682597
01682614
01682620
01682631
01682635
01682650
01682688
01682709
01682711
01682712
01682713
01682719
01682729
01682730
01682731
01682732
01682733
01682734
01682735
01682736
01682737
01682738
01682739
01682740
01682778
01682779
01682787
01682797
01682798
01682804
01682805
01682814
01682817
01682821
01682823
01682831
01682833
01682856
01682859
01682874
01682883
01682919
01682944
01683001
01683010
01683012
01683013
01683058
01683085
01683102
01683121
01683126
01683130
01683144
01683156
01683160
01683197
01683201
01683208
01683210
01683219
01683227
01683241
01683293
01683321
01683326
01683341
01683374
01683415
01683419
01683433
01683447
01683478
01683541
01683606
01683608
01683616
01683633
01683653
01683680
01683701
01683712
01683765
01683836
01683926
01683936
01683955
01683956
01683965
01684011
01684031
01684032
01684033
01684046
01684047
01684159
01684181
01684201
01684204
01684307
01684308
01684399
01684421
01684505
01684561
01684576
01684580
01684583
01684593
01684600
01684607
01684608
01684624
01684625
01684627
01684630
01684632
01684634
01684642
01684643
01684668
01684695
01684698
01684699
01684700
01684701
01684708
01684718
01684754
01684763
01684774
01684779
01684780
01684796
01684808
01684811
01684836
01684854
01684865
01684868
01684869
01684892
01684893
01684896
01684928
01684986
01684989
01684999
01685004
01685022
01685055
01685066
01685069
01685071
01685105
01685115
01685126
01685127
01685141
01685148
01685156
01685233
01685252
01685272
01685279
01685299
01685300
01685302
01685313
01685351
01685352
01685353
01685379
01685385
01685422
01685427
01685438
01685448
01685501
01685509
01685511
01685514
01685518
01685542
01685563
01685566
01685585
01685586
01685607
01685640
01685647
01685659
01685669
01685672
01685673
01685674
01685687
01685688
01685695
01685699
01685705
01685715
01685723
01685726
01685730
01685761
01685763
01685784
01685785
01685790
01685791
01685792
01685793
01685805
01685819
01685828
01685845
01685876
01685883
01685885
01685905
01685906
01685918
01685924
01685932
01685933
01685934
01685957
01685965
01685985
01685995
01685996
01686038
01686050
01686052
01686057
01686058
01686059
01686065
01686086
01686115
01686121
01686149
01686166
01686185
01686198
01686221
01686224
01686227
01686230
01686231
01686252
01686254
01686255
01686258
01686259
01686260
01686261
01686262
01686317
01686321
01686322
01686331
01686378
01686403
01686406
01686422
01686424
01686434
01686458
01686490
01686491
01686533
01686534
01686541
01686575
01686586
01686596
01686619
01686654
01686680
01686683
01686740
01686749
01686764
01686839
01686908
01686928
01686946
01686953
01686959
01687005
01687055
01687082
01687113
01687283
01687284
01687303
01687480
01687497
01687563
01687580
01687581
01687700
01687705
01687732
01687733
01687759
01687764
01687791
01687792
01687831
01687832
01687843
01687849
01687857
01687888
01687970
01687983
01688020
01688021
01688036
01688039
01688058
01688078
01688112
01688118
01688127
01688159
01688172
01688211
01688217
01688221
01688232
01688233
01688246
01688269
01688282
01688293
01688294
01688336
01688347
01688362
01688375
01688449
01688594
01688608
01688631
01688644
01688659
01688675
01688687
01688695
01688717
01688725
01688741
01688746
01688751
01688757
01688758
01688763
01688771
01688780
01688790
01688812
01688829
01688840
01688841
01688858
01688871
01688884
01688896
01688912
01688917
01688927
01688962
01688971
01688973
01689005
01689012
01689013
01689018
01689019
01689034
01689093
01689113
01689122
01689126
01689129
01689135
01689150
01689166
01689167
01689169
01689176
01689190
01689197
01689198
01689210
01689213
01689233
01689254
01689268
01689271
01689276
01689279
01689299
01689300
01689301
01689302
01689303
01689304
01689307
01689312
01689316
01689323
01689348
01689351
01689366
01689390
01689422
01689440
01689450
01689503
01689540
01689553
01689562
01689572
01689602
01689644
01689655
01689663
01689690
01689701
01689741
01689750
01689758
01689797
01689807
01689818
01689819
01689837
01689884
01689952
01689969
01690021
01690030
01690059
01690078
01690106
01690110
01690175
01690228
01690289
01690295
01690307
01690342
01690361
01690363
01690371
01690444
01690511
01690528
01690540
01690553
01690611
01690612
01690632
01690636
01690638
01690679
01690715
01690734
01690737
01690747
01690748
01690778
01690790
01690795
01690802
01690818
01690822
01690835
01690836
01690856
01690888
01690903
01690904
01690922
01690945
01690947
01690958
01690965
01690999
01691027
01691029
01691031
01691034
01691118
01691120
01691121
01691122
01691136
01691187
01691213
01691238
01691248
01691257
01691262
01691269
01691275
01691278
01691279
01691323
01691332
01691333
01691336
01691351
01691357
01691370
01691376
01691377
01691382
01691394
01691428
01691438
01691442
01691446
01691456
01691465
01691516
01691533
01691574
01691576
01691577
01691611
01691624
01691632
01691644
01691655
01691673
01691705
01691706
01691707
01691751
01691772
01691780
01691788
01691793
01691794
01691815
01691843
01691844
01691849
01691851
01691944
01691947
01691968
01691976
01691984
01691988
01692011
01692053
01692099
01692100
01692101
01692103
01692104
01692112
01692138
01692179
01692185
01692192
01692212
01692226
01692242
01692246
01692255
01692258
01692268
01692284
01692289
01692292
01692299
01692303
01692306
01692313
01692328
01692359
01692367
01692391
01692408
01692452
01692453
01692454
01692532
01692535
01692577
01692586
01692588
01692636
01692646
01692653
01692689
01692702
01692768
01692770
01692790
01692809
01692827
01692853
01692872
01692899
01692911
01692917
01692929
01692962
01692996
01693020
01693042
01693048
01693058
01693059
01693083
01693096
01693116
01693131
01693156
01693170
01693175
01693188
01693189
01693190
01693193
01693208
01693212
01693218
01693229
01693256
01693257
01693259
01693263
01693264
01693265
01693266
01693276
01693291
01693292
01693317
01693318
01693319
01693351
01693354
01693381
01693390
01693413
01693429
01693450
01693455
01693461
01693470
01693471
01693484
01693506
01693513
01693531
01693563
01693565
01693572
01693609
01693617
01693665
01693667
01693672
01693681
01693723
01693734
01693790
01693791
01693912
01693961
01693984
01693988
01694001
01694008
01694010
01694012
01694025
01694028
01694037
01694042
01694043
01694048
01694055
01694068
01694081
01694084
01694088
01694096
01694120
01694156
01694214
01694237
01694260
01694298
01694310
01694313
01694340
01694357
01694358
01694360
01694364
01694369
01694384
01694385
01694386
01694388
01694393
01694401
01694430
01694431
01694438
01694462
01694463
01694467
01694476
01694477
01694500
01694501
01694515
01694528
01694546
01694556
01694588
01694600
01694619
01694626
01694628
01694644
01694683
01694709
01694718
01694722
01694733
01694765
01694766
01694789
01694824
01694917
01694931
01695040
01695079
01695088
01695168
01695204
01695229
01695239
01695240
01695241
01695242
01695254
01695285
01695306
01695388
01695440
01695444
01695500
01695562
01695587
01695599
01695635
01695728
01695734
01695735
01695743
01695788
01695797
01695808
01695824
01695832
01695842
01695852
01695870
01695889
01695898
01695944
01695980
01695982
01695984
01695991
01695993
01696012
01696028
01696056
01696067
01696069
01696085
01696090
01696109
01696133
01696159
01696182
01696193
01696242
01696294
01696298
01696321
01696324
01696325
01696326
01696327
01696340
01696341
01696360
01696377
01696389
01696390
01696391
01696395
01696425
01696438
01696439
01696451
01696475
01696521
01696523
01696532
01696539
01696549
01696553
01696556
01696571
01696574
01696588
01696593
01696594
01696607
01696609
01696618
01696619
01696632
01696633
01696639
01696643
01696646
01696654
01696658
01696700
01696705
01696734
01696736
01696760
01696776
01696777
01696783
01696784
01696803
01696806
01696820
01696839
01696852
01696853
01696855
01696863
01696951
01696969
01696979
01697003
01697008
01697036
01697054
01697056
01697069
01697073
01697090
01697124
01697127
01697129
01697183
01697193
01697195
01697229
01697237
01697251
01697267
01697272
01697432
01697444
01697465
01697466
01697567
01697572
01697582
01697639
01697640
01697642
01697643
01697660
01697672
01697677
01697683
01697706
01697708
01697711
01697715
01697725
01697729
01697731
01697732
01697748
01697749
01697771
01697772
01697782
01697797
01697800
01697822
01697839
01697840
01697875
01697881
01697972
01698025
01698026
01698027
01698062
01698064
01698065
01698069
01698072
01698073
01698080
01698109
01698138
01698141
01698142
01698163
01698171
01698172
01698173
01698184
01698208
01698215
01698252
01698254
01698255
01698267
01698273
01698286
01698310
01698318
01698368
01698407
01698409
01698449
01698456
01698457
01698465
01698505
01698517
01698548
01698549
01698550
01698564
01698589
01698650
01698651
01698654
01698669
01698693
01698716
01698789
01698802
01698808
01698912
01698916
01698923
01698931
01698952
01698964
01698974
01698976
01699041
01699127
01699133
01699208
01699233
01699250
01699254
01699267
01699269
01699282
01699283
01699336
01699342
01699348
01699351
01699357
01699359
01699402
01699424
01699437
01699439
01699445
01699446
01699449
01699450
01699462
01699516
01699525
01699551
01699552
01699587
01699591
01699621
01699625
01699635
01699638
01699651
01699655
01699658
01699661
01699684
01699685
01699708
01699714
01699730
01699735
01699768
01699789
01699791
01699808
01699844
01699892
01699911
01699917
01699929
01699934
01699937
01699948
01699953
01699969
01699991
01700018
01700020
01700029
01700034
01700036
01700058
01700065
01700066
01700083
01700086
01700130
01700148
01700184
01700191
01700224
01700238
01700382
01700478
01700515
01700531
01700534
01700535
01700536
01700539
01700540
01700543
01700551
01700566
01700573
01700574
01700580
01700581
01700595
01700645
01700650
01700654
01700655
01700657
01700668
01700677
01700687
01700705
01700712
01700732
01700749
01700768
01700778
01700796
01700798
01700825
01700828
01700837
01700854
01700857
01700859
01700867
01700876
01700877
01700893
01700903
01700937
01700939
01700942
01700949
01700953
01700964
01700987
01700988
01701001
01701002
01701012
01701017
01701027
01701045
01701051
01701074
01701089
01701090
01701101
01701136
01701154
01701157
01701178
01701183
01701204
01701233
01701239
01701275
01701276
01701332
01701355
01701376
01701377
01701380
01701418
01701420
01701428
01701444
01701449
01701450
01701480
01701500
01701513
01701547
01701594
01701639
01701646
01701688
01701731
01701769
01701790
01701795
01701826
01701857
01701858
01701868
01701870
01701878
01701897
01701948
01702001
01702015
01702023
01702048
01702097
01702131
01702164
01702172
01702241
01702246
01702249
01702256
01702269
01702302
01702429
01702440
01702441
01702453
01702494
01702501
01702522
01702537
01702538
01702546
01702557
01702573
01702574
01702575
01702585
01702624
01702634
01702640
01702698
01702699
01702708
01702731
01702741
01702757
01702804
01702805
01702809
01702823
01702832
01702854
01702860
01702905
01702907
01702922
01702938
01702941
01702944
01702982
01703003
01703048
01703049
01703120
01703208
01703212
01703223
01703246
01703282
01703284
01703326
01703387
01703388
01703389
01703392
01703397
01703398
01703478
01703495
01703503
01703509
01703521
01703523
01703526
01703544
01703548
01703552
01703558
01703570
01703574
01703580
01703584
01703586
01703630
01703632
01703633
01703638
01703664
01703670
01703678
01703683
01703689
01703732
01703774
01703800
01703839
01703849
01703850
01703851
01703860
01703862
01703882
01703886
01703894
01703895
01703933
01703934
01703935
01703949
01703950
01703964
01703967
01703968
01703994
01704015
01704018
01704045
01704051
01704053
01704071
01704080
01704083
01704107
01704141
01704144
01704149
01704150
01704154
01704158
01704172
01704190
01704206
01704209
01704210
01704243
01704246
01704262
01704269
01704308
01704321
01704334
01704335
01704338
01704359
01704362
01704415
01704489
01704528
01704529
01704557
01704579
01704608
01704636
01704668
01704672
01704673
01704674
01704728
01704739
01704761
01704762
01704780
01704843
01704896
01704984
01704998
01705001
01705066
01705076
01705101
01705135
01705136
01705137
01705147
01705186
01705187
01705195
01705201
01705223
01705228
01705234
01705242
01705243
01705244
01705251
01705252
01705253
01705256
01705262
01705263
01705268
01705270
01705308
01705310
01705328
01705333
01705355
01705361
01705370
01705371
01705372
01705382
01705385
01705395
01705396
01705432
01705438
01705448
01705449
01705450
01705457
01705459
01705497
01705505
01705545
01705558
01705570
01705571
01705578
01705579
01705589
01705609
01705624
01705695
01705700
01705769
01705770
01705784
01705785
01705792
01705798
01705807
01705828
01705859
01705868
01705885
01705943
01705975
01705978
01706018
01706020
01706039
01706044
01706050
01706067
01706073
01706075
01706110
01706115
01706118
01706144
01706159
01706169
01706173
01706188
01706196
01706199
01706207
01706215
01706229
01706233
01706234
01706236
01706242
01706270
01706283
01706292
01706304
01706309
01706315
01706320
01706321
01706322
01706326
01706327
01706332
01706371
01706382
01706402
01706408
01706427
01706435
01706488
01706489
01706492
01706497
01706498
01706506
01706564
01706619
01706623
01706642
01706688
01706689
01706690
01706697
01706748
01706749
01706792
01706793
01706820
01706838
01706839
01706966
01706970
01706975
01706985
01707016
01707022
01707063
01707064
01707083
01707151
01707160
01707176
01707195
01707203
01707204
01707228
01707347
01707377
01707410
01707422
01707507
01707534
01707551
01707552
01707554
01707575
01707603
01707617
01707624
01707644
01707653
01707655
01707688
01707690
01707711
01707732
01707760
01707761
01707773
01707775
01707825
01707840
01707849
01707882
01707933
01707945
01707953
01707958
01707959
01707964
01707973
01707982
01707987
01707989
01707990
01707995
01708020
01708021
01708022
01708023
01708047
01708072
01708077
01708105
01708106
01708117
01708118
01708119
01708125
01708144
01708149
01708166
01708205
01708206
01708211
01708273
01708331
01708332
01708337
01708349
01708353
01708369
01708410
01708413
01708416
01708420
01708429
01708435
01708439
01708456
01708457
01708464
01708480
01708493
01708498
01708508
01708511
01708512
01708513
01708519
01708524
01708532
01708533
01708534
01708540
01708547
01708560
01708581
01708583
01708589
01708595
01708600
01708623
01708633
01708653
01708655
01708661
01708671
01708709
01708720
01708761
01708769
01708770
01708777
01708833
01708847
01708848
01708861
01708868
01708873
01708892
01708906
01708911
01708914
01708930
01708945
01708959
01708967
01709002
01709006
01709016
01709022
01709070
01709092
01709108
01709109
01709114
01709124
01709135
01709168
01709199
01709228
01709244
01709254
01709256
01709259
01709260
01709261
01709295
01709304
01709306
01709307
01709308
01709326
01709394
01709395
01709435
01709446
01709447
01709478
01709479
01709517
01709518
01709541
01709544
01709615
01709616
01709620
01709621
01709628
01709631
01709647
01709661
01709772
01709773
01709802
01709813
01709848
01709880
01709881
01709947
01709948
01709979
01709980
01710109
01710138
01710147
01710224
01710229
01710239
01710242
01710244
01710249
01710258
01710309
01710324
01710330
01710333
01710339
01710345
01710346
01710353
01710356
01710359
01710363
01710376
01710380
01710385
01710386
01710415
01710422
01710432
01710449
01710453
01710458
01710494
01710504
01710516
01710517
01710547
01710620
01710640
01710655
01710741
01710756
01710802
01710805
01710846
01710848
01710863
01710887
01710918
01711034
01711050
01711133
01711141
01711153
01711155
01711158
01711179
01711220
01711221
01711234
01711243
01711250
01711253
01711254
01711270
01711281
01711282
01711296
01711299
01711373
01711388
01711397
01711399
01711446
01711451
01711452
01711461
01711472
01711488
01711500
01711508
01711518
01711524
01711525
01711526
01711557
01711564
01711626
01711627
01711630
01711636
01711640
01711658
01711666
01711670
01711671
01711672
01711680
01711723
01711726
01711732
01711737
01711741
01711761
01711782
01711783
01711784
01711824
01711833
01711854
01711858
01711860
01711884
01711895
01711931
01711937
01711956
01711958
01711959
01711960
01712013
01712038
01712079
01712096
01712140
01712142
01712205
01712216
01712315
01712346
01712406
01712412
01712417
01712443
01712490
01712526
01712598
01712599
01712600
01712631
01712694
01712707
01712733
01712734
01712735
01712736
01712778
01712785
01712787
01712796
01712800
01712801
01712802
01712803
01712875
01712899
01712924
01712925
01712926
01712927
01712937
01712959
01712983
01713012
01713013
01713014
01713015
01713020
01713046
01713048
01713203
01713235
01713238
01713239
01713276
01713287
01713356
01713357
01713386
01713409
01713410
01713423
01713460
01713461
01713473
01713477
01713478
01713501
01713506
01713522
01713530
01713536
01713571
01713573
01713574
01713575
01713589
01713591
01713631
01713636
01713654
01713676
01713699
01713700
01713729
01713734
01713743
01713747
01713754
01713756
01713774
01713776
01713779
01713801
01713810
01713832
01713838
01713846
01713852
01713863
01713865
01713866
01713869
01713871
01713960
01713968
01714003
01714006
01714175
01714179
01714183
01714188
01714208
01714213
01714222
01714223
01714265
01714297
01714306
01714323
01714411
01714436
01714462
01714463
01714464
01714470
01714483
01714489
01714496
01714596
01714599
01714600
01714603
01714619
01714642
01714697
01714719
01714756
01714758
01714763
01714802
01714807
01714808
01714809
01714832
01714892
01714966
01714976
01715082
01715147
01715149
01715188
01715209
01715263
01715266
01715275
01715278
01715288
01715292
01715293
01715296
01715297
01715305
01715325
01715354
01715361
01715364
01715371
01715388
01715390
01715403
01715404
01715408
01715415
01715417
01715449
01715456
01715462
01715463
01715475
01715499
01715507
01715512
01715518
01715521
01715522
01715524
01715525
01715526
01715529
01715530
01715532
01715544
01715545
01715588
01715595
01715620
01715624
01715630
01715640
01715659
01715665
01715709
01715737
01715752
01715778
01715779
01715780
01715781
01715782
01715783
01715784
01715802
01715805
01715815
01715827
01715847
01715879
01715912
01715940
01715975
01716022
01716024
01716026
01716039
01716061
01716076
01716079
01716090
01716098
01716102
01716103
01716127
01716129
01716133
01716143
01716150
01716151
01716154
01716168
01716238
01716269
01716271
01716304
01716309
01716322
01716323
01716333
01716341
01716343
01716361
01716362
01716363
01716364
01716365
01716366
01716367
01716368
01716369
01716370
01716405
01716411
01716439
01716452
01716476
01716482
01716510
01716526
01716532
01716533
01716567
01716585
01716598
01716610
01716619
01716673
01716675
01716681
01716692
01716723
01716754
01716792
01716819
01716834
01716836
01716838
01716848
01716850
01716852
01716869
01716877
01716882
01716898
01716905
01716929
01716940
01716959
01716971
01717009
01717041
01717078
01717141
01717144
01717169
01717191
01717220
01717265
01717272
01717312
01717366
01717399
01717413
01717447
01717451
01717539
01717540
01717546
01717550
01717636
01717646
01717674
01717701
01717705
01717706
01717714
01717720
01717742
01717764
01717775
01717784
01717785
01717787
01717795
01717803
01717804
01717811
01717814
01717827
01717829
01717830
01717842
01717847
01717851
01717866
01717881
01717883
01717908
01717915
01717938
01717962
01717963
01718008
01718032
01718043
01718096
01718101
01718127
01718146
01718149
01718158
01718160
01718192
01718229
01718232
01718233
01718236
01718238
01718263
01718272
01718294
01718296
01718320
01718341
01718344
01718434
01718443
01718526
01718531
01718568
01718574
01718580
01718585
01718628
01718653
01718665
01718681
01718682
01718683
01718686
01718687
01718693
01718718
01718720
01718725
01718728
01718750
01718768
01718769
01718770
01718782
01718783
01718795
01718808
01718818
01718819
01718825
01718840
01718851
01718890
01718923
01718924
01718927
01718929
01718938
01718951
01718965
01718976
01718977
01718978
01718988
01718991
01718998
01719018
01719028
01719030
01719040
01719043
01719048
01719054
01719085
01719091
01719093
01719108
01719109
01719111
01719125
01719154
01719163
01719168
01719171
01719174
01719187
01719195
01719196
01719206
01719213
01719217
01719218
01719227
01719240
01719265
01719290
01719293
01719304
01719310
01719342
01719347
01719369
01719374
01719410
01719413
01719416
01719417
01719457
01719485
01719496
01719508
01719509
01719510
01719511
01719525
01719557
01719599
01719617
01719646
01719680
01719723
01719726
01719747
01719798
01719800
01719907
01719939
01720027
01720065
01720087
01720124
01720131
01720145
01720161
01720165
01720166
01720168
01720176
01720209
01720213
01720359
01720368
01720399
01720406
01720418
01720436
01720440
01720456
01720461
01720467
01720476
01720477
01720484
01720486
01720517
01720523
01720531
01720577
01720578
01720604
01720645
01720651
01720653
01720666
01720671
01720702
01720723
01720727
01720738
01720739
01720746
01720800
01720860
01720866
01720904
01720926
01720938
01720947
01720958
01720997
01721013
01721043
01721077
01721085
01721101
01721133
01721144
01721175
01721199
01721220
01721304
01721321
01721323
01721350
01721367
01721382
01721394
01721401
01721412
01721435
01721436
01721442
01721450
01721455
01721456
01721475
01721479
01721481
01721504
01721509
01721518
01721527
01721528
01721542
01721543
01721544
01721564
01721572
01721581
01721603
01721622
01721624
01721627
01721638
01721640
01721680
01721688
01721693
01721696
01721712
01721725
01721743
01721752
01721754
01721755
01721770
01721782
01721821
01721828
01721849
01721853
01721888
01721903
01721938
01721950
01721980
01721998
01722026
01722031
01722046
01722049
01722062
01722105
01722180
01722227
01722229
01722241
01722248
01722255
01722262
01722268
01722277
01722378
01722379
01722392
01722401
01722419
01722432
01722446
01722454
01722462
01722489
01722545
01722556
01722612
01722617
01722623
01722668
01722766
01722768
01722778
01722780
01722842
01722853
01722865
01722967
01722978
01723047
01723049
01723050
01723054
01723088
01723089
01723113
01723148
01723157
01723167
01723179
01723183
01723188
01723192
01723195
01723213
01723215
01723247
01723252
01723253
01723277
01723280
01723293
01723313
01723364
01723385
01723400
01723403
01723433
01723462
01723474
01723476
01723485
01723507
01723514
01723547
01723552
01723582
01723591
01723601
01723610
01723618
01723642
01723660
01723661
01723662
01723663
01723664
01723665
01723676
01723679
01723700
01723708
01723727
01723732
01723737
01723753
01723768
01723796
01723806
01723820
01723824
01723825
01723843
01723849
01723894
01723905
01723920
01723923
01723924
01723925
01723976
01724000
01724009
01724051
01724104
01724130
01724138
01724139
01724142
01724150
01724174
01724175
01724182
01724190
01724191
01724193
01724204
01724205
01724221
01724222
01724239
01724245
01724250
01724255
01724259
01724260
01724264
01724270
01724278
01724279
01724281
01724285
01724288
01724297
01724299
01724314
01724317
01724320
01724369
01724396
01724405
01724406
01724414
01724431
01724437
01724442
01724447
01724450
01724466
01724481
01724484
01724487
01724503
01724508
01724513
01724524
01724532
01724546
01724575
01724578
01724579
01724632
01724642
01724646
01724656
01724657
01724669
01724689
01724695
01724720
01724732
01724750
01724764
01724768
01724773
01724796
01724825
01724826
01724892
01724911
01724912
01724926
01724938
01724941
01724944
01724947
01724948
01724950
01725031
01725038
01725052
01725053
01725136
01725137
01725171
01725242
01725271
01725299
01725308
01725344
01725373
01725418
01725423
01725464
01725567
01725569
01725606
01725641
01725664
01725697
01725756
01725782
01725832
01725833
01725853
01725892
01725927
01725929
01725930
01725955
01725959
01725961
01725975
01725977
01725990
01725992
01726005
01726013
01726031
01726041
01726054
01726069
01726085
01726089
01726091
01726094
01726097
01726115
01726121
01726129
01726130
01726140
01726144
01726146
01726163
01726199
01726201
01726203
01726204
01726217
01726218
01726221
01726232
01726324
01726336
01726339
01726344
01726358
01726367
01726373
01726380
01726414
01726463
01726468
01726472
01726474
01726476
01726481
01726488
01726510
01726578
01726593
01726594
01726595
01726596
01726597
01726598
01726640
01726657
01726676
01726704
01726739
01726743
01726755
01726756
01726758
01726759
01726763
01726764
01726765
01726766
01726782
01726784
01726787
01726798
01726800
01726824
01726837
01726841
01726860
01726870
01726872
01726876
01726879
01726880
01726881
01726889
01726896
01726912
01726924
01726930
01726936
01726940
01726942
01726979
01726996
01726998
01726999
01727008
01727009
01727018
01727040
01727041
01727074
01727093
01727114
01727124
01727171
01727181
01727184
01727278
01727280
01727281
01727282
01727296
01727297
01727326
01727372
01727381
01727398
01727476
01727487
01727550
01727554
01727567
01727584
01727585
01727654
01727798
01727807
01727832
01727848
01727918
01727933
01728003
01728004
01728084
01728149
01728157
01728199
01728200
01728229
01728319
01728329
01728372
01728391
01728393
01728399
01728416
01728449
01728504
01728554
01728556
01728557
01728580
01728582
01728588
01728597
01728598
01728607
01728617
01728637
01728668
01728671
01728673
01728674
01728683
01728684
01728732
01728734
01728746
01728773
01728776
01728788
01728789
01728790
01728791
01728805
01728824
01728857
01728869
01728870
01728897
01728908
01728918
01728919
01728938
01728953
01728959
01728982
01729009
01729049
01729059
01729061
01729136
01729137
01729152
01729153
01729154
01729195
01729201
01729202
01729211
01729228
01729232
01729237
01729240
01729258
01729259
01729260
01729299
01729313
01729327
01729401
01729403
01729412
01729439
01729440
01729441
01729451
01729471
01729490
01729494
01729506
01729514
01729519
01729545
01729556
01729557
01729569
01729611
01729635
01729642
01729659
01729660
01729665
01729678
01729681
01729697
01729711
01729735
01729737
01729738
01729747
01729748
01729751
01729752
01729764
01729765
01729794
01729812
01729815
01729826
01729828
01729830
01729848
01729889
01729916
01729930
01729953
01729968
01729969
01729980
01730024
01730030
01730049
01730069
01730081
01730114
01730126
01730138
01730183
01730238
01730253
01730258
01730280
01730336
01730376
01730446
01730447
01730481
01730500
01730501
01730518
01730529
01730543
01730558
01730644
01730677
01730719
01730826
01730887
01730892
01730984
01731062
01731082
01731136
01731159
01731214
01731220
01731228
01731246
01731267
01731268
01731276
01731282
01731284
01731291
01731293
01731294
01731298
01731302
01731303
01731310
01731327
01731331
01731352
01731363
01731383
01731441
01731447
01731460
01731504
01731505
01731506
01731507
01731508
01731509
01731510
01731511
01731515
01731522
01731527
01731545
01731555
01731556
01731557
01731587
01731590
01731619
01731629
01731660
01731661
01731685
01731686
01731704
01731705
01731711
01731733
01731748
01731779
01731798
01731868
01731881
01731893
01731912
01731917
01731950
01731956
01731975
01731991
01731994
01731995
01731996
01732002
01732009
01732010
01732013
01732020
01732029
01732031
01732040
01732041
01732048
01732050
01732054
01732079
01732082
01732099
01732102
01732105
01732109
01732219
01732224
01732228
01732234
01732242
01732252
01732253
01732254
01732267
01732273
01732275
01732281
01732286
01732304
01732312
01732342
01732359
01732368
01732380
01732381
01732390
01732408
01732415
01732417
01732422
01732423
01732466
01732488
01732494
01732519
01732539
01732549
01732550
01732561
01732624
01732647
01732653
01732661
01732664
01732678
01732681
01732703
01732711
01732713
01732744
01732771
01732809
01732811
01732826
01732893
01732975
01733034
01733035
01733055
01733068
01733069
01733087
01733098
01733116
01733142
01733153
01733165
01733180
01733205
01733279
01733280
01733287
01733343
01733355
01733398
01733401
01733429
01733431
01733440
01733483
01733496
01733499
01733500
01733510
01733512
01733517
01733518
01733554
01733610
01733633
01733636
01733655
01733656
01733668
01733670
01733698
01733699
01733704
01733709
01733720
01733726
01733737
01733740
01733744
01733750
01733754
01733756
01733764
01733766
01733767
01733768
01733772
01733791
01733792
01733809
01733818
01733836
01733849
01733865
01733888
01733891
01733903
01733904
01733945
01733946
01733947
01733949
01733950
01733951
01733959
01733961
01733981
01733987
01734016
01734063
01734089
01734153
01734168
01734169
01734170
01734171
01734172
01734173
01734175
01734177
01734181
01734214
01734224
01734270
01734271
01734272
01734273
01734275
01734283
01734284
01734309
01734311
01734331
01734358
01734367
01734385
01734409
01734415
01734448
01734451
01734455
01734457
01734469
01734470
01734479
01734493
01734495
01734497
01734517
01734523
01734524
01734549
01734561
01734565
01734581
01734582
01734595
01734596
01734632
01734633
01734639
01734643
01734650
01734651
01734658
01734664
01734665
01734677
01734682
01734699
01734749
01734753
01734793
01734796
01734797
01734799
01734801
01734804
01734849
01734856
01734917
01734963
01734964
01734979
01735002
01735003
01735069
01735074
01735077
01735088
01735112
01735115
01735134
01735147
01735148
01735149
01735150
01735178
01735208
01735237
01735250
01735262
01735264
01735313
01735375
01735379
01735420
01735427
01735452
01735492
01735493
01735512
01735528
01735529
01735611
01735631
01735705
01735718
01735749
01735816
01735832
01735894
01735959
01735970
01735984
01736087
01736095
01736110
01736119
01736165
01736180
01736197
01736210
01736231
01736291
01736336
01736337
01736339
01736340
01736341
01736342
01736343
01736351
01736361
01736367
01736378
01736380
01736383
01736387
01736411
01736437
01736442
01736449
01736464
01736469
01736500
01736519
01736527
01736572
01736573
01736574
01736575
01736576
01736581
01736582
01736622
01736630
01736656
01736668
01736696
01736731
01736740
01736741
01736790
01736794
01736797
01736809
01736823
01736830
01736835
01736842
01736849
01736868
01736877
01736878
01736885
01736891
01736898
01736916
01736972
01736979
01736980
01736986
01736990
01736995
01736996
01736999
01737012
01737030
01737054
01737073
01737074
01737077
01737097
01737113
01737115
01737152
01737170
01737173
01737186
01737190
01737198
01737199
01737200
01737208
01737220
01737233
01737244
01737256
01737257
01737262
01737263
01737264
01737291
01737294
01737299
01737301
01737318
01737327
01737343
01737382
01737383
01737385
01737413
01737426
01737461
01737474
01737492
01737499
01737510
01737512
01737513
01737514
01737541
01737546
01737585
01737587
01737596
01737602
01737659
01737661
01737675
01737676
01737683
01737694
01737721
01737737
01737773
01737774
01737794
01737947
01737948
01737949
01737950
01737951
01738017
01738124
01738138
01738153
01738251
01738309
01738514
01738603
01738609
01738669
01738742
01738746
01738769
01738781
01738782
01738853
01738858
01738862
01738881
01738888
01738898
01738911
01738913
01738922
01738935
01738939
01738950
01738960
01738961
01738971
01739021
01739034
01739043
01739047
01739059
01739081
01739089
01739090
01739144
01739151
01739161
01739187
01739195
01739250
01739264
01739273
01739282
01739289
01739314
01739328
01739372
01739386
01739387
01739421
01739441
01739444
01739478
01739494
01739501
01739543
01739548
01739558
01739595
01739598
01739702
01739729
01739730
01739736
01739741
01739744
01739751
01739756
01739763
01739767
01739774
01739789
01739795
01739798
01739809
01739814
01739816
01739824
01739825
01739836
01739845
01739851
01739853
01739945
01739965
01739969
01739972
01739999
01740000
01740004
01740013
01740020
01740028
01740040
01740045
01740050
01740075
01740076
01740077
01740079
01740107
01740110
01740113
01740127
01740139
01740146
01740155
01740169
01740196
01740200
01740206
01740230
01740248
01740249
01740251
01740252
01740255
01740271
01740284
01740286
01740288
01740291
01740314
01740347
01740348
01740349
01740357
01740391
01740415
01740416
01740417
01740438
01740453
01740454
01740455
01740456
01740457
01740484
01740485
01740495
01740501
01740521
01740532
01740557
01740563
01740567
01740570
01740572
01740584
01740588
01740613
01740619
01740626
01740632
01740636
01740638
01740713
01740770
01740773
01740797
01740806
01740837
01740882
01740888
01740911
01740995
01741011
01741031
01741066
01741085
01741110
01741211
01741216
01741224
01741240
01741283
01741300
01741305
01741308
01741352
01741384
01741398
01741419
01741459
01741474
01741480
01741481
01741482
01741531
01741537
01741538
01741564
01741636
01741637
01741639
01741643
01741670
01741682
01741691
01741694
01741700
01741728
01741747
01741757
01741770
01741809
01741829
01741833
01741840
01741841
01741842
01741854
01741876
01741884
01741895
01741899
01741903
01741905
01741908
01741920
01741941
01741955
01741959
01741964
01741969
01741979
01742018
01742051
01742053
01742059
01742075
01742094
01742196
01742216
01742247
01742278
01742300
01742335
01742344
01742356
01742446
01742458
01742463
01742474
01742475
01742508
01742509
01742512
01742524
01742532
01742560
01742563
01742576
01742597
01742601
01742607
01742609
01742626
01742649
01742656
01742670
01742694
01742709
01742713
01742718
01742754
01742799
01742804
01742820
01742821
01742940
01742954
01742966
01742977
01742988
01743003
01743004
01743005
01743068
01743082
01743084
01743085
01743108
01743120
01743137
01743173
01743185
01743209
01743216
01743220
01743233
01743260
01743294
01743299
01743349
01743354
01743373
01743374
01743375
01743376
01743377
01743378
01743402
01743406
01743444
01743445
01743558
01743595
01743596
01743597
01743598
01743611
01743642
01743658
01743706
01743732
01743815
01743903
01743980
01743987
01743998
01744028
01744053
01744057
01744161
01744216
01744224
01744259
01744345
01744349
01744365
01744378
01744392
01744393
01744445
01744487
01744502
01744546
01744549
01744555
01744562
01744563
01744574
01744595
01744602
01744605
01744622
01744634
01744657
01744672
01744683
01744692
01744695
01744721
01744771
01744843
01744854
01744865
01744866
01744867
01744890
01744942
01744944
01744945
01744955
01744962
01744963
01744980
01744987
01745027
01745037
01745059
01745066
01745068
01745095
01745135
01745144
01745157
01745159
01745160
01745173
01745182
01745202
01745226
01745238
01745261
01745269
01745292
01745353
01745367
01745399
01745434
01745437
01745438
01745441
01745453
01745464
01745465
01745466
01745471
01745478
01745480
01745489
01745506
01745516
01745524
01745549
01745559
01745588
01745591
01745593
01745597
01745602
01745633
01745642
01745662
01745663
01745682
01745691
01745692
01745694
01745695
01745696
01745709
01745737
01745739
01745752
01745753
01745754
01745757
01745767
01745787
01745788
01745815
01745829
01745831
01745833
01745852
01745866
01745876
01745879
01745882
01745921
01745927
01745941
01745959
01745974
01745993
01746006
01746012
01746028
01746042
01746093
01746104
01746111
01746114
01746128
01746177
01746185
01746186
01746187
01746188
01746189
01746190
01746191
01746221
01746248
01746316
01746320
01746330
01746331
01746339
01746349
01746353
01746372
01746385
01746394
01746410
01746411
01746412
01746445
01746505
01746551
01746667
01746677
01746679
01746694
01746714
01746816
01746878
01746898
01746903
01746908
01746940
01746972
01746979
01747052
01747057
01747093
01747179
01747183
01747304
01747397
01747492
01747503
01747504
01747529
01747538
01747546
01747554
01747560
01747589
01747596
01747599
01747608
01747609
01747641
01747647
01747669
01747670
01747675
01747689
01747696
01747706
01747708
01747785
01747789
01747802
01747812
01747814
01747827
01747828
01747853
01747858
01747887
01747897
01747902
01747948
01747958
01747970
01747973
01747975
01747991
01748002
01748004
01748009
01748030
01748040
01748057
01748060
01748078
01748085
01748141
01748145
01748147
01748205
01748227
01748274
01748290
01748291
01748309
01748317
01748333
01748371
01748372
01748376
01748378
01748383
01748424
01748428
01748447
01748475
01748489
01748500
01748501
01748533
01748534
01748545
01748550
01748552
01748581
01748586
01748589
01748592
01748626
01748641
01748662
01748696
01748720
01748721
01748723
01748758
01748759
01748760
01748764
01748791
01748794
01748796
01748802
01748820
01748830
01748831
01748885
01748890
01748904
01748908
01748929
01748930
01748937
01748943
01748945
01748965
01748987
01748989
01749030
01749032
01749054
01749075
01749085
01749095
01749113
01749114
01749156
01749189
01749196
01749200
01749228
01749246
01749286
01749311
01749331
01749354
01749363
01749377
01749419
01749433
01749434
01749435
01749436
01749445
01749446
01749463
01749487
01749514
01749534
01749546
01749577
01749585
01749597
01749643
01749686
01749707
01749904
01749908
01749977
01749994
01750101
01750137
01750145
01750167
01750173
01750177
01750227
01750234
01750258
01750286
01750352
01750554
01750555
01750556
01750571
01750605
01750607
01750608
01750623
01750641
01750644
01750670
01750681
01750688
01750692
01750698
01750703
01750717
01750727
01750754
01750816
01750827
01750870
01750945
01750963
01750973
01750982
01750985
01750988
01751003
01751051
01751053
01751057
01751089
01751124
01751177
01751184
01751185
01751186
01751190
01751236
01751248
01751306
01751337
01751341
01751368
01751369
01751382
01751389
01751396
01751398
01751406
01751410
01751429
01751435
01751442
01751445
01751446
01751501
01751522
01751528
01751542
01751546
01751565
01751574
01751575
01751594
01751678
01751688
01751699
01751713
01751725
01751748
01751763
01751764
01751767
01751768
01751771
01751780
01751805
01751816
01751817
01751826
01751827
01751832
01751849
01751929
01751953
01752011
01752036
01752074
01752076
01752088
01752100
01752102
01752121
01752125
01752144
01752165
01752169
01752221
01752245
01752265
01752268
01752269
01752271
01752283
01752286
01752300
01752306
01752346
01752355
01752369
01752376
01752398
01752462
01752463
01752478
01752487
01752498
01752547
01752575
01752581
01752623
01752694
01752725
01752775
01752866
01752882
01752890
01752919
01753025
01753060
01753101
01753171
01753177
01753180
01753186
01753187
01753192
01753210
01753216
01753226
01753227
01753238
01753262
01753268
01753278
01753292
01753308
01753331
01753337
01753344
01753350
01753355
01753358
01753359
01753363
01753364
01753366
01753367
01753368
01753369
01753373
01753376
01753408
01753430
01753431
01753437
01753488
01753497
01753503
01753507
01753510
01753530
01753580
01753586
01753593
01753609
01753610
01753638
01753653
01753658
01753668
01753681
01753725
01753726
01753780
01753784
01753806
01753817
01753819
01753839
01753854
01753857
01753866
01753871
01753872
01753890
01753910
01753931
01753940
01753957
01753960
01753982
01753988
01753992
01753998
01754029
01754033
01754040
01754043
01754052
01754058
01754073
01754084
01754094
01754104
01754133
01754135
01754140
01754145
01754169
01754182
01754191
01754206
01754211
01754219
01754232
01754238
01754257
01754276
01754281
01754284
01754285
01754286
01754332
01754333
01754348
01754370
01754436
01754537
01754543
01754571
01754573
01754574
01754618
01754622
01754656
01754679
01754741
01754755
01754758
01754777
01754802
01754808
01754964
01754973
01754984
01755029
01755070
01755081
01755117
01755184
01755185
01755202
01755235
01755237
01755266
01755304
01755352
01755366
01755399
01755433
01755435
01755445
01755449
01755451
01755453
01755466
01755495
01755499
01755511
01755526
01755537
01755546
01755565
01755566
01755567
01755579
01755580
01755599
01755607
01755628
01755717
01755729
01755731
01755758
01755767
01755784
01755790
01755803
01755808
01755809
01755826
01755827
01755832
01755887
01755900
01755964
01755965
01755969
01755981
01756011
01756014
01756020
01756022
01756023
01756034
01756053
01756063
01756069
01756078
01756141
01756143
01756163
01756196
01756241
01756251
01756253
01756277
01756310
01756337
01756365
01756373
01756374
01756375
01756386
01756427
01756432
01756440
01756465
01756467
01756477
01756494
01756495
01756508
01756512
01756536
01756541
01756542
01756561
01756562
01756563
01756564
01756583
01756621
01756629
01756632
01756635
01756639
01756657
01756688
01756706
01756734
01756740
01756742
01756745
01756757
01756786
01756797
01756802
01756803
01756807
01756812
01756818
01756828
01756839
01756858
01756883
01756891
01756896
01756925
01756926
01756948
01756993
01757002
01757033
01757041
01757042
01757045
01757049
01757073
01757074
01757075
01757076
01757078
01757088
01757124
01757166
01757236
01757245
01757284
01757379
01757456
01757463
01757473
01757477
01757478
01757509
01757512
01757544
01757576
01757586
01757587
01757588
01757592
01757605
01757607
01757608
01757612
01757621
01757644
01757657
01757658
01757659
01757660
01757667
01757686
01757688
01757719
01757732
01757736
01757737
01757738
01757739
01757743
01757747
01757750
01757751
01757757
01757764
01757772
01757774
01757775
01757776
01757777
01757778
01757779
01757787
01757835
01757842
01757848
01757864
01757867
01757875
01757876
01757922
01757923
01757924
01757927
01757936
01757957
01757969
01757977
01757979
01757995
01757999
01758017
01758018
01758019
01758023
01758043
01758051
01758071
01758077
01758079
01758080
01758082
01758083
01758087
01758108
01758119
01758126
01758127
01758131
01758132
01758135
01758167
01758173
01758174
01758180
01758181
01758182
01758191
01758200
01758205
01758208
01758218
01758234
01758272
01758281
01758282
01758293
01758309
01758332
01758335
01758337
01758340
01758345
01758357
01758358
01758364
01758381
01758397
01758423
01758444
01758448
01758449
01758452
01758479
01758480
01758488
01758491
01758492
01758493
01758494
01758503
01758506
01758536
01758537
01758540
01758561
01758567
01758569
01758572
01758576
01758578
01758599
01758625
01758640
01758653
01758657
01758660
01758662
01758688
01758698
01758748
01758788
01758794
01758796
01758861
01758887
01758893
01758917
01759001
01759084
01759172
01759189
01759201
01759212
01759243
01759248
01759251
01759252
01759256
01759257
01759266
01759267
01759288
01759298
01759310
01759317
01759324
01759333
01759348
01759366
01759373
01759426
01759433
01759435
01759443
01759468
01759472
01759475
01759480
01759482
01759562
01759578
01759581
01759582
01759583
01759585
01759626
01759652
01759679
01759683
01759714
01759731
01759745
01759768
01759772
01759785
01759789
01759793
01759798
01759805
01759821
01759857
01759868
01759869
01759918
01759925
01759933
01759941
01759946
01759959
01760025
01760040
01760046
01760062
01760069
01760084
01760130
01760174
01760191
01760192
01760210
01760249
01760256
01760259
01760260
01760262
01760300
01760308
01760316
01760322
01760334
01760341
01760371
01760377
01760400
01760407
01760416
01760429
01760431
01760471
01760478
01760483
01760495
01760521
01760524
01760534
01760536
01760537
01760557
01760581
01760584
01760598
01760631
01760632
01760633
01760675
01760676
01760691
01760713
01760717
01760727
01760749
01760751
01760764
01760810
01760811
01760812
01760831
01760865
01760878
01760889
01760903
01760910
01760914
01760935
01760948
01760978
01760997
01761001
01761065
01761081
01761082
01761088
01761143
01761195
01761288
01761290
01761291
01761292
01761293
01761294
01761296
01761312
01761314
01761371
01761384
01761394
01761423
01761444
01761456
01761457
01761482
01761485
01761487
01761521
01761533
01761534
01761535
01761536
01761538
01761539
01761540
01761566
01761633
01761713
01761748
01761805
01761825
01761837
01761847
01761863
01761879
01761886
01761888
01761889
01761890
01761893
01761894
01761937
01761938
01761941
01761944
01761947
01761956
01761957
01761972
01761982
01761985
01761988
01761994
01762062
01762084
01762085
01762090
01762104
01762105
01762113
01762123
01762150
01762151
01762153
01762173
01762183
01762188
01762191
01762199
01762200
01762220
01762221
01762272
01762281
01762290
01762321
01762350
01762439
01762445
01762448
01762506
01762519
01762537
01762546
01762549
01762553
01762562
01762576
01762578
01762585
01762620
01762624
01762632
01762657
01762658
01762687
01762798
01762806
01762807
01762808
01762826
01762827
01762828
01762829
01762830
01762831
01762832
01762834
01762852
01762859
01762860
01762867
01762882
01762894
01762938
01762940
01762954
01762969
01762983
01763029
01763031
01763036
01763051
01763062
01763063
01763066
01763088
01763102
01763103
01763108
01763151
01763160
01763233
01763243
01763251
01763252
01763255
01763271
01763291
01763311
01763315
01763355
01763365
01763368
01763369
01763370
01763371
01763385
01763411
01763446
01763464
01763476
01763491
01763492
01763496
01763501
01763505
01763509
01763547
01763572
01763581
01763594
01763595
01763598
01763601
01763618
01763619
01763620
01763621
01763624
01763636
01763654
01763668
01763676
01763685
01763686
01763690
01763691
01763720
01763737
01763739
01763761
01763773
01763774
01763778
01763782
01763798
01763825
01763831
01763853
01763882
01763924
01763925
01763952
01763955
01763963
01763987
01763990
01763998
01764006
01764046
01764059
01764063
01764065
01764069
01764071
01764085
01764134
01764142
01764152
01764158
01764169
01764195
01764230
01764338
01764383
01764411
01764450
01764456
01764481
01764488
01764498
01764554
01764601
01764606
01764650
01764653
01764658
01764681
01764684
01764687
01764700
01764728
01764799
01764800
01764809
01764821
01764845
01764849
01764850
01764859
01764868
01764869
01764871
01764875
01764881
01764918
01764944
01764948
01764986
01764988
01765014
01765050
01765065
01765069
01765088
01765115
01765116
01765117
01765118
01765125
01765135
01765150
01765152
01765155
01765162
01765227
01765230
01765233
01765244
01765321
01765344
01765354
01765405
01765406
01765444
01765469
01765470
01765497
01765559
01765594
01765615
01765668
01765703
01765708
01765730
01765789
01765814
01765823
01765833
01765838
01765865
01765866
01765873
01765876
01765883
01765894
01765896
01765899
01765906
01765915
01765933
01765939
01765940
01765945
01765957
01765959
01765967
01765986
01765988
01765994
01766010
01766019
01766023
01766034
01766043
01766046
01766054
01766056
01766063
01766068
01766079
01766092
01766102
01766128
01766136
01766147
01766148
01766178
01766190
01766204
01766205
01766246
01766247
01766253
01766267
01766294
01766302
01766303
01766312
01766321
01766327
01766332
01766344
01766361
01766362
01766363
01766364
01766365
01766366
01766367
01766368
01766369
01766401
01766408
01766423
01766436
01766445
01766449
01766457
01766473
01766478
01766480
01766511
01766513
01766530
01766563
01766571
01766630
01766635
01766642
01766669
01766678
01766703
01766705
01766706
01766726
01766731
01766768
01766791
01766826
01766850
01766851
01766854
01766855
01766920
01766956
01766999
01767015
01767023
01767056
01767087
01767110
01767267
01767268
01767277
01767340
01767355
01767375
01767380
01767393
01767396
01767397
01767407
01767421
01767422
01767427
01767440
01767450
01767486
01767489
01767496
01767520
01767567
01767568
01767569
01767572
01767585
01767602
01767605
01767626
01767672
01767673
01767674
01767685
01767691
01767701
01767714
01767719
01767767
01767780
01767810
01767846
01767855
01767932
01767939
01767941
01767942
01767943
01767944
01767972
01767983
01768002
01768026
01768027
01768068
01768071
01768083
01768135
01768139
01768141
01768142
01768202
01768204
01768228
01768250
01768251
01768266
01768279
01768287
01768288
01768311
01768326
01768346
01768380
01768410
01768416
01768430
01768441
01768442
01768471
01768476
01768481
01768484
01768489
01768515
01768550
01768566
01768570
01768656
01768668
01768669
01768673
01768722
01768730
01768768
01768775
01768780
01768796
01768856
01768860
01768866
01768886
01768897
01768902
01768912
01768918
01768930
01768932
01768954
01768965
01768978
01769057
01769086
01769156
01769234
01769248
01769258
01769355
01769381
01769421
01769447
01769563
01769644
01769655
01769745
01769746
01769747
01769752
01769753
01769758
01769760
01769796
01769816
01769854
01769858
01769868
01769874
01769886
01769887
01769936
01769941
01769954
01769983
01770009
01770017
01770025
01770028
01770029
01770085
01770106
01770109
01770112
01770120
01770185
01770209
01770242
01770243
01770298
01770305
01770306
01770315
01770316
01770319
01770325
01770340
01770349
01770354
01770435
01770438
01770459
01770486
01770536
01770575
01770589
01770640
01770642
01770648
01770649
01770652
01770663
01770674
01770675
01770681
01770682
01770704
01770706
01770707
01770710
01770712
01770713
01770714
01770722
01770723
01770765
01770791
01770801
01770808
01770821
01770869
01770870
01770881
01770883
01770884
01770887
01770904
01770922
01770940
01770942
01770962
01770968
01770971
01770972
01770994
01770999
01771001
01771013
01771024
01771056
01771060
01771080
01771130
01771131
01771132
01771133
01771134
01771157
01771173
01771175
01771176
01771223
01771232
01771241
01771262
01771276
01771283
01771351
01771362
01771364
01771415
01771454
01771473
01771542
01771546
01771569
01771579
01771646
01771678
01771683
01771811
01771875
01771911
01771912
01771933
01771950
01772050
01772076
01772114
01772115
01772138
01772156
01772199
01772200
01772201
01772203
01772217
01772251
01772280
01772295
01772298
01772299
01772302
01772313
01772324
01772328
01772338
01772341
01772342
01772349
01772356
01772361
01772363
01772394
01772413
01772425
01772426
01772450
01772456
01772467
01772473
01772484
01772493
01772503
01772508
01772521
01772523
01772525
01772547
01772575
01772576
01772583
01772585
01772606
01772619
01772620
01772628
01772670
01772673
01772693
01772725
01772746
01772747
01772775
01772789
01772800
01772890
01772896
01772938
01772951
01772954
01773054
01773056
01773067
01773080
01773086
01773095
01773111
01773118
01773120
01773122
01773129
01773133
01773149
01773156
01773171
01773178
01773197
01773224
01773249
01773273
01773282
01773290
01773294
01773296
01773305
01773326
01773351
01773356
01773368
01773370
01773401
01773412
01773425
01773433
01773479
01773486
01773497
01773501
01773507
01773509
01773542
01773592
01773603
01773604
01773652
01773653
01773654
01773685
01773696
01773711
01773714
01773727
01773733
01773744
01773752
01773754
01773800
01773806
01773840
01773872
01773874
01773918
01773948
01774009
01774020
01774031
01774045
01774051
01774105
01774110
01774118
01774136
01774161
01774168
01774191
01774214
01774234
01774265
01774318
01774342
01774349
01774462
01774463
01774484
01774499
01774500
01774501
01774539
01774550
01774601
01774630
01774631
01774633
01774675
01774728
01774730
01774747
01774774
01774775
01774785
01774791
01774804
01774852
01774853
01774854
01774863
01774887
01774898
01774919
01774929
01774968
01774990
01775001
01775003
01775018
01775027
01775060
01775066
01775072
01775112
01775132
01775134
01775152
01775153
01775170
01775216
01775223
01775228
01775241
01775308
01775315
01775329
01775336
01775338
01775339
01775352
01775389
01775401
01775405
01775424
01775425
01775426
01775435
01775447
01775460
01775476
01775493
01775509
01775530
01775534
01775553
01775588
01775596
01775610
01775617
01775624
01775630
01775634
01775654
01775673
01775674
01775675
01775676
01775677
01775678
01775679
01775680
01775681
01775682
01775706
01775717
01775733
01775735
01775738
01775801
01775813
01775821
01775822
01775831
01775860
01775864
01775944
01775947
01775950
01775968
01775975
01775977
01775995
01775998
01776015
01776034
01776060
01776073
01776077
01776084
01776105
01776109
01776110
01776113
01776116
01776128
01776136
01776150
01776167
01776180
01776184
01776196
01776201
01776233
01776237
01776239
01776242
01776249
01776255
01776263
01776277
01776293
01776330
01776364
01776369
01776373
01776427
01776434
01776441
01776446
01776466
01776468
01776481
01776483
01776495
01776501
01776547
01776560
01776567
01776569
01776589
01776592
01776594
01776595
01776600
01776624
01776681
01776692
01776744
01776815
01776818
01776819
01776823
01776834
01776840
01776841
01776842
01776864
01776865
01776867
01776902
01776921
01776922
01776940
01776954
01776966
01776977
01776980
01776988
01777002
01777116
01777138
01777139
01777162
01777163
01777176
01777194
01777219
01777235
01777295
01777361
01777439
01777440
01777441
01777442
01777490
01777538
01777547
01777564
01777640
01777657
01777692
01777761
01777774
01777802
01777809
01777822
01777844
01777866
01777876
01777894
01777906
01777955
01777960
01777961
01777978
01777995
01777996
01778008
01778032
01778034
01778054
01778080
01778109
01778115
01778120
01778121
01778122
01778136
01778176
01778199
01778220
01778255
01778258
01778280
01778303
01778304
01778318
01778346
01778409
01778413
01778415
01778421
01778460
01778461
01778462
01778497
01778500
01778502
01778538
01778539
01778543
01778560
01778610
01778611
01778645
01778648
01778669
01778685
01778691
01778699
01778710
01778712
01778729
01778743
01778744
01778750
01778777
01778790
01778810
01778831
01778848
01778868
01778886
01778887
01778894
01778901
01778903
01778910
01778915
01778916
01778918
01778922
01778946
01778947
01778966
01778967
01778968
01778990
01779004
01779025
01779063
01779070
01779105
01779133
01779154
01779170
01779187
01779188
01779206
01779213
01779224
01779233
01779237
01779267
01779289
01779291
01779292
01779316
01779326
01779327
01779331
01779332
01779333
01779338
01779339
01779345
01779356
01779357
01779367
01779368
01779373
01779411
01779439
01779454
01779456
01779467
01779468
01779471
01779488
01779494
01779499
01779529
01779596
01779659
01779696
01779731
01779732
01779740
01779772
01779792
01779794
01779813
01779910
01779954
01779978
01780019
01780051
01780065
01780078
01780081
01780205
01780285
01780287
01780292
01780366
01780384
01780386
01780429
01780431
01780432
01780463
01780469
01780484
01780490
01780503
01780523
01780541
01780542
01780543
01780546
01780582
01780594
01780596
01780602
01780618
01780619
01780627
01780659
01780663
01780676
01780704
01780706
01780707
01780767
01780793
01780834
01780836
01780842
01780843
01780845
01780860
01780863
01780868
01780870
01780871
01780888
01780898
01780939
01780960
01780965
01780971
01780972
01780973
01781007
01781017
01781021
01781030
01781039
01781058
01781073
01781132
01781145
01781182
01781184
01781305
01781324
01781363
01781402
01781441
01781445
01781459
01781471
01781478
01781481
01781501
01781509
01781518
01781522
01781531
01781571
01781572
01781573
01781577
01781582
01781607
01781608
01781615
01781616
01781647
01781669
01781678
01781693
01781734
01781763
01781774
01781781
01781786
01781795
01781796
01781811
01781836
01781849
01781859
01781861
01781875
01781897
01781916
01781917
01781922
01781947
01781948
01781954
01781961
01781972
01781984
01782018
01782051
01782063
01782068
01782079
01782112
01782113
01782142
01782152
01782161
01782184
01782199
01782247
01782307
01782328
01782359
01782416
01782417
01782419
01782433
01782442
01782448
01782522
01782563
01782575
01782586
01782652
01782701
01782742
01782827
01782849
01782875
01782903
01782949
01782952
01782953
01782957
01783010
01783039
01783095
01783100
01783101
01783104
01783108
01783140
01783173
01783207
01783208
01783210
01783222
01783243
01783245
01783252
01783261
01783266
01783273
01783274
01783285
01783291
01783313
01783326
01783340
01783343
01783357
01783395
01783408
01783412
01783486
01783508
01783524
01783525
01783528
01783541
01783545
01783564
01783565
01783586
01783599
01783641
01783654
01783660
01783722
01783736
01783754
01783755
01783786
01783793
01783797
01783821
01783822
01783823
01783824
01783826
01783828
01783831
01783855
01783887
01783956
01784019
01784020
01784022
01784061
01784062
01784069
01784072
01784075
01784083
01784087
01784088
01784091
01784135
01784143
01784158
01784190
01784195
01784199
01784200
01784201
01784202
01784236
01784237
01784251
01784254
01784255
01784257
01784266
01784291
01784305
01784312
01784313
01784344
01784345
01784346
01784352
01784356
01784358
01784365
01784389
01784404
01784422
01784475
01784483
01784485
01784493
01784501
01784507
01784512
01784522
01784532
01784538
01784540
01784561
01784574
01784575
01784609
01784664
01784668
01784695
01784701
01784746
01784750
01784763
01784764
01784771
01784801
01784836
01784898
01784907
01784990
01785025
01785046
01785093
01785110
01785133
01785140
01785150
01785151
01785207
01785266
01785272
01785321
01785341
01785471
01785495
01785515
01785516
01785552
01785572
01785582
01785619
01785645
01785653
01785664
01785681
01785687
01785696
01785697
01785705
01785727
01785743
01785818
01785883
01785893
01785899
01785903
01785904
01785907
01785909
01785910
01785921
01785922
01785930
01785948
01785971
01785978
01785987
01785992
01786001
01786030
01786031
01786055
01786083
01786084
01786101
01786108
01786113
01786215
01786232
01786249
01786272
01786274
01786305
01786314
01786317
01786320
01786340
01786345
01786347
01786348
01786392
01786482
01786484
01786549
01786607
01786621
01786693
01786715
01786716
01786723
01786726
01786727
01786728
01786748
01786772
01786777
01786783
01786788
01786805
01786811
01786820
01786824
01786827
01786855
01786870
01786887
01786889
01786924
01786933
01786934
01786948
01786961
01786964
01786974
01786992
01786996
01787001
01787002
01787003
01787011
01787025
01787047
01787111
01787141
01787171
01787214
01787223
01787242
01787272
01787273
01787274
01787317
01787382
01787446
01787475
01787477
01787522
01787538
01787554
01787565
01787567
01787574
01787590
01787618
01787640
01787644
01787684
01787708
01787717
01787720
01787721
01787754
01787756
01787757
01787761
01787771
01787773
01787822
01787843
01787847
01787888
01787904
01787910
01787912
01787927
01787964
01787975
01788011
01788061
01788071
01788079
01788081
01788113
01788116
01788123
01788157
01788178
01788214
01788278
01788340
01788344
01788384
01788385
01788403
01788440
01788506
01788525
01788529
01788545
01788556
01788643
01788653
01788669
01788767
01788779
01788787
01788788
01788790
01788800
01788803
01788804
01788808
01788809
01788810
01788821
01788843
01788863
01788865
01788874
01788886
01788904
01788922
01788944
01788960
01789018
01789019
01789056
01789072
01789087
01789092
01789097
01789100
01789121
01789132
01789140
01789156
01789173
01789174
01789180
01789200
01789202
01789260
01789261
01789283
01789301
01789302
01789319
01789368
01789378
01789391
01789405
01789411
01789434
01789436
01789442
01789458
01789459
01789460
01789463
01789485
01789527
01789532
01789553
01789567
01789612
01789637
01789675
01789685
01789688
01789693
01789698
01789699
01789702
01789710
01789712
01789730
01789739
01789741
01789776
01789812
01789827
01789838
01789850
01789855
01789859
01789861
01789872
01789919
01789941
01789948
01789949
01789950
01789952
01789958
01789959
01789961
01789970
01789972
01789987
01790009
01790028
01790036
01790040
01790047
01790054
01790057
01790059
01790073
01790094
01790101
01790105
01790114
01790117
01790129
01790132
01790145
01790167
01790186
01790227
01790231
01790246
01790251
01790268
01790288
01790289
01790339
01790341
01790386
01790423
01790424
01790523
01790572
01790577
01790588
01790607
01790618
01790637
01790650
01790652
01790665
01790666
01790679
01790705
01790706
01790707
01790714
01790723
01790733
01790784
01790809
01790813
01790836
01790899
01790900
01790901
01790984
01791083
01791086
01791103
01791108
01791159
01791175
01791176
01791179
01791183
01791233
01791274
01791288
01791353
01791400
01791417
01791443
01791447
01791458
01791473
01791488
01791528
01791620
01791625
01791628
01791685
01791686
01791698
01791770
01791771
01791845
01791848
01791901
01791946
01791966
01791997
01792042
01792082
01792121
01792144
01792153
01792157
01792214
01792220
01792244
01792246
01792264
01792268
01792278
01792289
01792291
01792300
01792339
01792346
01792347
01792378
01792400
01792403
01792409
01792410
01792422
01792425
01792428
01792437
01792446
01792449
01792524
01792535
01792627
01792634
01792703
01792704
01792713
01792717
01792718
01792745
01792752
01792758
01792779
01792787
01792790
01792791
01792817
01792835
01792864
01792865
01792868
01792894
01792919
01792957
01792988
01793003
01793019
01793034
01793064
01793079
01793242
01793257
01793318
01793362
01793418
01793424
01793433
01793444
01793445
01793487
01793499
01793508
01793518
01793531
01793549
01793552
01793560
01793571
01793597
01793601
01793633
01793634
01793642
01793692
01793693
01793694
01793695
01793707
01793712
01793728
01793730
01793732
01793739
01793744
01793749
01793751
01793755
01793765
01793790
01793799
01793801
01793809
01793812
01793834
01793858
01793880
01793912
01793957
01793964
01793965
01793981
01794005
01794018
01794019
01794027
01794036
01794054
01794061
01794157
01794158
01794159
01794160
01794161
01794178
01794230
01794277
01794290
01794311
01794349
01794351
01794360
01794365
01794379
01794390
01794417
01794421
01794472
01794477
01794496
01794506
01794507
01794508
01794512
01794544
01794545
01794546
01794580
01794581
01794582
01794600
01794611
01794631
01794655
01794669
01794684
01794691
01794693
01794695
01794696
01794718
01794760
01794768
01794782
01794786
01794791
01794799
01794819
01794824
01794856
01794877
01794932
01794942
01794974
01794992
01795024
01795029
01795030
01795031
01795091
01795093
01795094
01795095
01795110
01795112
01795113
01795189
01795210
01795216
01795397
01795403
01795404
01795414
01795419
01795426
01795462
01795468
01795483
01795493
01795502
01795519
01795540
01795544
01795552
01795564
01795565
01795567
01795569
01795570
01795604
01795616
01795627
01795637
01795638
01795647
01795659
01795680
01795724
01795734
01795735
01795744
01795752
01795753
01795772
01795781
01795824
01795832
01795841
01795848
01795855
01795864
01795896
01795904
01795915
01795945
01795959
01795960
01795984
01796028
01796037
01796071
01796096
01796137
01796144
01796148
01796169
01796181
01796194
01796231
01796250
01796270
01796272
01796292
01796350
01796391
01796392
01796402
01796407
01796408
01796414
01796419
01796420
01796421
01796429
01796447
01796463
01796469
01796483
01796499
01796500
01796507
01796534
01796537
01796569
01796580
01796586
01796588
01796597
01796604
01796622
01796641
01796658
01796681
01796692
01796714
01796720
01796727
01796732
01796755
01796769
01796793
01796801
01796819
01796820
01796823
01796835
01796845
01796973
01796993
01796997
01797016
01797036
01797066
01797102
01797118
01797128
01797148
01797162
01797174
01797180
01797251
01797277
01797280
01797295
01797337
01797346
01797351
01797374
01797401
01797430
01797452
01797470
01797514
01797575
01797621
01797683
01797684
01797690
01797726
01797727
01797728
01797751
01797787
01797791
01797828
01797834
01797873
01797874
01797955
01798024
01798069
01798080
01798091
01798092
01798093
01798094
01798137
01798193
01798197
01798210
01798211
01798230
01798235
01798236
01798237
01798252
01798257
01798281
01798282
01798286
01798296
01798305
01798307
01798308
01798309
01798332
01798360
01798365
01798377
01798383
01798385
01798391
01798392
01798396
01798397
01798414
01798436
01798520
01798543
01798571
01798604
01798605
01798654
01798655
01798697
01798712
01798730
01798731
01798732
01798733
01798755
01798769
01798770
01798808
01798813
01798816
01798867
01798870
01798871
01798910
01798912
01798922
01798927
01798952
01798957
01798965
01798966
01798969
01798973
01798974
01798975
01798984
01799020
01799024
01799041
01799046
01799047
01799048
01799050
01799075
01799087
01799093
01799094
01799105
01799110
01799115
01799122
01799158
01799171
01799177
01799179
01799190
01799197
01799203
01799210
01799227
01799248
01799272
01799274
01799280
01799283
01799315
01799319
01799320
01799321
01799344
01799351
01799353
01799366
01799368
01799371
01799372
01799385
01799421
01799452
01799475
01799523
01799524
01799537
01799538
01799542
01799573
01799593
01799595
01799605
01799610
01799649
01799675
01799712
01799715
01799716
01799741
01799748
01799783
01799798
01799820
01799826
01799839
01799844
01799854
01799855
01799859
01799863
01799907
01799916
01799932
01799945
01799952
01799957
01799968
01799970
01799975
01799976
01799989
01800021
01800022
01800044
01800063
01800089
01800123
01800225
01800232
01800234
01800348
01800365
01800382
01800503
01800504
01800570
01800571
01800596
01800628
01800641
01800688
01800728
01800748
01800753
01800887
01800903
01800923
01800987
01801044
01801046
01801056
01801059
01801060
01801064
01801065
01801075
01801103
01801157
01801161
01801164
01801180
01801181
01801186
01801188
01801197
01801211
01801215
01801224
01801232
01801237
01801240
01801241
01801246
01801259
01801269
01801270
01801296
01801302
01801303
01801304
01801307
01801308
01801320
01801338
01801340
01801361
01801377
01801394
01801396
01801411
01801426
01801470
01801471
01801490
01801494
01801512
01801518
01801534
01801543
01801579
01801596
01801616
01801633
01801637
01801643
01801652
01801665
01801667
01801676
01801686
01801687
01801693
01801701
01801727
01801747
01801777
01801779
01801788
01801871
01801892
01801909
01801914
01801935
01801977
01801997
01801999
01802030
01802031
01802032
01802033
01802038
01802043
01802050
01802066
01802074
01802075
01802100
01802105
01802126
01802127
01802142
01802162
01802180
01802186
01802187
01802188
01802189
01802196
01802199
01802204
01802222
01802223
01802287
01802299
01802303
01802309
01802319
01802320
01802351
01802352
01802359
01802398
01802401
01802410
01802417
01802419
01802428
01802431
01802441
01802445
01802533
01802540
01802574
01802591
01802611
01802623
01802628
01802636
01802641
01802653
01802696
01802698
01802702
01802717
01802727
01802745
01802767
01802776
01802833
01802842
01802848
01802871
01802916
01802949
01803017
01803055
01803060
01803087
01803096
01803108
01803110
01803113
01803240
01803250
01803252
01803258
01803273
01803302
01803326
01803362
01803363
01803366
01803373
01803401
01803411
01803475
01803476
01803477
01803516
01803522
01803544
01803550
01803614
01803616
01803643
01803646
01803694
01803729
01803730
01803750
01803766
01803793
01803816
01803822
01803908
01804002
01804079
01804089
01804128
01804132
01804168
01804200
01804208
01804273
01804281
01804292
01804342
01804351
01804360
01804406
01804407
01804408
01804416
01804420
01804427
01804430
01804432
01804441
01804449
01804459
01804461
01804504
01804513
01804526
01804538
01804539
01804540
01804546
01804553
01804554
01804559
01804561
01804563
01804574
01804616
01804635
01804646
01804647
01804657
01804720
01804723
01804730
01804736
01804743
01804744
01804804
01804820
01804847
01804850
01804858
01804871
01804886
01804896
01804922
01804927
01804934
01804965
01804995
01805012
01805044
01805045
01805068
01805119
01805196
01805222
01805227
01805231
01805236
01805322
01805326
01805392
01805409
01805410
01805426
01805434
01805445
01805479
01805481
01805509
01805522
01805533
01805546
01805551
01805569
01805577
01805581
01805583
01805636
01805640
01805648
01805651
01805652
01805661
01805665
01805705
01805750
01805752
01805774
01805781
01805805
01805807
01805808
01805830
01805832
01805840
01805854
01805881
01805884
01805906
01805907
01805917
01805918
01805936
01805971
01805976
01806001
01806033
01806040
01806043
01806085
01806090
01806092
01806102
01806124
01806139
01806144
01806160
01806166
01806168
01806208
01806245
01806260
01806268
01806278
01806280
01806318
01806342
01806364
01806390
01806395
01806436
01806443
01806478
01806491
01806524
01806527
01806534
01806568
01806592
01806615
01806616
01806627
01806634
01806649
01806655
01806665
01806693
01806705
01806835
01806904
01806915
01806929
01806952
01807001
01807013
01807035
01807049
01807063
01807085
01807088
01807104
01807114
01807118
01807171
01807199
01807283
01807351
01807398
01807409
01807410
01807424
01807521
01807581
01807618
01807695
01807739
01807753
01807756
01807766
01807779
01807802
01807912
01807930
01807931
01808013
01808014
01808040
01808041
01808046
01808050
01808065
01808078
01808095
01808101
01808116
01808131
01808141
01808142
01808149
01808164
01808178
01808189
01808193
01808203
01808240
01808283
01808284
01808310
01808338
01808356
01808360
01808363
01808370
01808404
01808454
01808474
01808485
01808486
01808514
01808542
01808543
01808576
01808578
01808586
01808593
01808597
01808619
01808623
01808667
01808676
01808704
01808728
01808777
01808798
01808814
01808822
01808852
01808872
01808928
01808929
01808957
01808962
01809004
01809034
01809049
01809066
01809083
01809091
01809101
01809130
01809144
01809164
01809175
01809221
01809223
01809231
01809236
01809238
01809247
01809259
01809261
01809271
01809284
01809293
01809295
01809307
01809312
01809323
01809324
01809325
01809346
01809355
01809373
01809406
01809407
01809424
01809428
01809440
01809507
01809519
01809530
01809531
01809553
01809554
01809555
01809573
01809575
01809601
01809605
01809606
01809608
01809611
01809620
01809629
01809638
01809642
01809646
01809657
01809689
01809736
01809753
01809772
01809783
01809795
01809807
01809813
01809818
01809832
01809834
01809863
01809881
01809893
01809903
01809939
01809952
01809977
01809995
01810022
01810039
01810051
01810070
01810094
01810170
01810174
01810175
01810195
01810203
01810259
01810284
01810285
01810299
01810316
01810352
01810365
01810379
01810389
01810423
01810428
01810429
01810451
01810479
01810481
01810488
01810507
01810590
01810604
01810614
01810627
01810643
01810675
01810676
01810789
01810907
01810908
01810942
01810943
01810956
01810969
01810978
01810985
01810991
01810999
01811003
01811007
01811013
01811025
01811033
01811038
01811069
01811107
01811178
01811183
01811192
01811233
01811276
01811355
01811384
01811385
01811386
01811462
01811494
01811520
01811549
01811559
01811613
01811695
01811720
01811740
01811796
01811814
01811849
01811905
01811906
01811994
01812121
01812123
01812131
01812143
01812196
01812221
01812228
01812238
01812241
01812245
01812254
01812261
01812282
01812312
01812337
01812338
01812384
01812396
01812408
01812413
01812434
01812471
01812515
01812521
01812531
01812592
01812599
01812643
01812644
01812651
01812656
01812669
01812682
01812690
01812694
01812696
01812712
01812744
01812753
01812805
01812817
01812855
01812856
01812857
01812858
01812861
01812873
01812877
01812899
01812929
01813021
01813037
01813041
01813052
01813081
01813082
01813097
01813103
01813142
01813198
01813218
01813245
01813250
01813251
01813288
01813289
01813290
01813306
01813308
01813317
01813324
01813342
01813358
01813360
01813423
01813456
01813462
01813465
01813466
01813488
01813490
01813503
01813523
01813524
01813525
01813531
01813557
01813584
01813613
01813640
01813646
01813657
01813668
01813672
01813674
01813676
01813690
01813696
01813709
01813718
01813759
01813776
01813795
01813796
01813800
01813802
01813805
01813806
01813811
01813844
01813850
01813864
01813890
01813897
01813898
01813899
01813902
01813913
01813920
01813957
01813972
01813977
01814021
01814034
01814070
01814115
01814147
01814162
01814174
01814181
01814182
01814233
01814255
01814265
01814266
01814279
01814280
01814286
01814288
01814340
01814341
01814360
01814365
01814382
01814407
01814425
01814436
01814447
01814450
01814451
01814455
01814483
01814509
01814511
01814513
01814525
01814545
01814569
01814570
01814585
01814593
01814612
01814617
01814626
01814639
01814702
01814704
01814732
01814747
01814782
01814795
01814796
01814801
01814802
01814856
01814915
01814916
01814932
01814933
01814940
01814984
01814991
01815018
01815028
01815045
01815075
01815144
01815189
01815194
01815246
01815292
01815300
01815313
01815381
01815383
01815392
01815393
01815407
01815425
01815449
01815492
01815513
01815577
01815578
01815590
01815596
01815617
01815618
01815631
01815632
01815642
01815675
01815682
01815714
01815771
01815789
01815829
01815860
01815890
01815893
01815906
01815910
01815945
01815946
01815950
01815963
01815964
01815998
01816003
01816008
01816013
01816026
01816039
01816055
01816056
01816071
01816080
01816081
01816096
01816103
01816111
01816113
01816130
01816140
01816159
01816160
01816169
01816172
01816173
01816185
01816219
01816249
01816291
01816306
01816310
01816317
01816328
01816333
01816364
01816371
01816385
01816398
01816404
01816415
01816448
01816450
01816458
01816467
01816486
01816518
01816527
01816568
01816640
01816652
01816668
01816685
01816686
01816711
01816716
01816734
01816735
01816736
01816745
01816746
01816751
01816784
01816792
01816804
01816838
01816876
01816912
01816954
01816960
01816961
01816967
01817039
01817054
01817086
01817122
01817138
01817151
01817156
01817188
01817199
01817201
01817208
01817209
01817212
01817248
01817276
01817280
01817284
01817300
01817303
01817305
01817306
01817324
01817330
01817334
01817338
01817340
01817346
01817347
01817359
01817363
01817365
01817370
01817377
01817378
01817386
01817404
01817419
01817429
01817496
01817513
01817525
01817533
01817540
01817541
01817542
01817551
01817570
01817608
01817609
01817611
01817661
01817677
01817689
01817690
01817727
01817728
01817737
01817741
01817744
01817754
01817759
01817797
01817860
01817866
01817890
01817892
01817893
01817904
01817906
01817910
01817914
01817966
01817972
01817973
01818002
01818003
01818011
01818015
01818077
01818125
01818140
01818159
01818168
01818183
01818210
01818235
01818266
01818303
01818336
01818337
01818384
01818443
01818481
01818501
01818505
01818506
01818511
01818537
01818543
01818558
01818580
01818581
01818583
01818636
01818678
01818704
01818764
01818766
01818788
01818812
01818950
01818958
01818974
01818975
01818979
01819026
01819038
01819091
01819126
01819135
01819167
01819174
01819188
01819189
01819190
01819230
01819248
01819259
01819267
01819286
01819287
01819299
01819326
01819329
01819369
01819375
01819377
01819407
01819410
01819447
01819450
01819457
01819476
01819523
01819530
01819531
01819533
01819542
01819581
01819584
01819588
01819651
01819652
01819653
01819654
01819727
01819730
01819748
01819753
01819814
01819818
01819831
01819869
01819894
01819911
01819912
01819921
01819967
01819982
01819985
01819993
01820017
01820019
01820033
01820043
01820056
01820071
01820073
01820079
01820081
01820123
01820126
01820127
01820129
01820139
01820181
01820182
01820193
01820207
01820224
01820231
01820232
01820275
01820277
01820280
01820317
01820338
01820352
01820370
01820371
01820382
01820386
01820396
01820403
01820411
01820453
01820455
01820471
01820472
01820473
01820478
01820494
01820504
01820514
01820515
01820522
01820545
01820547
01820555
01820569
01820597
01820601
01820602
01820625
01820636
01820643
01820662
01820663
01820666
01820683
01820689
01820698
01820745
01820795
01820804
01820828
01820829
01820835
01820836
01820877
01820888
01820903
01820929
01820934
01820962
01821002
01821010
01821011
01821018
01821021
01821022
01821029
01821030
01821052
01821106
01821150
01821155
01821179
01821186
01821218
01821260
01821307
01821457
01821468
01821503
01821610
01821620
01821671
01821769
01821777
01821798
01821803
01821804
01821811
01821812
01821869
01821896
01821907
01821945
01821946
01821947
01821953
01821955
01821966
01821977
01821978
01821984
01822030
01822051
01822066
01822067
01822071
01822072
01822100
01822112
01822158
01822191
01822203
01822220
01822226
01822264
01822265
01822283
01822284
01822286
01822334
01822341
01822391
01822404
01822405
01822419
01822424
01822452
01822459
01822486
01822507
01822510
01822531
01822547
01822549
01822565
01822588
01822614
01822628
01822629
01822648
01822661
01822670
01822682
01822683
01822685
01822704
01822725
01822727
01822741
01822744
01822843
01822846
01822866
01822883
01822897
01822898
01822912
01822922
01822961
01822970
01822975
01822981
01823022
01823036
01823037
01823038
01823039
01823043
01823047
01823055
01823093
01823114
01823118
01823119
01823134
01823137
01823138
01823162
01823246
01823248
01823319
01823324
01823345
01823353
01823354
01823364
01823368
01823384
01823443
01823451
01823452
01823453
01823458
01823461
01823466
01823478
01823499
01823541
01823567
01823599
01823693
01823710
01823759
01823820
01823835
01823854
01823856
01823944
01823978
01824052
01824087
01824185
01824196
01824242
01824294
01824298
01824323
01824331
01824332
01824363
01824374
01824420
01824422
01824429
01824435
01824436
01824473
01824476
01824504
01824531
01824534
01824553
01824563
01824566
01824571
01824600
01824627
01824634
01824661
01824665
01824672
01824704
01824740
01824747
01824762
01824776
01824806
01824829
01824839
01824854
01824896
01824903
01824912
01824928
01824929
01824958
01824974
01824982
01824995
01824997
01825035
01825036
01825052
01825053
01825056
01825096
01825097
01825098
01825104
01825126
01825136
01825163
01825198
01825199
01825202
01825205
01825213
01825223
01825236
01825240
01825243
01825247
01825248
01825274
01825282
01825299
01825300
01825305
01825309
01825310
01825328
01825341
01825348
01825349
01825350
01825351
01825352
01825353
01825357
01825359
01825366
01825371
01825429
01825476
01825512
01825514
01825518
01825537
01825539
01825551
01825560
01825594
01825603
01825606
01825627
01825643
01825672
01825687
01825688
01825697
01825748
01825774
01825783
01825852
01825929
01825932
01825960
01825981
01825988
01826017
01826037
01826043
01826050
01826055
01826063
01826131
01826172
01826173
01826196
01826240
01826259
01826292
01826293
01826306
01826541
01826569
01826608
01826687
01826699
01826711
01826712
01826730
01826743
01826777
01826808
01826847
01826892
01826893
01826914
01826929
01826934
01826935
01826944
01826951
01826963
01826964
01826965
01826966
01826967
01826983
01826991
01826992
01827008
01827009
01827015
01827024
01827030
01827037
01827038
01827043
01827059
01827080
01827129
01827185
01827192
01827210
01827212
01827263
01827264
01827265
01827268
01827269
01827271
01827277
01827280
01827294
01827313
01827316
01827317
01827326
01827333
01827344
01827361
01827364
01827375
01827386
01827421
01827429
01827435
01827436
01827443
01827460
01827466
01827473
01827504
01827510
01827530
01827533
01827534
01827538
01827545
01827580
01827581
01827582
01827667
01827694
01827774
01827818
01827828
01827832
01827837
01827846
01827872
01827873
01827884
01827888
01827896
01827897
01827900
01827901
01827912
01827934
01827935
01827939
01827952
01827987
01827988
01827989
01827990
01827996
01828001
01828016
01828053
01828087
01828102
01828103
01828115
01828142
01828176
01828178
01828242
01828248
01828257
01828258
01828274
01828319
01828322
01828323
01828325
01828361
01828440
01828442
01828461
01828472
01828481
01828522
01828527
01828539
01828548
01828568
01828603
01828615
01828616
01828617
01828618
01828619
01828620
01828672
01828690
01828712
01828713
01828819
01828829
01828876
01828879
01828884
01828885
01828923
01828951
01828981
01828982
01828991
01828996
01828997
01829003
01829014
01829040
01829081
01829088
01829156
01829196
01829219
01829224
01829230
01829295
01829369
01829376
01829382
01829388
01829409
01829411
01829428
01829430
01829436
01829451
01829460
01829471
01829478
01829487
01829519
01829527
01829540
01829550
01829569
01829595
01829605
01829620
01829622
01829641
01829655
01829697
01829734
01829737
01829742
01829752
01829753
01829767
01829777
01829818
01829837
01829864
01829888
01829917
01829925
01829981
01830006
01830057
01830065
01830094
01830110
01830119
01830163
01830165
01830166
01830167
01830168
01830172
01830194
01830222
01830231
01830232
01830236
01830275
01830284
01830298
01830302
01830306
01830314
01830340
01830394
01830402
01830417
01830424
01830428
01830429
01830430
01830443
01830452
01830460
01830483
01830488
01830524
01830527
01830552
01830566
01830567
01830579
01830580
01830603
01830604
01830635
01830697
01830708
01830721
01830744
01830745
01830773
01830801
01830823
01830827
01830836
01830861
01830878
01830888
01830896
01830904
01830920
01830950
01830957
01830965
01831015
01831021
01831030
01831034
01831066
01831110
01831117
01831205
01831232
01831259
01831315
01831316
01831375
01831431
01831432
01831487
01831491
01831521
01831522
01831528
01831535
01831547
01831587
01831610
01831645
01831741
01831811
01831828
01831849
01831856
01831888
01831893
01831916
01832035
01832070
01832072
01832074
01832077
01832078
01832079
01832083
01832086
01832095
01832107
01832132
01832142
01832152
01832174
01832198
01832204
01832226
01832246
01832251
01832252
01832254
01832255
01832263
01832265
01832275
01832277
01832291
01832296
01832301
01832308
01832313
01832320
01832348
01832350
01832366
01832368
01832411
01832419
01832421
01832458
01832473
01832523
01832526
01832527
01832539
01832545
01832554
01832576
01832594
01832600
01832602
01832604
01832622
01832645
01832654
01832666
01832691
01832719
01832731
01832758
01832777
01832787
01832800
01832806
01832816
01832870
01832871
01832915
01832942
01832975
01833037
01833067
01833082
01833120
01833179
01833185
01833196
01833198
01833209
01833220
01833222
01833225
01833226
01833259
01833273
01833284
01833289
01833296
01833297
01833312
01833320
01833330
01833337
01833340
01833345
01833416
01833420
01833464
01833484
01833502
01833512
01833519
01833529
01833530
01833535
01833536
01833541
01833564
01833570
01833599
01833600
01833620
01833628
01833640
01833643
01833644
01833649
01833650
01833676
01833679
01833702
01833704
01833705
01833715
01833718
01833728
01833795
01833835
01833836
01833883
01833887
01833888
01833889
01833899
01833917
01833925
01833947
01833954
01833963
01833972
01833984
01834006
01834019
01834020
01834022
01834030
01834040
01834090
01834098
01834104
01834121
01834131
01834132
01834147
01834153
01834190
01834191
01834225
01834258
01834294
01834310
01834325
01834355
01834462
01834463
01834489
01834496
01834514
01834516
01834528
01834533
01834538
01834550
01834561
01834590
01834672
01834695
01834901
01834935
01835014
01835164
01835179
01835193
01835194
01835233
01835248
01835281
01835282
01835283
01835284
01835343
01835344
01835352
01835374
01835384
01835442
01835478
01835479
01835496
01835500
01835507
01835533
01835544
01835554
01835555
01835619
01835628
01835630
01835631
01835684
01835687
01835689
01835691
01835735
01835746
01835758
01835848
01835882
01835884
01835885
01835898
01835914
01835922
01835935
01835946
01835949
01835984
01835994
01836018
01836057
01836073
01836092
01836127
01836182
01836190
01836210
01836220
01836232
01836235
01836243
01836258
01836281
01836292
01836324
01836370
01836371
01836392
01836399
01836427
01836508
01836514
01836526
01836571
01836581
01836595
01836641
01836650
01836658
01836699
01836739
01836741
01836742
01836745
01836751
01836763
01836785
01836787
01836797
01836808
01836815
01836825
01836830
01836834
01836843
01836851
01836886
01836887
01836888
01836914
01836938
01836971
01836974
01836975
01836980
01836981
01837010
01837060
01837088
01837098
01837100
01837103
01837110
01837115
01837150
01837152
01837185
01837186
01837187
01837188
01837189
01837201
01837223
01837224
01837226
01837243
01837251
01837276
01837277
01837300
01837329
01837337
01837372
01837378
01837412
01837413
01837499
01837512
01837527
01837559
01837562
01837580
01837592
01837615
01837624
01837625
01837627
01837689
01837746
01837822
01837834
01837869
01837873
01837916
01838072
01838099
01838111
01838272
01838400
01838401
01838403
01838410
01838434
01838448
01838479
01838484
01838487
01838488
01838500
01838518
01838526
01838549
01838565
01838582
01838595
01838628
01838641
01838642
01838659
01838689
01838718
01838722
01838724
01838729
01838735
01838776
01838820
01838834
01838849
01838883
01838975
01838984
01838992
01839039
01839042
01839054
01839064
01839186
01839193
01839194
01839214
01839256
01839261
01839321
01839337
01839347
01839350
01839353
01839363
01839374
01839378
01839381
01839383
01839387
01839404
01839418
01839434
01839436
01839457
01839462
01839469
01839499
01839522
01839540
01839563
01839567
01839582
01839597
01839600
01839618
01839625
01839626
01839632
01839637
01839650
01839652
01839661
01839666
01839667
01839668
01839677
01839687
01839736
01839738
01839831
01839854
01839895
01839907
01839940
01839952
01839996
01839998
01840002
01840007
01840011
01840026
01840031
01840059
01840062
01840064
01840066
01840079
01840114
01840116
01840122
01840160
01840161
01840176
01840187
01840198
01840202
01840224
01840387
01840411
01840421
01840484
01840526
01840593
01840856
01840916
01840924
01840928
01840947
01840959
01840960
01840961
01840975
01841002
01841084
01841121
01841138
01841179
01841183
01841185
01841190
01841203
01841211
01841219
01841232
01841274
01841275
01841281
01841291
01841295
01841311
01841321
01841355
01841365
01841381
01841428
01841495
01841508
01841546
01841555
01841559
01841570
01841606
01841607
01841619
01841622
01841627
01841647
01841732
01841733
01841755
01841770
01841843
01841852
01841885
01841891
01841934
01841992
01841993
01842047
01842074
01842114
01842169
01842170
01842172
01842178
01842180
01842193
01842204
01842210
01842224
01842229
01842231
01842244
01842255
01842273
01842339
01842342
01842354
01842355
01842358
01842381
01842383
01842428
01842434
01842464
01842465
01842472
01842501
01842515
01842516
01842517
01842531
01842536
01842552
01842569
01842584
01842610
01842618
01842641
01842667
01842721
01842732
01842750
01842778
01842781
01842798
01842800
01842820
01842879
01842880
01842881
01842899
01842909
01842928
01842931
01842982
01842986
01843022
01843027
01843029
01843033
01843039
01843044
01843108
01843176
01843182
01843238
01843289
01843348
01843377
01843414
01843464
01843471
01843480
01843486
01843506
01843512
01843519
01843568
01843662
01843880
01843933
01844003
01844024
01844069
01844120
01844127
01844147
01844166
01844181
01844187
01844224
01844298
01844300
01844349
01844357
01844375
01844379
01844385
01844400
01844405
01844421
01844422
01844425
01844436
01844439
01844477
01844487
01844526
01844539
01844567
01844589
01844592
01844604
01844617
01844657
01844664
01844672
01844695
01844721
01844722
01844738
01844789
01844791
01844795
01844829
01844839
01844861
01844935
01845007
01845008
01845009
01845042
01845083
01845088
01845095
01845136
01845140
01845167
01845181
01845182
01845183
01845208
01845209
01845267
01845307
01845322
01845409
01845441
01845462
01845476
01845493
01845498
01845507
01845511
01845515
01845523
01845524
01845530
01845533
01845565
01845566
01845578
01845594
01845605
01845620
01845622
01845623
01845628
01845640
01845703
01845708
01845732
01845740
01845745
01845750
01845751
01845785
01845787
01845796
01845797
01845812
01845813
01845828
01845835
01845839
01845874
01845883
01845897
01845902
01845909
01845918
01845925
01845934
01845937
01846002
01846029
01846038
01846055
01846062
01846066
01846089
01846095
01846123
01846127
01846134
01846167
01846169
01846170
01846178
01846207
01846210
01846231
01846232
01846247
01846289
01846313
01846316
01846354
01846364
01846381
01846425
01846459
01846469
01846497
01846531
01846560
01846586
01846599
01846664
01846732
01846794
01846820
01846837
01846844
01846856
01846909
01846924
01846981
01847016
01847017
01847037
01847157
01847190
01847265
01847274
01847312
01847349
01847376
01847409
01847434
01847504
01847579
01847623
01847657
01847668
01847669
01847688
01847689
01847783
01847791
01847793
01847795
01847796
01847798
01847840
01847850
01847852
01847857
01847928
01847970
01848026
01848048
01848109
01848154
01848253
01848262
01848281
01848298
01848299
01848335
01848360
01848447
01848458
01848463
01848484
01848489
01848490
01848525
01848526
01848527
01848651
01848754
01848773
01848784
01848816
01848822
01848829
01848841
01848862
01848921
01848973
01848988
01848990
01849000
01849022
01849025
01849036
01849037
01849038
01849073
01849074
01849083
01849089
01849094
01849102
01849108
01849116
01849142
01849148
01849153
01849163
01849169
01849189
01849190
01849191
01849205
01849244
01849260
01849270
01849272
01849273
01849291
01849296
01849302
01849340
01849344
01849384
01849428
01849443
01849454
01849463
01849480
01849531
01849540
01849560
01849573
01849578
01849584
01849609
01849627
01849689
01849690
01849711
01849719
01849720
01849723
01849740
01849770
01849809
01849911
01849929
01849984
01850030
01850052
01850094
01850104
01850120
01850167
01850207
01850208
01850233
01850245
01850252
01850269
01850358
01850363
01850373
01850474
01850487
01850514
01850558
01850571
01850720
01850739
01850745
01850753
01850789
01850809
01850846
01850890
01850963
01851000
01851010
01851012
01851013
01851014
01851017
01851018
01851019
01851020
01851021
01851030
01851041
01851042
01851048
01851081
01851082
01851083
01851084
01851093
01851108
01851116
01851117
01851123
01851134
01851180
01851190
01851193
01851195
01851196
01851197
01851201
01851246
01851261
01851267
01851270
01851281
01851304
01851319
01851330
01851373
01851412
01851442
01851446
01851447
01851458
01851459
01851471
01851472
01851479
01851488
01851499
01851564
01851566
01851596
01851607
01851609
01851614
01851643
01851645
01851664
01851679
01851683
01851684
01851742
01851826
01851845
01851855
01851880
01851886
01851908
01851917
01851922
01851936
01851962
01851988
01852026
01852066
01852137
01852173
01852218
01852222
01852223
01852229
01852232
01852233
01852244
01852253
01852287
01852303
01852304
01852308
01852311
01852330
01852355
01852372
01852373
01852385
01852422
01852423
01852445
01852446
01852451
01852494
01852504
01852514
01852525
01852547
01852562
01852565
01852570
01852573
01852591
01852599
01852638
01852654
01852662
01852670
01852675
01852691
01852695
01852704
01852709
01852714
01852781
01852787
01852788
01852793
01852806
01852812
01852820
01852824
01852838
01852858
01852924
01852931
01852933
01852942
01852961
01852963
01853006
01853044
01853068
01853083
01853120
01853122
01853145
01853152
01853171
01853228
01853349
01853353
01853387
01853397
01853400
01853418
01853423
01853465
01853469
01853585
01853687
01853695
01853758
01853823
01853838
01853840
01853909
01853911
01853922
01854145
01854178
01854216
01854269
01854278
01854362
01854367
01854375
01854435
01854458
01854520
01854544
01854545
01854574
01854576
01854578
01854582
01854617
01854620
01854644
01854652
01854681
01854689
01854702
01854720
01854741
01854743
01854780
01854827
01854836
01854844
01854871
01854877
01854878
01854879
01854880
01854883
01854884
01854889
01854890
01854891
01854892
01854901
01854915
01854923
01854928
01854969
01854993
01854994
01854997
01855005
01855012
01855014
01855023
01855039
01855048
01855056
01855075
01855077
01855086
01855087
01855088
01855098
01855131
01855132
01855136
01855143
01855144
01855149
01855157
01855168
01855181
01855206
01855208
01855233
01855245
01855246
01855248
01855264
01855275
01855304
01855307
01855308
01855367
01855419
01855439
01855445
01855453
01855492
01855500
01855505
01855522
01855553
01855655
01855667
01855669
01855686
01855697
01855698
01855699
01855792
01855882
01855897
01855909
01855920
01855944
01855949
01855965
01855972
01855973
01855994
01856002
01856023
01856049
01856050
01856064
01856083
01856096
01856098
01856105
01856109
01856112
01856113
01856164
01856180
01856202
01856204
01856247
01856250
01856275
01856287
01856296
01856297
01856298
01856305
01856308
01856329
01856351
01856377
01856414
01856431
01856437
01856518
01856528
01856553
01856556
01856565
01856574
01856589
01856590
01856591
01856617
01856625
01856655
01856669
01856685
01856689
01856698
01856731
01856788
01856796
01856828
01856860
01856864
01856884
01856885
01856895
01856925
01856950
01856951
01856960
01856966
01856981
01856982
01856999
01857002
01857017
01857019
01857021
01857028
01857037
01857049
01857050
01857067
01857068
01857073
01857140
01857209
01857234
01857298
01857328
01857355
01857455
01857458
01857533
01857572
01857668
01857699
01857749
01857834
01857845
01857848
01857879
01857940
01857944
01857955
01857963
01858013
01858048
01858061
01858087
01858096
01858116
01858120
01858126
01858132
01858134
01858138
01858154
01858159
01858164
01858197
01858218
01858224
01858241
01858266
01858271
01858291
01858295
01858353
01858357
01858378
01858381
01858414
01858427
01858443
01858477
01858479
01858495
01858505
01858510
01858511
01858530
01858558
01858567
01858586
01858599
01858617
01858621
01858622
01858623
01858624
01858651
01858673
01858676
01858691
01858700
01858704
01858734
01858744
01858769
01858770
01858779
01858867
01858879
01858917
01858946
01858977
01859004
01859029
01859031
01859069
01859076
01859080
01859106
01859117
01859118
01859129
01859130
01859134
01859156
01859163
01859168
01859215
01859226
01859227
01859232
01859243
01859244
01859259
01859276
01859278
01859279
01859436
01859457
01859462
01859467
01859489
01859512
01859514
01859520
01859537
01859541
01859560
01859564
01859570
01859576
01859586
01859593
01859614
01859700
01859723
01859728
01859737
01859743
01859744
01859745
01859746
01859857
01859858
01859859
01859860
01859861
01859862
01859863
01859864
01859869
01859871
01859882
01859883
01859887
01859956
01859987
01860025
01860051
01860080
01860085
01860088
01860093
01860155
01860181
01860246
01860259
01860395
01860404
01860405
01860406
01860407
01860408
01860409
01860410
01860421
01860431
01860432
01860438
01860447
01860479
01860500
01860527
01860553
01860565
01860581
01860593
01860594
01860744
01860752
01860759
01860776
01860787
01860805
01860808
01860831
01860832
01860833
01860834
01860835
01860836
01860857
01860861
01860963
01860966
01861055
01861077
01861094
01861162
01861178
01861229
01861231
01861258
01861284
01861295
01861359
01861365
01861366
01861396
01861397
01861425
01861433
01861442
01861450
01861463
01861470
01861493
01861494
01861498
01861499
01861501
01861509
01861513
01861514
01861518
01861542
01861548
01861553
01861561
01861576
01861592
01861594
01861600
01861621
01861659
01861682
01861686
01861687
01861711
01861720
01861721
01861726
01861727
01861778
01861808
01861810
01861845
01861848
01861862
01861863
01861864
01861865
01861866
01861867
01861872
01861874
01861875
01861876
01861879
01861910
01861927
01861958
01861966
01861984
01862027
01862045
01862059
01862081
01862090
01862093
01862153
01862154
01862163
01862214
01862255
01862264
01862283
01862302
01862349
01862388
01862436
01862438
01862463
01862485
01862539
01862540
01862563
01862580
01862594
01862598
01862606
01862608
01862630
01862633
01862649
01862650
01862656
01862657
01862658
01862659
01862661
01862662
01862672
01862680
01862682
01862683
01862712
01862721
01862722
01862768
01862769
01862772
01862785
01862804
01862806
01862807
01862808
01862814
01862819
01862824
01862843
01862881
01862890
01862895
01862899
01862900
01862928
01862929
01862930
01862936
01862939
01862959
01862972
01862980
01862990
01862999
01863006
01863028
01863040
01863049
01863067
01863125
01863154
01863161
01863163
01863169
01863174
01863185
01863222
01863224
01863272
01863279
01863281
01863354
01863355
01863357
01863379
01863388
01863399
01863400
01863402
01863408
01863439
01863472
01863478
01863487
01863503
01863515
01863517
01863549
01863555
01863579
01863597
01863609
01863627
01863652
01863671
01863765
01863848
01863859
01863896
01863897
01863940
01864011
01864013
01864014
01864016
01864043
01864044
01864061
01864098
01864107
01864144
01864266
01864302
01864306
01864331
01864338
01864372
01864423
01864445
01864455
01864497
01864513
01864524
01864525
01864564
01864565
01864629
01864652
01864653
01864667
01864706
01864736
01864772
01864799
01864815
01864834
01864835
01864876
01864897
01864954
01864955
01865008
01865018
01865028
01865044
01865046
01865049
01865055
01865099
01865114
01865127
01865164
01865175
01865182
01865183
01865234
01865254
01865291
01865292
01865303
01865318
01865319
01865320
01865330
01865332
01865341
01865342
01865356
01865363
01865372
01865455
01865456
01865465
01865480
01865494
01865500
01865502
01865503
01865515
01865540
01865565
01865566
01865572
01865578
01865583
01865588
01865658
01865660
01865689
01865729
01865757
01865772
01865929
01865944
01865981
01865989
01865993
01865998
01866008
01866011
01866016
01866022
01866032
01866062
01866063
01866067
01866081
01866086
01866158
01866180
01866181
01866199
01866202
01866203
01866214
01866217
01866219
01866221
01866226
01866232
01866260
01866275
01866325
01866326
01866333
01866349
01866354
01866355
01866398
01866401
01866424
01866439
01866460
01866469
01866482
01866483
01866505
01866506
01866517
01866518
01866519
01866527
01866541
01866664
01866665
01866667
01866704
01866735
01866745
01866758
01866808
01866845
01866850
01866879
01866892
01866906
01866907
01866913
01866925
01866926
01866941
01866972
01866983
01867020
01867026
01867034
01867048
01867051
01867056
01867058
01867083
01867102
01867110
01867157
01867172
01867174
01867185
01867209
01867229
01867236
01867298
01867351
01867366
01867545
01867595
01867608
01867638
01867691
01867735
01867864
01867877
01867948
01867951
01867968
01868015
01868048
01868108
01868126
01868128
01868159
01868160
01868171
01868181
01868220
01868247
01868253
01868286
01868305
01868320
01868353
01868354
01868355
01868360
01868381
01868396
01868399
01868408
01868415
01868426
01868428
01868429
01868448
01868462
01868468
01868478
01868502
01868527
01868531
01868549
01868566
01868573
01868597
01868613
01868656
01868662
01868668
01868685
01868710
01868723
01868727
01868779
01868780
01868821
01868845
01868877
01868902
01868922
01868926
01868932
01869032
01869063
01869064
01869087
01869088
01869092
01869106
01869112
01869115
01869116
01869117
01869127
01869128
01869216
01869278
01869282
01869292
01869402
01869479
01869484
01869503
01869512
01869514
01869515
01869518
01869549
01869554
01869555
01869556
01869568
01869573
01869585
01869600
01869601
01869605
01869606
01869624
01869652
01869671
01869677
01869686
01869700
01869703
01869708
01869721
01869727
01869732
01869760
01869793
01869811
01869823
01869824
01869835
01869901
01869972
01870007
01870009
01870030
01870031
01870048
01870065
01870083
01870126
01870141
01870142
01870168
01870197
01870222
01870229
01870234
01870247
01870260
01870274
01870307
01870308
01870316
01870346
01870376
01870406
01870415
01870475
01870532
01870551
01870570
01870581
01870645
01870653
01870688
01870697
01870699
01870716
01870762
01870779
01870878
01870905
01870928
01870930
01870963
01870994
01870997
01871026
01871100
01871132
01871167
01871172
01871181
01871228
01871237
01871275
01871356
01871399
01871431
01871432
01871434
01871503
01871505
01871508
01871537
01871538
01871547
01871555
01871672
01871705
01871734
01871745
01871773
01871779
01871780
01871811
01871826
01871831
01871846
01871863
01871886
01871892
01871894
01871898
01871904
01871905
01871909
01871957
01871977
01871979
01871983
01871999
01872000
01872066
01872068
01872103
01872112
01872116
01872129
01872170
01872172
01872173
01872174
01872176
01872183
01872192
01872212
01872227
01872240
01872242
01872249
01872283
01872300
01872306
01872307
01872372
01872375
01872402
01872421
01872431
01872456
01872469
01872484
01872485
01872487
01872505
01872508
01872519
01872540
01872612
01872636
01872639
01872653
01872654
01872659
01872661
01872664
01872670
01872672
01872673
01872687
01872708
01872737
01872784
01872786
01872789
01872791
01872796
01872804
01872821
01872843
01872847
01872852
01872862
01872866
01872869
01872911
01872917
01872930
01872931
01872941
01872946
01872962
01872964
01872976
01872980
01873001
01873010
01873011
01873035
01873073
01873084
01873089
01873090
01873091
01873092
01873098
01873099
01873104
01873105
01873108
01873109
01873110
01873170
01873195
01873225
01873227
01873232
01873247
01873301
01873302
01873333
01873349
01873367
01873382
01873389
01873421
01873424
01873472
01873488
01873525
01873583
01873584
01873591
01873595
01873684
01873699
01873723
01873738
01873781
01873797
01873811
01873813
01873819
01873831
01873870
01873904
01873963
01873980
01874035
01874082
01874086
01874106
01874198
01874201
01874209
01874210
01874221
01874224
01874278
01874382
01874486
01874499
01874526
01874534
01874640
01874642
01874657
01874684
01874771
01874801
01874806
01874837
01874841
01874847
01874857
01874875
01874895
01874906
01874914
01874964
01874990
01875034
01875049
01875050
01875086
01875099
01875121
01875138
01875146
01875148
01875150
01875234
01875236
01875245
01875274
01875278
01875286
01875318
01875325
01875386
01875472
01875474
01875493
01875529
01875553
01875576
01875581
01875660
01875722
01875755
01875818
01875820
01875824
01875843
01875847
01875937
01875938
01875966
01875972
01875990
01876001
01876013
01876032
01876058
01876068
01876069
01876077
01876082
01876094
01876116
01876119
01876148
01876159
01876162
01876189
01876196
01876197
01876202
01876219
01876231
01876233
01876234
01876241
01876247
01876269
01876276
01876295
01876296
01876314
01876328
01876333
01876334
01876335
01876336
01876337
01876338
01876352
01876355
01876362
01876372
01876380
01876389
01876407
01876434
01876435
01876525
01876528
01876552
01876557
01876563
01876581
01876627
01876668
01876695
01876717
01876735
01876736
01876748
01876752
01876820
01876821
01876827
01876850
01876869
01876879
01876885
01876901
01876907
01876940
01877074
01877085
01877117
01877172
01877205
01877247
01877263
01877284
01877361
01877433
01877434
01877436
01877481
01877566
01877576
01877583
01877587
01877616
01877647
01877659
01877662
01877692
01877706
01877708
01877715
01877721
01877739
01877753
01877756
01877763
01877780
01877782
01877791
01877827
01877830
01877842
01877898
01877930
01877940
01877943
01877952
01877967
01878000
01878041
01878078
01878104
01878113
01878114
01878118
01878156
01878157
01878224
01878280
01878308
01878337
01878367
01878370
01878385
01878389
01878396
01878403
01878404
01878415
01878436
01878443
01878452
01878458
01878463
01878466
01878469
01878483
01878505
01878514
01878543
01878546
01878554
01878555
01878557
01878573
01878578
01878583
01878589
01878620
01878626
01878627
01878680
01878707
01878708
01878709
01878769
01878788
01878794
01878798
01878802
01878803
01878866
01878885
01878886
01878887
01878902
01878961
01878977
01878997
01879021
01879036
01879041
01879053
01879067
01879094
01879120
01879136
01879137
01879142
01879156
01879182
01879191
01879211
01879229
01879230
01879231
01879232
01879243
01879299
01879300
01879302
01879312
01879338
01879482
01879508
01879511
01879527
01879589
01879590
01879763
01879793
01879794
01879799
01879840
01879885
01879972
01879984
01880093
01880123
01880138
01880287
01880302
01880303
01880319
01880341
01880343
01880373
01880397
01880401
01880429
01880471
01880476
01880492
01880499
01880512
01880517
01880526
01880557
01880560
01880562
01880586
01880589
01880598
01880610
01880634
01880647
01880666
01880693
01880728
01880730
01880736
01880751
01880779
01880812
01880840
01880874
01880875
01880897
01880949
01880981
01880985
01880986
01881030
01881034
01881040
01881041
01881043
01881052
01881071
01881072
01881083
01881092
01881165
01881172
01881182
01881203
01881243
01881305
01881362
01881365
01881396
01881469
01881495
01881531
01881570
01881610
01881696
01881697
01881718
01881772
01881780
01881797
01881802
01881803
01881806
01881807
01881821
01881833
01881846
01881864
01881888
01881892
01881933
01881943
01881954
01881956
01881962
01881980
01881982
01882026
01882038
01882080
01882093
01882096
01882122
01882132
01882142
01882167
01882186
01882196
01882200
01882208
01882209
01882217
01882229
01882239
01882240
01882241
01882242
01882243
01882244
01882245
01882246
01882247
01882248
01882249
01882250
01882251
01882252
01882253
01882254
01882255
01882256
01882257
01882258
01882259
01882260
01882261
01882262
01882265
01882266
01882269
01882281
01882289
01882319
01882335
01882341
01882351
01882352
01882353
01882365
01882373
01882374
01882375
01882402
01882403
01882411
01882412
01882424
01882425
01882451
01882453
01882465
01882478
01882488
01882501
01882502
01882526
01882536
01882537
01882541
01882551
01882582
01882592
01882601
01882602
01882611
01882630
01882726
01882752
01882753
01882759
01882768
01882779
01882780
01882812
01882814
01882833
01882870
01882893
01882902
01882904
01882951
01882984
01883019
01883054
01883118
01883120
01883128
01883197
01883208
01883219
01883269
01883278
01883313
01883328
01883386
01883439
01883478
01883491
01883497
01883538
01883560
01883599
01883629
01883680
01883681
01883682
01883726
01883729
01883880
01883888
01883968
01883990
01884002
01884039
01884056
01884075
01884081
01884083
01884085
01884091
01884097
01884118
01884139
01884147
01884163
01884164
01884184
01884195
01884221
01884228
01884237
01884261
01884329
01884330
01884332
01884342
01884347
01884374
01884414
01884435
01884441
01884477
01884483
01884503
01884545
01884570
01884597
01884600
01884638
01884640
01884691
01884707
01884708
01884732
01884740
01884756
01884803
01884815
01884816
01884825
01884838
01884851
01884886
01884957
01884961
01884964
01885010
01885050
01885100
01885106
01885117
01885138
01885145
01885152
01885159
01885161
01885177
01885186
01885211
01885228
01885259
01885277
01885282
01885289
01885309
01885315
01885340
01885348
01885400
01885411
01885424
01885450
01885457
01885460
01885481
01885486
01885490
01885501
01885518
01885551
01885554
01885559
01885563
01885583
01885591
01885627
01885646
01885695
01885704
01885712
01885771
01885772
01885797
01885814
01885821
01885828
01885838
01885849
01885858
01885936
01885937
01885939
01885961
01885993
01886024
01886030
01886048
01886082
01886238
01886290
01886429
01886491
01886537
01886576
01886656
01886716
01886778
01886785
01886792
01886817
01886839
01886885
01886896
01886897
01886903
01886959
01886981
01886989
01886991
01886996
01887003
01887004
01887071
01887074
01887090
01887132
01887150
01887177
01887266
01887270
01887275
01887288
01887302
01887312
01887326
01887345
01887346
01887387
01887485
01887504
01887549
01887599
01887600
01887605
01887629
01887632
01887657
01887658
01887744
01887746
01887763
01887767
01887777
01887802
01887822
01887848
01887850
01887858
01887891
01887915
01887927
01887932
01887941
01887953
01887961
01887964
01887969
01887973
01887974
01887992
01887998
01888003
01888018
01888030
01888043
01888046
01888050
01888072
01888109
01888125
01888137
01888145
01888164
01888165
01888166
01888172
01888173
01888177
01888192
01888200
01888201
01888207
01888210
01888269
01888274
01888275
01888290
01888338
01888340
01888352
01888365
01888374
01888387
01888390
01888397
01888401
01888408
01888409
01888416
01888417
01888418
01888423
01888446
01888474
01888508
01888524
01888527
01888536
01888555
01888556
01888557
01888583
01888596
01888601
01888603
01888653
01888661
01888716
01888738
01888763
01888775
01888776
01888779
01888781
01888792
01888810
01888812
01888821
01888824
01888825
01888867
01888896
01888904
01888934
01888962
01888974
01889005
01889006
01889021
01889026
01889038
01889071
01889130
01889149
01889199
01889207
01889277
01889295
01889392
01889405
01889409
01889447
01889463
01889483
01889498
01889583
01889632
01889717
01889739
01889743
01889786
01889790
01889823
01889826
01889839
01889891
01889966
01890003
01890027
01890044
01890055
01890063
01890065
01890091
01890094
01890105
01890164
01890178
01890210
01890235
01890243
01890248
01890249
01890262
01890334
01890335
01890341
01890355
01890379
01890416
01890425
01890473
01890506
01890508
01890517
01890525
01890527
01890539
01890543
01890555
01890570
01890573
01890583
01890625
01890660
01890673
01890686
01890701
01890708
01890737
01890746
01890759
01890767
01890782
01890808
01890942
01891040
01891058
01891114
01891120
01891122
01891126
01891136
01891138
01891154
01891160
01891170
01891186
01891191
01891206
01891218
01891220
01891221
01891223
01891236
01891237
01891239
01891253
01891277
01891295
01891304
01891305
01891306
01891307
01891313
01891314
01891319
01891326
01891359
01891373
01891396
01891398
01891404
01891407
01891420
01891424
01891432
01891436
01891470
01891501
01891570
01891577
01891578
01891580
01891585
01891588
01891596
01891600
01891602
01891603
01891615
01891622
01891651
01891659
01891702
01891703
01891704
01891706
01891724
01891744
01891761
01891809
01891831
01891865
01891872
01891938
01891961
01891999
01892049
01892098
01892232
01892255
01892268
01892274
01892324
01892395
01892414
01892442
01892517
01892549
01892596
01892637
01892685
01892734
01892742
01892746
01892753
01892755
01892793
01892825
01892826
01892828
01892830
01892834
01892839
01892853
01892856
01892890
01892906
01892912
01892925
01892943
01892958
01892975
01893010
01893024
01893037
01893049
01893068
01893069
01893090
01893097
01893152
01893160
01893170
01893180
01893207
01893208
01893211
01893247
01893268
01893278
01893293
01893315
01893325
01893326
01893356
01893402
01893439
01893464
01893476
01893551
01893596
01893603
01893604
01893607
01893620
01893639
01893640
01893641
01893669
01893675
01893680
01893699
01893708
01893744
01893794
01893827
01893828
01893829
01893853
01893866
01893875
01893876
01893877
01893885
01893892
01893920
01893921
01893922
01893965
01893983
01893995
01894016
01894038
01894039
01894040
01894050
01894067
01894083
01894095
01894104
01894110
01894149
01894162
01894169
01894182
01894200
01894219
01894284
01894294
01894313
01894315
01894329
01894346
01894349
01894369
01894386
01894389
01894433
01894434
01894451
01894456
01894471
01894493
01894503
01894523
01894526
01894527
01894591
01894673
01894683
01894714
01894722
01894750
01894780
01894871
01894920
01894927
01895003
01895031
01895154
01895173
01895179
01895209
01895262
01895273
01895434
01895451
01895452
01895455
01895457
01895476
01895477
01895481
01895504
01895506
01895507
01895519
01895530
01895531
01895557
01895579
01895580
01895582
01895598
01895609
01895617
01895643
01895653
01895662
01895666
01895673
01895688
01895691
01895705
01895707
01895709
01895711
01895715
01895724
01895753
01895775
01895780
01895787
01895794
01895804
01895873
01895876
01895895
01895913
01895917
01896001
01896011
01896015
01896020
01896065
01896068
01896097
01896113
01896149
01896165
01896194
01896220
01896280
01896298
01896382
01896459
01896505
01896509
01896510
01896515
01896524
01896551
01896555
01896559
01896568
01896576
01896592
01896604
01896659
01896665
01896668
01896669
01896678
01896692
01896716
01896742
01896755
01896769
01896770
01896790
01896813
01896814
01896833
01896852
01896861
01896872
01896879
01896902
01896931
01896941
01896949
01896953
01896962
01897002
01897013
01897071
01897101
01897166
01897168
01897189
01897195
01897196
01897197
01897200
01897206
01897224
01897227
01897276
01897303
01897308
01897326
01897359
01897363
01897382
01897385
01897403
01897437
01897450
01897466
01897485
01897506
01897537
01897674
01897677
01897688
01897723
01897752
01897764
01897772
01897833
01897835
01897837
01897850
01897918
01897921
01897924
01897971
01897988
01898011
01898215
01898216
01898251
01898278
01898329
01898391
01898393
01898408
01898430
01898431
01898458
01898490
01898583
01898603
01898620
01898626
01898634
01898635
01898636
01898637
01898661
01898696
01898718
01898722
01898733
01898780
01898810
01898816
01898823
01898911
01898933
01898974
01898980
01898991
01899005
01899013
01899019
01899029
01899059
01899065
01899082
01899113
01899119
01899120
01899157
01899192
01899213
01899218
01899234
01899247
01899269
01899282
01899309
01899311
01899315
01899320
01899323
01899329
01899341
01899360
01899405
01899442
01899448
01899450
01899530
01899533
01899633
01899638
01899647
01899716
01899728
01899752
01899781
01899788
01899807
01899823
01899832
01899863
01899871
01899874
01899884
01899891
01899898
01899901
01899909
01899915
01899916
01899921
01899926
01899928
01899954
01899957
01899973
01899976
01899985
01899991
01899997
01900028
01900029
01900030
01900061
01900067
01900073
01900075
01900084
01900127
01900130
01900144
01900153
01900156
01900183
01900185
01900190
01900232
01900245
01900249
01900272
01900274
01900275
01900293
01900317
01900354
01900381
01900382
01900391
01900442
01900561
01900598
01900599
01900607
01900609
01900611
01900618
01900642
01900659
01900676
01900682
01900703
01900712
01900728
01900729
01900738
01900759
01900776
01900784
01900788
01900797
01900806
01900807
01900814
01900837
01900838
01900840
01900882
01900922
01900983
01900990
01901006
01901055
01901083
01901131
01901141
01901142
01901217
01901227
01901230
01901306
01901332
01901381
01901407
01901463
01901502
01901543
01901562
01901570
01901576
01901588
01901593
01901647
01901762
01901773
01901784
01901792
01901796
01901802
01901803
01901851
01901861
01901873
01901936
01901985
01901996
01902032
01902052
01902068
01902070
01902099
01902118
01902138
01902158
01902161
01902241
01902261
01902262
01902277
01902294
01902306
01902316
01902317
01902324
01902343
01902358
01902359
01902368
01902475
01902537
01902538
01902552
01902612
01902620
01902681
01902741
01902746
01902766
01902778
01902786
01902789
01902798
01902817
01902820
01902823
01902835
01902840
01902903
01902904
01902906
01902921
01902931
01902941
01902973
01902977
01902982
01902984
01902997
01903001
01903012
01903015
01903031
01903039
01903067
01903073
01903079
01903080
01903089
01903110
01903185
01903193
01903269
01903312
01903313
01903346
01903372
01903381
01903387
01903393
01903425
01903520
01903542
01903544
01903577
01903637
01903661
01903671
01903757
01903781
01903824
01903828
01903875
01903892
01903938
01903957
01903969
01903988
01904053
01904058
01904061
01904082
01904089
01904122
01904123
01904124
01904159
01904196
01904218
01904220
01904246
01904317
01904337
01904344
01904371
01904376
01904402
01904406
01904414
01904417
01904418
01904444
01904445
01904463
01904467
01904480
01904486
01904514
01904551
01904559
01904589
01904604
01904608
01904635
01904765
01904766
01904792
01904822
01904848
01904858
01904881
01904897
01904915
01904921
01905046
01905047
01905128
01905142
01905159
01905179
01905199
01905220
01905232
01905384
01905397
01905677
01905681
01905686
01905701
01905736
01905737
01905752
01905758
01905941
01906134
01906163
01906206
01906242
01906244
01906266
01906268
01906269
01906272
01906273
01906275
01906288
01906290
01906291
01906312
01906375
01906397
01906415
01906418
01906420
01906456
01906465
01906474
01906487
01906488
01906498
01906527
01906561
01906568
01906588
01906597
01906598
01906599
01906626
01906645
01906664
01906665
01906672
01906701
01906709
01906716
01906731
01906773
01906775
01906780
01906783
01906812
01906841
01906856
01906863
01906891
01906919
01907001
01907127
01907143
01907233
01907354
01907363
01907370
01907388
01907399
01907426
01907471
01907487
01907494
01907496
01907540
01907549
01907550
01907578
01907627
01907631
01907638
01907645
01907648
01907661
01907704
01907706
01907731
01907733
01907767
01907780
01907786
01907787
01907790
01907791
01907797
01907816
01907822
01907837
01907838
01907839
01907865
01907903
01907912
01907938
01907949
01907988
01907989
01907990
01907992
01907998
01908029
01908104
01908133
01908201
01908203
01908256
01908261
01908271
01908280
01908282
01908300
01908303
01908329
01908332
01908353
01908362
01908368
01908370
01908378
01908427
01908491
01908559
01908630
01908632
01908721
01908727
01908733
01908801
01908898
01908977
01909028
01909042
01909076
01909098
01909168
01909207
01909219
01909250
01909276
01909278
01909333
01909418
01909448
01909503
01909535
01909567
01909594
01909595
01909597
01909598
01909600
01909611
01909626
01909640
01909651
01909657
01909680
01909688
01909714
01909735
01909740
01909741
01909754
01909756
01909776
01909781
01909797
01909837
01909877
01909882
01909909
01909918
01909922
01909927
01909934
01909941
01909947
01909957
01909978
01909987
01909988
01909989
01910016
01910034
01910093
01910112
01910113
01910128
01910130
01910148
01910212
01910214
01910222
01910228
01910248
01910300
01910301
01910302
01910310
01910315
01910331
01910370
01910371
01910417
01910426
01910457
01910458
01910461
01910530
01910544
01910552
01910559
01910582
01910611
01910612
01910615
01910630
01910635
01910647
01910657
01910666
01910667
01910694
01910699
01910746
01910751
01910753
01910841
01910842
01910854
01910878
01910879
01910890
01910904
01910905
01910912
01910913
01910945
01910949
01910957
01910960
01910978
01911000
01911010
01911011
01911022
01911031
01911042
01911045
01911088
01911129
01911168
01911171
01911221
01911235
01911292
01911325
01911341
01911362
01911376
01911421
01911437
01911474
01911487
01911490
01911525
01911598
01911604
01911611
01911643
01911647
01911652
01911653
01911674
01911750
01911827
01911843
01912032
01912049
01912091
01912098
01912124
01912150
01912151
01912179
01912200
01912206
01912209
01912210
01912212
01912215
01912226
01912242
01912257
01912283
01912294
01912307
01912311
01912319
01912330
01912354
01912357
01912362
01912385
01912406
01912436
01912444
01912456
01912479
01912499
01912515
01912518
01912543
01912559
01912563
01912594
01912620
01912639
01912646
01912668
01912702
01912733
01912751
01912869
01912878
01912890
01912902
01912914
01912918
01912923
01912937
01912938
01912949
01912952
01912953
01912984
01912990
01913015
01913018
01913019
01913028
01913031
01913034
01913073
01913074
01913078
01913088
01913089
01913090
01913091
01913092
01913093
01913094
01913166
01913167
01913170
01913173
01913176
01913177
01913224
01913235
01913247
01913282
01913292
01913311
01913323
01913356
01913357
01913390
01913408
01913463
01913501
01913533
01913535
01913537
01913641
01913696
01913704
01913726
01913727
01913780
01913811
01913816
01913841
01913870
01913901
01913984
01913992
01914001
01914106
01914115
01914155
01914217
01914224
01914243
01914329
01914335
01914386
01914400
01914415
01914455
01914492
01914528
01914529
01914530
01914540
01914571
01914603
01914611
01914621
01914627
01914631
01914637
01914645
01914650
01914653
01914690
01914707
01914730
01914780
01914781
01914798
01914837
01914853
01914857
01914858
01914920
01914921
01914922
01914975
01915017
01915051
01915055
01915061
01915063
01915112
01915128
01915129
01915138
01915139
01915140
01915142
01915153
01915212
01915230
01915231
01915232
01915233
01915235
01915347
01915387
01915412
01915427
01915436
01915442
01915447
01915451
01915452
01915460
01915465
01915476
01915483
01915491
01915493
01915496
01915505
01915515
01915522
01915542
01915550
01915562
01915567
01915568
01915570
01915575
01915576
01915590
01915591
01915592
01915593
01915603
01915619
01915651
01915681
01915683
01915684
01915690
01915722
01915737
01915738
01915751
01915755
01915762
01915778
01915783
01915820
01915828
01915831
01915893
01915897
01915901
01915909
01915911
01915974
01916021
01916031
01916152
01916172
01916266
01916290
01916309
01916310
01916337
01916339
01916349
01916367
01916392
01916410
01916413
01916434
01916459
01916467
01916485
01916510
01916564
01916574
01916620
01916688
01916717
01916729
01916740
01916747
01916802
01916845
01916846
01916853
01916860
01916926
01916964
01917070
01917163
01917169
01917193
01917200
01917282
01917288
01917290
01917291
01917292
01917309
01917310
01917343
01917347
01917350
01917376
01917404
01917406
01917407
01917408
01917418
01917424
01917436
01917536
01917555
01917574
01917575
01917645
01917666
01917691
01917699
01917700
01917713
01917721
01917764
01917765
01917793
01917851
01917853
01917865
01917923
01917924
01917982
01917991
01917994
01918032
01918048
01918089
01918105
01918168
01918184
01918193
01918205
01918226
01918233
01918245
01918273
01918312
01918318
01918341
01918351
01918371
01918373
01918376
01918442
01918450
01918464
01918466
01918486
01918491
01918505
01918511
01918516
01918546
01918552
01918603
01918615
01918616
01918647
01918651
01918659
01918691
01918693
01918714
01918718
01918743
01918748
01918757
01918778
01918825
01918874
01918897
01918928
01918937
01918939
01918953
01918990
01919009
01919018
01919062
01919068
01919144
01919150
01919157
01919226
01919266
01919278
01919279
01919285
01919286
01919291
01919292
01919300
01919352
01919359
01919360
01919364
01919373
01919393
01919406
01919419
01919469
01919470
01919527
01919528
01919551
01919557
01919573
01919585
01919592
01919597
01919616
01919641
01919659
01919687
01919748
01919785
01919821
01919922
01919926
01919932
01919953
01919992
01920040
01920052
01920244
01920353
01920378
01920410
01920450
01920478
01920504
01920511
01920546
01920580
01920589
01920592
01920596
01920626
01920647
01920648
01920669
01920709
01920711
01920730
01920733
01920755
01920758
01920760
01920795
01920804
01920816
01920827
01920832
01920852
01920885
01920898
01920902
01920910
01920916
01920922
01920940
01920942
01920950
01920966
01920989
01921021
01921034
01921086
01921111
01921130
01921156
01921208
01921220
01921234
01921237
01921241
01921266
01921276
01921316
01921353
01921376
01921479
01921486
01921518
01921547
01921593
01921594
01921599
01921637
01921643
01921647
01921670
01921677
01921685
01921693
01921698
01921699
01921719
01921720
01921724
01921727
01921732
01921733
01921747
01921752
01921778
01921826
01921841
01921845
01921854
01921855
01921887
01921905
01921907
01921908
01921909
01921932
01921936
01921943
01921979
01921988
01922002
01922040
01922050
01922061
01922086
01922112
01922122
01922145
01922176
01922234
01922235
01922257
01922264
01922300
01922317
01922325
01922326
01922328
01922348
01922364
01922370
01922399
01922448
01922456
01922466
01922470
01922521
01922543
01922544
01922547
01922575
01922628
01922653
01922670
01922672
01922698
01922702
01922703
01922742
01922779
01922816
01922820
01922847
01922921
01923015
01923045
01923211
01923218
01923229
01923284
01923287
01923319
01923320
01923321
01923408
01923416
01923421
01923429
01923457
01923505
01923542
01923609
01923627
01923636
01923687
01923724
01923795
01923830
01923836
01923845
01923878
01923904
01923914
01923915
01923964
01923965
01923966
01923986
01923988
01924006
01924035
01924046
01924058
01924063
01924080
01924109
01924137
01924148
01924159
01924201
01924203
01924210
01924230
01924248
01924254
01924274
01924276
01924281
01924282
01924284
01924285
01924288
01924304
01924331
01924333
01924334
01924420
01924428
01924429
01924430
01924458
01924459
01924622
01924623
01924624
01924629
01924630
01924666
01924690
01924711
01924712
01924713
01924775
01924800
01924936
01924937
01924968
01924971
01924987
01924999
01925023
01925024
01925036
01925037
01925038
01925055
01925080
01925083
01925101
01925111
01925112
01925116
01925119
01925180
01925181
01925201
01925214
01925221
01925222
01925232
01925241
01925253
01925259
01925330
01925353
01925355
01925371
01925382
01925397
01925404
01925446
01925454
01925479
01925480
01925489
01925490
01925512
01925523
01925537
01925542
01925572
01925581
01925611
01925658
01925660
01925661
01925798
01925863
01925865
01925869
01925967
01926078
01926099
01926115
01926185
01926200
01926250
01926261
01926296
01926304
01926523
01926576
01926646
01926664
01926672
01926703
01926749
01926761
01926828
01926843
01926847
01926852
01926879
01926880
01926885
01926894
01926932
01926962
01926997
01927027
01927043
01927054
01927107
01927110
01927123
01927190
01927191
01927198
01927293
01927312
01927330
01927390
01927445
01927469
01927470
01927473
01927498
01927500
01927504
01927541
01927547
01927566
01927576
01927592
01927711
01927712
01927727
01927786
01927798
01927836
01927850
01927864
01927865
01927889
01927905
01927915
01927916
01927917
01927918
01927919
01927936
01927945
01927964
01927965
01927966
01927974
01927991
01928004
01928025
01928037
01928053
01928090
01928101
01928102
01928154
01928185
01928186
01928192
01928242
01928255
01928310
01928328
01928335
01928350
01928353
01928363
01928364
01928380
01928404
01928410
01928425
01928426
01928427
01928468
01928487
01928506
01928538
01928551
01928570
01928598
01928612
01928647
01928699
01928778
01928815
01928847
01928918
01928949
01928952
01928954
01929012
01929072
01929128
01929149
01929252
01929287
01929479
01929525
01929725
01929746
01929756
01929757
01929758
01929777
01929781
01929786
01929789
01929842
01929866
01929876
01929897
01929915
01929916
01929917
01929918
01929919
01929928
01929936
01929956
01929975
01930013
01930026
01930075
01930076
01930122
01930159
01930189
01930200
01930201
01930203
01930206
01930262
01930286
01930296
01930299
01930302
01930317
01930322
01930345
01930379
01930380
01930384
01930425
01930439
01930518
01930628
01930652
01930666
01930671
01930701
01930703
01930704
01930705
01930736
01930760
01930761
01930778
01930789
01930792
01930795
01930810
01930878
01930886
01930887
01930905
01930921
01930949
01930954
01930964
01930965
01930977
01931007
01931012
01931022
01931023
01931041
01931052
01931074
01931080
01931119
01931124
01931130
01931157
01931159
01931185
01931224
01931225
01931292
01931348
01931352
01931401
01931439
01931452
01931472
01931498
01931502
01931519
01931546
01931563
01931568
01931569
01931573
01931578
01931617
01931848
01931880
01931932
01931947
01931972
01931987
01932008
01932010
01932033
01932102
01932183
01932186
01932238
01932366
01932449
01932526
01932529
01932531
01932533
01932578
01932584
01932693
01932712
01932713
01932728
01932735
01932741
01932756
01932760
01932761
01932767
01932768
01932772
01932778
01932784
01932785
01932787
01932794
01932799
01932820
01932824
01932844
01932860
01932878
01932879
01932883
01932884
01932886
01932918
01932926
01932955
01932957
01932958
01932966
01932981
01932982
01932995
01933013
01933052
01933067
01933075
01933099
01933149
01933150
01933168
01933172
01933176
01933194
01933197
01933218
01933239
01933306
01933311
01933342
01933376
01933385
01933391
01933415
01933443
01933445
01933449
01933500
01933524
01933542
01933553
01933558
01933576
01933579
01933611
01933619
01933623
01933690
01933699
01933722
01933768
01933835
01933842
01933923
01933924
01933929
01933930
01933931
01933932
01933960
01933962
01933963
01933974
01933981
01934044
01934058
01934064
01934068
01934085
01934087
01934095
01934100
01934103
01934140
01934161
01934193
01934194
01934195
01934196
01934281
01934283
01934319
01934325
01934335
01934343
01934353
01934380
01934404
01934428
01934448
01934485
01934488
01934551
01934555
01934598
01934599
01934602
01934612
01934620
01934637
01934642
01934691
01934700
01934718
01934728
01934791
01934794
01934799
01934803
01934804
01934810
01934824
01934826
01934853
01934864
01934907
01934942
01934948
01934964
01934965
01935019
01935037
01935115
01935172
01935175
01935177
01935206
01935207
01935287
01935331
01935332
01935392
01935454
01935477
01935596
01935683
01935704
01935776
01935824
01935841
01935901
01935908
01935967
01935982
01935994
01936001
01936013
01936015
01936025
01936058
01936063
01936091
01936100
01936132
01936141
01936145
01936153
01936155
01936160
01936167
01936169
01936180
01936182
01936208
01936228
01936273
01936274
01936283
01936289
01936353
01936355
01936362
01936372
01936373
01936378
01936397
01936415
01936441
01936499
01936520
01936537
01936542
01936543
01936552
01936553
01936569
01936607
01936609
01936617
01936632
01936644
01936645
01936654
01936665
01936681
01936697
01936733
01936770
01936772
01936805
01936868
01936888
01936892
01936911
01936912
01936913
01936921
01936928
01936935
01936976
01936983
01937010
01937037
01937055
01937057
01937077
01937080
01937081
01937092
01937099
01937114
01937124
01937128
01937129
01937132
01937151
01937163
01937164
01937171
01937172
01937173
01937174
01937179
01937180
01937186
01937199
01937202
01937208
01937216
01937237
01937238
01937282
01937292
01937322
01937357
01937370
01937381
01937386
01937393
01937401
01937405
01937427
01937500
01937518
01937554
01937560
01937561
01937562
01937563
01937570
01937588
01937598
01937615
01937616
01937617
01937644
01937672
01937678
01937680
01937713
01937714
01937726
01937746
01937747
01937765
01937766
01937769
01937777
01937778
01937842
01937850
01937857
01937908
01937954
01938030
01938037
01938068
01938099
01938140
01938146
01938252
01938293
01938295
01938304
01938305
01938340
01938367
01938393
01938454
01938481
01938482
01938600
01938601
01938632
01938700
01938832
01938869
01938896
01938900
01938969
01938982
01938986
01939059
01939060
01939063
01939081
01939082
01939093
01939103
01939104
01939143
01939158
01939164
01939167
01939197
01939242
01939243
01939246
01939289
01939304
01939324
01939332
01939337
01939375
01939391
01939392
01939410
01939420
01939421
01939454
01939480
01939485
01939509
01939521
01939537
01939563
01939579
01939630
01939713
01939733
01939760
01939763
01939766
01939784
01939803
01939816
01939820
01939848
01939891
01939906
01939911
01939933
01939975
01940037
01940054
01940106
01940163
01940164
01940251
01940300
01940356
01940357
01940375
01940393
01940401
01940407
01940427
01940450
01940512
01940513
01940557
01940602
01940610
01940620
01940633
01940654
01940671
01940675
01940680
01940695
01940710
01940762
01940780
01940812
01940819
01940833
01940919
01940928
01940954
01940985
01940986
01940987
01941029
01941030
01941042
01941049
01941052
01941099
01941100
01941109
01941129
01941131
01941165
01941204
01941205
01941206
01941213
01941242
01941247
01941248
01941251
01941270
01941297
01941298
01941310
01941322
01941323
01941358
01941379
01941446
01941459
01941469
01941527
01941533
01941569
01941603
01941666
01941975
01942004
01942032
01942041
01942076
01942133
01942292
01942319
01942322
01942348
01942378
01942422
01942425
01942448
01942547
01942556
01942557
01942563
01942564
01942565
01942570
01942586
01942590
01942636
01942704
01942705
01942731
01942758
01942772
01942782
01942818
01942855
01942880
01942884
01942905
01942906
01942917
01943012
01943057
01943073
01943074
01943096
01943119
01943121
01943194
01943280
01943406
01943437
01943442
01943448
01943456
01943461
01943475
01943487
01943506
01943538
01943547
01943565
01943569
01943603
01943609
01943636
01943659
01943662
01943664
01943703
01943704
01943705
01943711
01943724
01943747
01943751
01943757
01943764
01943781
01943796
01943800
01943809
01943820
01943821
01943830
01943837
01943850
01943888
01943895
01943921
01943922
01943937
01943953
01943971
01943972
01943975
01944022
01944025
01944058
01944106
01944108
01944186
01944234
01944252
01944332
01944333
01944350
01944351
01944365
01944388
01944408
01944431
01944445
01944448
01944451
01944660
01944664
01944673
01944674
01944698
01944724
01944750
01944823
01944843
01944858
01944955
01944956
01944991
01945007
01945089
01945096
01945130
01945182
01945205
01945248
01945276
01945314
01945319
01945338
01945348
01945349
01945350
01945360
01945371
01945376
01945380
01945386
01945421
01945433
01945434
01945491
01945497
01945500
01945503
01945513
01945514
01945521
01945576
01945592
01945607
01945648
01945651
01945653
01945659
01945671
01945673
01945692
01945781
01945808
01945827
01945845
01945931
01945932
01945933
01945948
01946036
01946072
01946225
01946235
01946242
01946260
01946263
01946268
01946276
01946310
01946316
01946321
01946324
01946326
01946393
01946401
01946424
01946425
01946448
01946493
01946496
01946503
01946511
01946529
01946530
01946537
01946570
01946577
01946579
01946601
01946609
01946678
01946686
01946724
01946727
01946817
01946848
01946892
01946902
01946936
01946971
01947058
01947068
01947097
01947134
01947157
01947160
01947175
01947185
01947199
01947247
01947261
01947320
01947339
01947344
01947349
01947365
01947367
01947386
01947414
01947544
01947753
01947878
01947963
01948262
01948288
01948289
01948308
01948318
01948347
01948375
01948376
01948432
01948435
01948439
01948467
01948471
01948486
01948489
01948497
01948530
01948534
01948536
01948564
01948566
01948586
01948590
01948635
01948655
01948656
01948670
01948672
01948757
01948883
01948920
01948940
01948953
01948964
01948976
01948984
01948985
01948994
01949043
01949057
01949058
01949100
01949139
01949223
01949289
01949296
01949339
01949389
01949417
01949424
01949427
01949428
01949453
01949467
01949469
01949480
01949487
01949496
01949499
01949547
01949557
01949560
01949602
01949618
01949624
01949676
01949678
01949704
01949727
01949740
01949767
01949773
01949798
01949834
01949847
01949858
01949859
01949870
01949893
01949931
01949932
01949939
01949961
01949964
01950019
01950048
01950051
01950057
01950133
01950138
01950187
01950217
01950262
01950263
01950278
01950331
01950354
01950365
01950373
01950410
01950437
01950458
01950486
01950494
01950521
01950522
01950534
01950551
01950565
01950588
01950650
01950682
01950684
01950685
01950710
01950749
01950796
01950803
01950842
01950852
01950888
01951009
01951015
01951027
01951028
01951081
01951107
01951204
01951300
01951358
01951654
01951670
01951690
01951693
01951753
01951787
01951789
01951796
01951813
01951830
01951849
01951878
01951889
01951915
01951928
01951931
01951945
01951951
01951952
01951955
01951969
01951981
01952019
01952055
01952090
01952106
01952143
01952154
01952162
01952177
01952179
01952199
01952220
01952227
01952230
01952271
01952272
01952335
01952402
01952445
01952493
01952571
01952596
01952643
01952674
01952675
01952686
01952694
01952714
01952735
01952749
01952780
01952875
01952893
01952907
01952943
01952948
01952949
01952982
01953018
01953024
01953026
01953027
01953032
01953055
01953093
01953096
01953125
01953142
01953150
01953152
01953177
01953186
01953212
01953247
01953259
01953267
01953302
01953360
01953362
01953364
01953370
01953371
01953372
01953374
01953377
01953381
01953396
01953397
01953407
01953409
01953424
01953427
01953428
01953477
01953529
01953538
01953576
01953619
01953624
01953632
01953634
01953646
01953654
01953658
01953660
01953697
01953722
01953735
01953743
01953749
01953759
01953815
01953847
01953898
01953928
01953982
01954006
01954008
01954030
01954031
01954042
01954059
01954068
01954072
01954074
01954110
01954111
01954127
01954170
01954192
01954213
01954240
01954277
01954279
01954354
01954386
01954418
01954447
01954449
01954524
01954575
01954582
01954595
01954643
01954658
01954671
01954685
01954699
01954737
01954746
01954780
01954921
01955020
01955079
01955093
01955116
01955143
01955156
01955239
01955278
01955302
01955355
01955369
01955379
01955382
01955402
01955403
01955405
01955409
01955427
01955448
01955464
01955479
01955507
01955512
01955555
01955561
01955619
01955628
01955649
01955682
01955684
01955695
01955702
01955704
01955738
01955759
01955801
01955842
01955902
01955924
01955925
01955954
01955969
01956026
01956027
01956029
01956050
01956092
01956099
01956106
01956118
01956122
01956131
01956143
01956153
01956223
01956237
01956347
01956356
01956365
01956378
01956379
01956384
01956397
01956530
01956551
01956565
01956574
01956584
01956586
01956591
01956592
01956597
01956612
01956627
01956690
01956699
01956729
01956818
01956821
01956825
01956829
01956859
01956873
01956886
01956893
01956900
01956921
01956928
01956938
01956958
01956975
01956981
01956989
01956993
01957036
01957056
01957060
01957061
01957074
01957134
01957162
01957163
01957171
01957212
01957357
01957368
01957382
01957408
01957434
01957441
01957465
01957480
01957485
01957486
01957487
01957491
01957493
01957516
01957520
01957547
01957551
01957556
01957574
01957598
01957619
01957653
01957655
01957656
01957675
01957729
01957742
01957757
01957758
01957801
01957851
01957852
01957894
01957909
01957936
01957950
01958011
01958027
01958108
01958123
01958271
01958306
01958307
01958387
01958396
01958503
01958553
01958583
01958588
01958597
01958615
01958632
01958643
01958657
01958659
01958694
01958698
01958706
01958707
01958721
01958735
01958737
01958743
01958755
01958757
01958788
01958791
01958800
01958807
01958826
01958854
01958855
01958856
01958911
01958932
01958939
01958953
01958960
01958962
01958963
01958973
01958978
01958979
01958985
01958999
01959029
01959030
01959066
01959072
01959076
01959081
01959089
01959103
01959107
01959122
01959133
01959139
01959149
01959180
01959183
01959187
01959214
01959216
01959235
01959244
01959245
01959246
01959251
01959266
01959317
01959369
01959370
01959371
01959372
01959376
01959383
01959389
01959390
01959431
01959451
01959470
01959483
01959531
01959650
01959681
01959682
01959683
01959691
01959704
01959743
01959752
01959755
01959756
01959769
01959771
01959786
01959793
01959817
01959836
01959841
01959847
01959861
01959874
01959877
01959884
01959887
01959897
01959901
01959916
01959947
01959962
01959995
01959999
01960002
01960004
01960067
01960068
01960097
01960098
01960099
01960117
01960130
01960135
01960142
01960143
01960144
01960145
01960146
01960147
01960148
01960149
01960150
01960164
01960187
01960188
01960189
01960204
01960244
01960245
01960247
01960259
01960302
01960319
01960340
01960379
01960386
01960387
01960395
01960447
01960448
01960452
01960488
01960553
01960560
01960564
01960565
01960571
01960629
01960633
01960714
01960740
01960747
01960749
01960777
01960800
01960811
01960824
01960837
01960890
01960900
01960907
01961005
01961016
01961047
01961100
01961121
01961126
01961167
01961184
01961189
01961190
01961259
01961303
01961313
01961372
01961383
01961399
01961537
01961567
01961568
01961598
01961647
01961671
01961692
01961770
01961774
01961818
01961855
01961886
01961887
01961941
01962066
01962080
01962092
01962093
01962103
01962123
01962183
01962188
01962205
01962227
01962252
01962296
01962310
01962339
01962363
01962392
01962397
01962398
01962433
01962445
01962524
01962552
01962568
01962650
01962652
01962751
01962754
01962763
01962795
01962853
01962865
01962874
01962883
01962886
01962892
01962896
01962935
01962948
01962949
01962960
01962961
01962962
01962965
01962972
01962977
01962984
01963015
01963040
01963045
01963047
01963124
01963125
01963130
01963137
01963138
01963141
01963194
01963203
01963210
01963251
01963281
01963282
01963296
01963327
01963328
01963361
01963363
01963380
01963419
01963473
01963493
01963508
01963513
01963564
01963573
01963576
01963588
01963618
01963637
01963638
01963646
01963655
01963656
01963657
01963658
01963662
01963750
01963788
01963906
01963918
01963980
01964024
01964109
01964114
01964159
01964164
01964165
01964219
01964259
01964269
01964294
01964300
01964310
01964311
01964347
01964434
01964441
01964451
01964502
01964532
01964555
01964583
01964604
01964605
01964611
01964612
01964669
01964733
01964750
01964783
01964816
01964823
01964826
01964827
01964828
01964855
01964876
01964886
01964895
01964899
01964906
01964958
01964980
01964988
01965020
01965023
01965029
01965030
01965111
01965112
01965115
01965136
01965151
01965218
01965219
01965229
01965241
01965246
01965247
01965273
01965285
01965297
01965350
01965373
01965387
01965392
01965393
01965465
01965467
01965493
01965574
01965668
01965669
01965706
01965718
01965765
01965797
01965823
01965845
01965877
01965898
01965912
01965937
01965941
01965942
01965972
01965983
01966007
01966011
01966021
01966034
01966046
01966065
01966088
01966093
01966098
01966116
01966119
01966120
01966122
01966134
01966142
01966149
01966190
01966232
01966256
01966289
01966295
01966318
01966319
01966326
01966330
01966334
01966433
01966434
01966435
01966444
01966446
01966447
01966448
01966494
01966528
01966566
01966567
01966572
01966666
01966716
01966771
01966778
01966781
01966786
01966818
01966847
01966866
01966872
01966873
01966874
01966886
01966891
01966944
01966945
01966950
01967020
01967053
01967066
01967084
01967147
01967183
01967184
01967307
01967517
01967592
01967594
01967646
01967768
01967773
01967774
01967775
01967823
01967849
01967851
01967866
01967873
01967883
01967894
01967908
01967920
01967921
01967922
01967939
01967948
01967974
01967977
01968002
01968019
01968073
01968076
01968084
01968112
01968245
01968268
01968269
01968287
01968298
01968301
01968316
01968358
01968408
01968414
01968416
01968433
01968466
01968490
01968491
01968502
01968525
01968543
01968564
01968577
01968697
01968758
01968800
01968819
01968820
01968861
01968869
01968873
01968879
01968889
01968914
01968926
01968929
01968938
01968947
01968949
01968987
01968988
01969004
01969068
01969071
01969084
01969086
01969096
01969112
01969124
01969129
01969130
01969132
01969140
01969179
01969195
01969270
01969280
01969316
01969367
01969465
01969543
01969550
01969581
01969607
01969608
01969729
01969753
01969762
01969764
01969775
01969777
01969780
01969800
01969825
01969829
01969894
01969955
01969994
01970000
01970006
01970063
01970066
01970174
01970186
01970210
01970224
01970240
01970246
01970280
01970362
01970385
01970423
01970465
01970515
01970550
01970628
01970689
01970751
01970771
01970786
01970803
01970821
01970822
01970955
01971067
01971125
01971188
01971211
01971218
01971241
01971249
01971259
01971269
01971287
01971313
01971319
01971324
01971330
01971345
01971373
01971408
01971449
01971486
01971503
01971507
01971562
01971569
01971574
01971616
01971633
01971673
01971747
01971758
01971778
01971823
01971831
01971851
01971855
01971885
01971888
01971890
01971908
01971910
01971915
01971970
01971980
01971981
01972002
01972039
01972050
01972083
01972084
01972195
01972208
01972211
01972232
01972233
01972242
01972244
01972286
01972320
01972342
01972354
01972365
01972385
01972393
01972397
01972403
01972407
01972414
01972425
01972430
01972444
01972451
01972471
01972473
01972489
01972516
01972518
01972522
01972531
01972546
01972565
01972566
01972579
01972594
01972620
01972621
01972673
01972677
01972740
01972741
01972742
01972747
01972751
01972757
01972804
01972829
01972844
01972852
01972856
01972858
01972859
01972874
01972943
01972945
01972953
01972958
01972985
01972986
01972988
01972989
01972996
01973033
01973051
01973167
01973173
01973178
01973186
01973238
01973252
01973266
01973291
01973293
01973330
01973331
01973346
01973353
01973371
01973389
01973406
01973424
01973438
01973485
01973488
01973495
01973547
01973577
01973604
01973639
01973678
01973721
01973782
01973897
01973899
01973906
01973964
01973980
01974004
01974048
01974066
01974145
01974150
01974222
01974228
01974264
01974287
01974316
01974349
01974383
01974384
01974391
01974393
01974404
01974405
01974410
01974411
01974413
01974429
01974464
01974465
01974493
01974508
01974597
01974608
01974610
01974662
01974677
01974684
01974691
01974693
01974696
01974731
01974756
01974802
01974825
01974842
01974907
01974974
01975000
01975006
01975115
01975119
01975142
01975155
01975183
01975228
01975235
01975252
01975262
01975263
01975266
01975272
01975296
01975314
01975333
01975356
01975395
01975436
01975477
01975478
01975540
01975574
01975587
01975704
01975716
01975745
01975815
01975847
01975902
01975908
01975950
01975983
01975996
01976027
01976033
01976039
01976050
01976104
01976109
01976111
01976112
01976113
01976129
01976146
01976147
01976154
01976219
01976239
01976292
01976339
01976357
01976433
01976440
01976445
01976476
01976479
01976516
01976596
01976621
01976625
01976629
01976657
01976658
01976665
01976723
01976759
01976784
01976785
01976832
01976854
01976871
01976903
01976905
01976937
01976960
01976982
01977030
01977115
01977121
01977125
01977134
01977156
01977161
01977171
01977180
01977181
01977197
01977201
01977261
01977290
01977301
01977404
01977410
01977419
01977428
01977433
01977474
01977485
01977491
01977492
01977506
01977507
01977514
01977518
01977638
01977690
01977763
01977767
01977788
01977791
01977792
01977830
01977872
01977874
01977886
01977898
01977930
01977953
01978002
01978046
01978047
01978124
01978140
01978144
01978233
01978298
01978359
01978363
01978364
01978445
01978501
01978522
01978548
01978549
01978570
01978618
01978632
01978641
01978703
01978720
01978803
01978804
01978807
01978826
01978857
01978865
01978871
01978883
01978934
01978941
01978960
01978970
01978971
01978993
01979005
01979016
01979020
01979021
01979022
01979025
01979041
01979056
01979096
01979104
01979119
01979160
01979181
01979184
01979207
01979210
01979235
01979256
01979324
01979354
01979355
01979451
01979454
01979462
01979474
01979491
01979492
01979510
01979539
01979540
01979545
01979549
01979597
01979645
01979648
01979659
01979707
01979775
01979787
01979791
01979802
01979883
01979888
01979894
01979908
01979910
01979911
01979913
01979921
01979923
01979929
01979932
01979933
01979935
01979956
01979962
01979991
01980071
01980113
01980170
01980198
01980220
01980238
01980244
01980260
01980261
01980262
01980265
01980266
01980326
01980362
01980367
01980383
01980387
01980412
01980414
01980433
01980434
01980435
01980436
01980456
01980458
01980471
01980486
01980504
01980527
01980535
01980559
01980594
01980604
01980627
01980698
01980757
01980791
01980870
01980878
01980889
01980896
01980929
01980999
01981009
01981044
01981045
01981046
01981047
01981048
01981125
01981147
01981148
01981159
01981183
01981319
01981345
01981346
01981347
01981367
01981382
01981426
01981454
01981483
01981524
01981541
01981551
01981555
01981631
01981707
01981713
01981725
01981726
01981748
01981785
01981859
01981860
01981866
01981873
01981888
01981895
01981908
01981941
01981946
01981967
01981968
01981994
01982059
01982061
01982067
01982096
01982104
01982111
01982146
01982176
01982206
01982227
01982230
01982233
01982265
01982266
01982335
01982343
01982383
01982416
01982422
01982439
01982454
01982470
01982475
01982559
01982580
01982591
01982611
01982651
01982665
01982688
01982690
01982735
01982753
01982778
01982805
01982856
01982878
01982882
01982886
01982898
01982914
01982922
01982928
01982942
01982943
01982946
01982953
01982954
01982962
01982981
01983005
01983006
01983015
01983023
01983024
01983043
01983060
01983097
01983103
01983137
01983154
01983170
01983192
01983201
01983202
01983240
01983317
01983318
01983347
01983349
01983350
01983356
01983493
01983534
01983542
01983549
01983550
01983651
01983685
01983702
01983730
01983762
01983795
01983940
01983965
01983982
01983983
01983984
01984039
01984142
01984162
01984288
01984308
01984312
01984328
01984337
01984350
01984384
01984415
01984422
01984429
01984528
01984529
01984548
01984570
01984601
01984616
01984636
01984661
01984665
01984733
01984738
01984748
01984750
01984756
01984762
01984779
01984819
01984841
01984860
01984887
01984909
01984952
01985049
01985084
01985103
01985111
01985113
01985114
01985117
01985121
01985160
01985168
01985209
01985241
01985244
01985255
01985277
01985280
01985313
01985322
01985323
01985366
01985369
01985392
01985397
01985403
01985416
01985455
01985469
01985509
01985515
01985554
01985557
01985562
01985621
01985696
01985717
01985722
01985791
01985812
01985833
01985861
01985909
01985927
01985947
01985963
01986103
01986112
01986202
01986229
01986247
01986310
01986386
01986393
01986401
01986441
01986467
01986541
01986566
01986592
01986600
01986616
01986640
01986800
01986802
01986803
01986833
01986892
01986916
01986940
01986945
01986961
01986968
01987004
01987009
01987017
01987018
01987030
01987068
01987091
01987120
01987137
01987145
01987209
01987218
01987269
01987336
01987354
01987358
01987377
01987390
01987420
01987468
01987501
01987579
01987627
01987640
01987641
01987669
01987675
01987678
01987696
01987724
01987752
01987754
01987755
01987758
01987763
01987767
01987798
01987896
01987948
01987995
01988017
01988039
01988050
01988061
01988063
01988080
01988085
01988103
01988136
01988137
01988150
01988198
01988212
01988257
01988276
01988279
01988281
01988342
01988344
01988349
01988355
01988394
01988412
01988420
01988475
01988492
01988493
01988494
01988522
01988538
01988580
01988632
01988656
01988660
01988669
01988678
01988688
01988748
01988750
01988786
01988808
01988857
01988980
01989001
01989006
01989026
01989050
01989137
01989149
01989157
01989214
01989253
01989270
01989338
01989347
01989372
01989404
01989467
01989468
01989591
01989694
01989725
01989741
01989797
01989889
01989904
01989910
01989918
01989938
01989979
01990009
01990032
01990110
01990116
01990123
01990127
01990180
01990236
01990342
01990546
01990547
01990630
01990631
01990657
01990853
01990854
01990855
01990856
01990880
01990896
01990942
01990944
01990947
01990950
01990951
01990978
01990986
01990989
01990997
01991028
01991033
01991042
01991056
01991082
01991099
01991141
01991146
01991177
01991181
01991183
01991194
01991216
01991229
01991230
01991234
01991247
01991262
01991295
01991304
01991322
01991328
01991329
01991347
01991348
01991349
01991359
01991389
01991409
01991443
01991463
01991464
01991497
01991506
01991588
01991591
01991635
01991640
01991641
01991709
01991818
01991822
01991842
01991884
01991973
01991987
01991995
01992041
01992051
01992057
01992094
01992121
01992133
01992169
01992253
01992341
01992350
01992351
01992358
01992380
01992384
01992402
01992413
01992458
01992476
01992556
01992557
01992584
01992648
01992929
01993026
01993054
01993067
01993129
01993141
01993142
01993158
01993180
01993205
01993213
01993214
01993221
01993233
01993249
01993254
01993263
01993265
01993266
01993305
01993306
01993339
01993349
01993381
01993382
01993393
01993433
01993442
01993467
01993478
01993483
01993520
01993530
01993538
01993539
01993541
01993547
01993591
01993629
01993681
01993716
01993748
01993749
01993757
01993766
01993781
01993806
01993807
01993836
01993842
01993862
01993882
01993891
01993919
01993920
01993961
01993983
01994010
01994017
01994136
01994137
01994205
01994216
01994218
01994269
01994270
01994273
01994310
01994311
01994323
01994362
01994364
01994373
01994425
01994428
01994432
01994436
01994464
01994500
01994514
01994515
01994516
01994532
01994548
01994552
01994553
01994554
01994591
01994603
01994609
01994610
01994656
01994657
01994661
01994692
01994702
01994711
01994739
01994743
01994759
01994762
01994766
01994772
01994781
01994787
01994789
01994796
01994842
01994862
01994871
01994909
01994910
01994911
01994914
01994927
01994951
01994955
01994964
01994971
01994985
01994986
01995019
01995037
01995046
01995047
01995132
01995159
01995204
01995253
01995276
01995283
01995321
01995322
01995323
01995326
01995356
01995469
01995479
01995504
01995506
01995518
01995519
01995530
01995547
01995660
01995735
01995749
01995772
01995920
01995927
01995937
01995938
01995949
01995954
01995957
01995962
01996087
01996118
01996143
01996145
01996146
01996174
01996192
01996214
01996217
01996246
01996268
01996319
01996330
01996334
01996356
01996428
01996451
01996455
01996485
01996494
01996496
01996502
01996508
01996537
01996553
01996612
01996630
01996631
01996666
01996667
01996676
01996677
01996692
01996723
01996724
01996753
01996774
01996797
01996808
01996822
01996866
01996885
01996886
01996900
01996934
01996937
01996938
01996942
01996971
01996993
01997000
01997039
01997070
01997103
01997122
01997130
01997132
01997135
01997136
01997148
01997249
01997250
01997291
01997303
01997304
01997310
01997323
01997330
01997355
01997358
01997360
01997361
01997381
01997396
01997413
01997415
01997433
01997435
01997443
01997456
01997467
01997487
01997498
01997548
01997549
01997563
01997571
01997572
01997605
01997635
01997636
01997637
01997638
01997639
01997662
01997666
01997698
01997703
01997706
01997708
01997710
01997720
01997723
01997734
01997759
01997789
01997815
01997817
01997827
01997840
01997913
01997914
01997926
01997960
01997964
01998006
01998019
01998020
01998021
01998081
01998124
01998175
01998251
01998252
01998264
01998304
01998305
01998312
01998316
01998588
01998595
01998636
01998725
01998747
01998758
01998767
01998776
01998785
01998809
01998812
01998863
01998875
01998889
01998903
01998904
01998919
01998927
01998964
01998966
01999051
01999054
01999074
01999108
01999163
01999164
01999165
01999175
01999185
01999212
01999236
01999336
01999363
01999364
01999379
01999402
01999446
01999449
01999529
01999550
01999579
01999601
01999654
01999660
01999661
01999675
01999707
01999727
01999741
01999747
01999759
01999774
01999794
01999808
01999816
01999823
01999824
01999831
01999870
01999902
01999940
01999995
02000016
02000019
02000046
02000090
02000108
02000109
02000110
02000112
02000113
02000137
02000158
02000194
02000196
02000208
02000235
02000236
02000253
02000257
02000265
02000292
02000309
02000314
02000334
02000342
02000393
02000411
02000428
02000430
02000432
02000484
02000518
02000534
02000560
02000566
02000568
02000597
02000623
02000663
02000669
02000676
02000679
02000696
02000699
02000711
02000731
02000772
02000775
02000779
02000824
02000827
02000900
02000909
02000922
02000941
02000942
02000961
02001002
02001052
02001058
02001100
02001165
02001170
02001187
02001198
02001218
02001219
02001229
02001275
02001293
02001339
02001340
02001404
02001481
02001636
02001734
02001809
02001838
02001840
02001912
02001924
02001927
02001939
02001954
02001963
02001964
02001975
02002008
02002015
02002029
02002047
02002057
02002058
02002068
02002081
02002085
02002093
02002110
02002135
02002138
02002146
02002175
02002177
02002199
02002201
02002246
02002247
02002256
02002272
02002288
02002294
02002296
02002338
02002372
02002373
02002383
02002392
02002416
02002421
02002481
02002500
02002571
02002584
02002624
02002625
02002640
02002672
02002688
02002708
02002709
02002729
02002747
02002757
02002814
02002815
02002897
02002914
02002915
02002967
02002969
02002983
02002984
02003024
02003037
02003050
02003051
02003053
02003086
02003087
02003108
02003122
02003141
02003150
02003159
02003163
02003171
02003185
02003210
02003226
02003231
02003249
02003250
02003275
02003290
02003330
02003339
02003352
02003353
02003362
02003376
02003379
02003384
02003400
02003454
02003463
02003477
02003478
02003479
02003489
02003513
02003530
02003542
02003551
02003569
02003597
02003606
02003627
02003643
02003644
02003645
02003650
02003713
02003716
02003721
02003778
02003803
02003823
02003851
02003866
02003880
02003954
02003984
02003985
02003990
02003992
02004015
02004029
02004142
02004153
02004221
02004230
02004232
02004388
02004420
02004426
02004454
02004539
02004583
02004901
02004930
02004938
02004939
02004975
02004979
02004991
02005019
02005043
02005044
02005086
02005096
02005117
02005120
02005141
02005170
02005185
02005224
02005254
02005261
02005262
02005263
02005286
02005302
02005388
02005438
02005448
02005483
02005559
02005601
02005629
02005666
02005694
02005695
02005696
02005741
02005743
02005749
02005772
02005776
02005786
02005809
02005810
02005901
02005914
02005923
02005924
02005932
02005960
02005968
02005989
02005996
02006002
02006024
02006025
02006058
02006059
02006069
02006093
02006108
02006127
02006172
02006237
02006241
02006247
02006276
02006300
02006396
02006400
02006406
02006420
02006453
02006456
02006457
02006497
02006555
02006565
02006577
02006616
02006657
02006672
02006679
02006790
02006798
02006802
02006803
02006804
02006815
02006821
02006834
02006878
02006913
02006962
02006966
02006971
02006992
02006996
02007008
02007042
02007076
02007118
02007207
02007211
02007289
02007291
02007300
02007303
02007312
02007320
02007333
02007363
02007518
02007527
02007624
02007811
02007843
02007884
02007885
02007951
02007983
02008000
02008013
02008020
02008021
02008022
02008025
02008032
02008051
02008057
02008071
02008084
02008119
02008138
02008148
02008150
02008156
02008158
02008167
02008207
02008216
02008239
02008260
02008265
02008288
02008309
02008331
02008345
02008352
02008366
02008370
02008371
02008403
02008417
02008469
02008509
02008551
02008556
02008566
02008571
02008652
02008686
02008687
02008806
02008821
02008839
02008890
02008891
02008911
02008912
02008919
02008920
02008934
02008936
02008956
02008958
02008966
02008980
02008987
02008989
02009023
02009037
02009105
02009106
02009117
02009150
02009196
02009198
02009208
02009219
02009226
02009299
02009300
02009330
02009346
02009356
02009363
02009401
02009469
02009479
02009480
02009535
02009546
02009573
02009607
02009630
02009702
02009747
02009748
02009773
02009774
02009799
02009802
02009827
02009829
02009849
02009887
02009888
02010009
02010100
02010130
02010205
02010217
02010224
02010298
02010300
02010520
02010563
02010589
02010645
02010748
02010770
02010799
02010831
02010847
02010848
02010891
02010900
02010902
02010922
02010924
02010927
02010946
02010947
02010958
02010985
02010986
02010997
02011014
02011044
02011045
02011046
02011053
02011056
02011093
02011096
02011104
02011143
02011173
02011194
02011234
02011254
02011259
02011272
02011278
02011288
02011306
02011315
02011324
02011339
02011340
02011342
02011352
02011380
02011384
02011401
02011418
02011419
02011446
02011457
02011502
02011534
02011535
02011553
02011574
02011584
02011585
02011592
02011597
02011619
02011634
02011659
02011660
02011663
02011691
02011692
02011724
02011760
02011841
02011842
02011843
02011844
02011862
02011873
02011874
02011891
02011924
02011929
02011968
02012000
02012013
02012015
02012030
02012042
02012046
02012047
02012067
02012069
02012080
02012082
02012097
02012109
02012115
02012130
02012132
02012147
02012154
02012173
02012190
02012202
02012216
02012234
02012250
02012259
02012273
02012300
02012303
02012343
02012379
02012423
02012431
02012435
02012472
02012484
02012485
02012505
02012506
02012507
02012508
02012509
02012530
02012532
02012588
02012620
02012622
02012646
02012647
02012658
02012672
02012689
02012693
02012696
02012714
02012715
02012734
02012735
02012739
02012740
02012749
02012773
02012774
02012788
02012795
02012800
02012802
02012835
02012852
02012917
02012920
02012921
02012960
02012964
02012997
02013061
02013062
02013105
02013115
02013119
02013124
02013125
02013137
02013141
02013143
02013162
02013167
02013349
02013417
02013418
02013426
02013434
02013496
02013497
02013624
02013688
02013754
02013774
02013808
02013842
02013895
02013968
02014006
02014007
02014032
02014067
02014077
02014079
02014115
02014190
02014223
02014264
02014298
02014312
02014344
02014393
02014420
02014444
02014520
02014522
02014541
02014578
02014582
02014583
02014594
02014596
02014602
02014656
02014709
02014749
02014843
02014862
02014874
02014908
02014936
02015016
02015019
02015020
02015022
02015023
02015046
02015049
02015070
02015102
02015126
02015132
02015148
02015193
02015237
02015242
02015252
02015254
02015263
02015274
02015278
02015280
02015310
02015351
02015364
02015381
02015402
02015467
02015521
02015526
02015583
02015586
02015606
02015614
02015617
02015651
02015655
02015733
02015797
02015806
02015810
02015824
02015845
02015856
02015866
02015867
02015889
02015896
02015927
02015962
02015963
02015989
02016075
02016080
02016161
02016216
02016217
02016236
02016259
02016294
02016322
02016346
02016386
02016462
02016590
02016627
02016683
02016699
02016862
02016913
02016921
02016928
02016938
02016972
02016978
02016979
02017027
02017063
02017079
02017082
02017127
02017189
02017190
02017284
02017285
02017286
02017305
02017311
02017328
02017394
02017427
02017450
02017451
02017510
02017529
02017558
02017571
02017671
02017726
02017776
02017822
02017846
02017854
02017871
02017889
02017916
02017930
02017950
02017978
02017993
02017994
02018002
02018015
02018039
02018088
02018133
02018137
02018182
02018183
02018192
02018195
02018202
02018203
02018261
02018274
02018289
02018297
02018303
02018304
02018315
02018334
02018336
02018372
02018376
02018383
02018389
02018393
02018394
02018395
02018396
02018397
02018398
02018410
02018412
02018415
02018452
02018494
02018495
02018530
02018533
02018549
02018566
02018573
02018627
02018641
02018659
02018672
02018688
02018698
02018717
02018728
02018762
02018780
02018784
02018839
02018858
02018861
02018884
02018895
02018896
02018897
02018911
02018956
02018993
02019103
02019123
02019128
02019131
02019136
02019307
02019323
02019407
02019418
02019449
02019516
02019769
02019783
02019933
02019951
02019988
02020006
02020057
02020085
02020094
02020112
02020113
02020114
02020115
02020141
02020164
02020167
02020217
02020229
02020238
02020239
02020246
02020335
02020338
02020349
02020371
02020436
02020438
02020461
02020487
02020494
02020510
02020527
02020562
02020566
02020580
02020581
02020584
02020628
02020645
02020674
02020707
02020713
02020769
02020792
02020870
02020873
02020874
02020902
02020903
02020910
02020927
02020934
02020935
02020936
02020957
02020979
02021010
02021020
02021037
02021039
02021049
02021054
02021095
02021106
02021112
02021130
02021148
02021165
02021176
02021180
02021190
02021228
02021241
02021250
02021257
02021296
02021297
02021302
02021313
02021317
02021331
02021370
02021379
02021393
02021394
02021415
02021448
02021453
02021470
02021472
02021515
02021533
02021543
02021546
02021547
02021559
02021641
02021650
02021683
02021695
02021728
02021744
02021749
02021755
02021825
02021894
02021904
02021933
02021951
02021977
02021978
02022004
02022005
02022008
02022022
02022026
02022035
02022039
02022085
02022091
02022215
02022313
02022357
02022368
02022436
02022515
02022519
02022770
02022829
02023069
02023127
02023134
02023168
02023215
02023217
02023262
02023275
02023329
02023330
02023345
02023370
02023371
02023384
02023398
02023405
02023470
02023473
02023482
02023493
02023501
02023508
02023650
02023651
02023673
02023694
02023702
02023750
02023758
02023766
02023779
02023815
02023896
02024010
02024019
02024059
02024136
02024152
02024263
02024269
02024276
02024301
02024339
02024341
02024342
02024347
02024365
02024384
02024425
02024426
02024429
02024465
02024470
02024473
02024479
02024498
02024539
02024557
02024600
02024619
02024681
02024690
02024697
02024723
02024734
02024737
02024752
02024781
02024798
02024801
02024835
02024844
02024871
02024885
02024886
02024894
02024945
02024947
02024978
02025071
02025142
02025143
02025144
02025151
02025225
02025304
02025305
02025308
02025315
02025332
02025340
02025381
02025408
02025439
02025468
02025499
02025564
02025592
02025615
02025618
02025625
02025695
02025726
02025855
02025868
02026030
02026131
02026214
02026273
02026434
02026455
02026474
02026481
02026499
02026503
02026556
02026562
02026578
02026579
02026607
02026630
02026631
02026635
02026636
02026655
02026656
02026674
02026676
02026700
02026727
02026728
02026744
02026773
02026790
02026833
02026837
02026844
02026853
02026909
02026925
02026963
02026971
02027009
02027027
02027104
02027112
02027123
02027126
02027228
02027247
02027275
02027341
02027362
02027467
02027509
02027549
02027567
02027642
02027643
02027650
02027653
02027663
02027664
02027679
02027699
02027701
02027706
02027708
02027737
02027753
02027754
02027787
02027806
02027827
02027843
02027844
02027845
02027864
02027872
02027884
02027885
02027931
02027941
02027942
02027971
02027986
02027995
02028038
02028041
02028067
02028103
02028121
02028138
02028164
02028192
02028207
02028211
02028223
02028262
02028276
02028277
02028347
02028348
02028370
02028428
02028436
02028490
02028491
02028551
02028610
02028611
02028671
02028703
02028801
02028837
02028914
02029104
02029105
02029108
02029123
02029158
02029332
02029353
02029354
02029360
02029456
02029488
02029515
02029523
02029553
02029615
02029650
02029662
02029670
02029750
02029860
02029865
02029927
02029933
02029981
02030019
02030105
02030108
02030140
02030142
02030311
02030381
02030446
02030461
02030491
02030492
02030498
02030625
02030650
02030651
02030663
02030666
02030674
02030724
02030734
02030735
02030751
02030785
02030799
02030824
02030835
02030852
02030868
02030871
02030877
02030891
02030919
02030922
02030923
02030937
02030954
02030985
02030993
02031037
02031043
02031049
02031054
02031056
02031093
02031105
02031111
02031117
02031149
02031205
02031214
02031215
02031216
02031217
02031249
02031250
02031265
02031297
02031320
02031334
02031347
02031350
02031387
02031431
02031491
02031501
02031567
02031581
02031602
02031667
02031748
02031778
02031781
02031810
02031823
02031869
02031903
02031910
02031941
02031952
02032033
02032056
02032083
02032166
02032188
02032202
02032229
02032331
02032333
02032351
02032369
02032412
02032503
02032508
02032523
02032546
02032595
02032596
02032597
02032615
02032687
02032695
02032709
02032731
02032742
02032766
02032790
02032800
02032853
02032897
02032907
02032908
02032911
02032916
02033036
02033044
02033075
02033116
02033159
02033248
02033285
02033298
02033300
02033335
02033337
02033368
02033433
02033439
02033489
02033490
02033495
02033541
02033642
02033655
02033656
02033657
02033665
02033666
02033668
02033688
02033691
02033702
02033711
02033725
02033735
02033744
02033750
02033808
02033841
02033851
02033852
02033856
02033861
02034049
02034071
02034072
02034073
02034081
02034107
02034121
02034129
02034132
02034134
02034149
02034162
02034183
02034203
02034210
02034232
02034250
02034268
02034281
02034343
02034392
02034420
02034422
02034434
02034444
02034474
02034509
02034518
02034530
02034545
02034641
02034682
02034745
02034779
02034780
02034781
02034796
02034815
02034816
02034817
02034818
02034823
02034852
02034898
02034940
02034954
02035009
02035033
02035055
02035065
02035084
02035119
02035123
02035145
02035150
02035159
02035172
02035267
02035272
02035277
02035315
02035332
02035478
02035487
02035528
02035530
02035665
02035666
02035716
02035737
02035757
02035832
02035900
02035906
02035961
02035970
02035972
02035991
02036024
02036031
02036041
02036067
02036191
02036219
02036240
02036251
02036275
02036308
02036329
02036335
02036342
02036366
02036374
02036381
02036433
02036435
02036436
02036437
02036495
02036518
02036543
02036594
02036604
02036624
02036650
02036659
02036665
02036697
02036714
02036730
02036764
02036766
02036786
02036840
02036854
02036891
02036913
02036915
02036940
02036948
02036952
02036953
02036954
02036955
02036967
02036968
02036970
02036973
02037009
02037010
02037034
02037053
02037066
02037082
02037083
02037092
02037120
02037125
02037126
02037159
02037181
02037184
02037211
02037221
02037228
02037342
02037350
02037354
02037407
02037414
02037415
02037443
02037444
02037448
02037538
02037539
02037548
02037575
02037613
02037633
02037763
02037773
02037800
02037819
02037834
02037884
02037907
02037940
02037954
02038009
02038010
02038030
02038067
02038090
02038095
02038127
02038189
02038192
02038323
02038335
02038355
02038356
02038359
02038411
02038476
02038668
02038689
02038822
02038828
02038839
02038919
02038953
02038957
02038999
02039021
02039029
02039032
02039081
02039108
02039109
02039116
02039140
02039145
02039150
02039152
02039175
02039227
02039233
02039268
02039271
02039286
02039289
02039319
02039334
02039387
02039388
02039423
02039428
02039442
02039446
02039478
02039480
02039525
02039574
02039670
02039711
02039837
02039940
02039941
02039960
02039985
02040026
02040044
02040053
02040060
02040066
02040078
02040115
02040134
02040142
02040161
02040162
02040185
02040194
02040199
02040207
02040224
02040241
02040259
02040284
02040286
02040287
02040320
02040322
02040331
02040398
02040399
02040433
02040434
02040435
02040458
02040462
02040482
02040495
02040501
02040538
02040551
02040560
02040562
02040583
02040586
02040596
02040604
02040608
02040637
02040705
02040709
02040768
02040825
02040829
02040905
02040906
02040924
02040983
02040991
02040997
02041001
02041018
02041053
02041158
02041166
02041181
02041205
02041228
02041250
02041253
02041263
02041289
02041290
02041300
02041309
02041315
02041335
02041529
02041530
02041542
02041580
02041596
02041715
02041738
02041752
02041754
02041765
02041797
02041829
02041832
02041851
02041852
02041870
02041878
02041925
02041956
02041974
02041975
02041976
02042034
02042047
02042057
02042067
02042102
02042116
02042118
02042126
02042139
02042218
02042251
02042297
02042303
02042322
02042338
02042353
02042354
02042420
02042455
02042456
02042466
02042518
02042551
02042558
02042586
02042676
02042709
02042714
02042728
02042740
02042766
02042801
02042812
02042822
02042824
02042836
02042843
02042847
02042852
02042863
02042864
02042868
02042885
02042886
02042945
02042986
02042991
02042992
02043022
02043032
02043074
02043095
02043096
02043097
02043098
02043099
02043100
02043101
02043102
02043103
02043104
02043217
02043236
02043254
02043299
02043454
02043470
02043475
02043485
02043559
02043577
02043621
02043635
02043644
02043768
02043790
02043791
02043795
02043797
02043798
02043814
02043857
02043871
02043886
02043891
02043911
02044039
02044040
02044071
02044072
02044083
02044106
02044155
02044176
02044190
02044224
02044225
02044226
02044288
02044299
02044319
02044328
02044352
02044368
02044440
02044582
02044610
02044623
02044624
02044625
02044672
02044723
02044748
02044750
02044751
02044756
02044772
02044783
02044784
02044795
02044804
02044809
02044844
02044851
02044883
02044896
02044907
02044939
02044955
02044975
02044996
02045000
02045036
02045140
02045148
02045197
02045210
02045211
02045215
02045233
02045239
02045254
02045313
02045335
02045339
02045360
02045361
02045386
02045415
02045429
02045488
02045489
02045501
02045524
02045540
02045580
02045597
02045672
02045673
02045729
02045787
02045804
02045856
02045890
02045905
02045941
02045970
02045972
02045976
02046013
02046025
02046039
02046078
02046094
02046120
02046133
02046137
02046182
02046188
02046258
02046267
02046280
02046284
02046288
02046300
02046301
02046302
02046303
02046304
02046305
02046308
02046312
02046359
02046364
02046366
02046370
02046385
02046388
02046390
02046410
02046428
02046435
02046439
02046474
02046501
02046504
02046509
02046531
02046609
02046632
02046634
02046667
02046669
02046712
02046713
02046736
02046743
02046753
02046767
02046768
02046794
02046944
02046964
02047005
02047044
02047053
02047147
02047158
02047196
02047197
02047216
02047251
02047278
02047281
02047304
02047335
02047344
02047361
02047398
02047484
02047539
02047548
02047569
02047582
02047587
02047643
02047650
02047662
02047705
02047720
02047730
02047735
02047755
02047794
02047797
02047810
02047811
02047839
02047854
02047859
02047890
02047903
02047910
02047930
02047950
02047955
02047965
02047985
02047986
02048116
02048151
02048153
02048206
02048277
02048287
02048291
02048294
02048295
02048296
02048337
02048354
02048394
02048432
02048509
02048552
02048558
02048620
02048674
02048736
02048743
02048761
02048767
02048777
02048789
02048799
02048833
02048906
02048908
02048915
02048916
02048923
02048945
02048951
02048989
02049016
02049048
02049058
02049060
02049069
02049073
02049080
02049084
02049090
02049112
02049116
02049127
02049130
02049169
02049191
02049192
02049197
02049249
02049253
02049254
02049327
02049371
02049372
02049373
02049374
02049375
02049376
02049377
02049378
02049387
02049468
02049480
02049483
02049488
02049497
02049500
02049501
02049528
02049535
02049562
02049590
02049594
02049595
02049615
02049628
02049632
02049636
02049666
02049671
02049672
02049709
02049718
02049729
02049740
02049757
02049773
02049855
02049896
02049958
02049967
02049994
02049998
02050000
02050096
02050167
02050241
02050253
02050315
02050343
02050414
02050471
02050474
02050509
02050510
02050511
02050518
02050532
02050535
02050544
02050560
02050583
02050596
02050606
02050652
02050655
02050692
02050693
02050700
02050706
02050707
02050763
02050766
02050772
02050790
02050796
02050797
02050826
02050832
02050834
02050835
02050851
02050852
02050869
02050887
02050893
02050897
02050914
02050922
02050936
02050979
02051016
02051040
02051041
02051061
02051062
02051088
02051094
02051100
02051102
02051129
02051166
02051181
02051207
02051254
02051255
02051286
02051287
02051315
02051316
02051328
02051361
02051388
02051401
02051424
02051426
02051435
02051442
02051496
02051503
02051504
02051523
02051525
02051528
02051530
02051532
02051537
02051540
02051548
02051549
02051567
02051568
02051596
02051612
02051618
02051633
02051653
02051656
02051658
02051659
02051686
02051716
02051758
02051787
02051808
02051813
02051825
02051847
02051860
02051882
02051887
02051898
02051909
02051946
02051949
02051950
02051952
02051999
02052014
02052025
02052059
02052068
02052102
02052110
02052155
02052157
02052227
02052228
02052244
02052247
02052267
02052397
02052481
02052492
02052531
02052541
02052559
02052573
02052574
02052607
02052696
02052697
02052738
02052751
02052752
02052753
02052762
02052818
02052864
02052928
02052973
02052993
02053155
02053178
02053179
02053182
02053210
02053236
02053453
02053473
02053480
02053481
02053513
02053517
02053525
02053534
02053580
02053584
02053597
02053631
02053637
02053644
02053647
02053649
02053690
02053707
02053723
02053784
02053826
02053832
02053870
02053871
02053878
02053889
02053904
02053908
02053917
02053961
02053965
02053969
02053984
02054022
02054025
02054041
02054068
02054119
02054129
02054138
02054157
02054247
02054248
02054268
02054285
02054298
02054352
02054379
02054403
02054471
02054515
02054569
02054636
02054637
02054638
02054667
02054668
02054678
02054733
02054745
02054752
02054758
02054760
02054777
02054786
02054793
02054817
02054848
02054865
02054873
02054895
02054975
02055035
02055045
02055100
02055127
02055139
02055143
02055145
02055178
02055192
02055207
02055208
02055260
02055266
02055276
02055283
02055296
02055305
02055325
02055326
02055331
02055359
02055360
02055363
02055371
02055377
02055379
02055469
02055494
02055542
02055552
02055555
02055583
02055605
02055613
02055631
02055651
02055676
02055691
02055731
02055767
02055882
02055997
02056067
02056071
02056101
02056104
02056114
02056218
02056276
02056277
02056358
02056390
02056428
02056513
02056544
02056580
02056621
02056712
02056736
02056739
02056755
02056777
02056786
02056810
02056879
02056889
02056902
02056903
02056943
02056952
02056955
02056956
02056963
02057009
02057063
02057081
02057084
02057091
02057177
02057178
02057193
02057216
02057231
02057260
02057262
02057308
02057315
02057317
02057332
02057334
02057341
02057409
02057467
02057478
02057480
02057484
02057485
02057490
02057495
02057524
02057541
02057544
02057545
02057566
02057567
02057574
02057593
02057597
02057612
02057639
02057641
02057714
02057732
02057733
02057734
02057735
02057740
02057742
02057743
02057754
02057757
02057758
02057790
02057804
02057861
02057865
02057870
02057875
02057997
02058012
02058065
02058067
02058068
02058109
02058211
02058231
02058275
02058327
02058357
02058506
02058531
02058534
02058623
02058688
02058693
02058721
02058743
02058802
02058854
02058879
02058964
02059357
02059377
02059452
02059462
02059463
02059469
02059549
02059550
02059558
02059610
02059621
02059622
02059655
02059657
02059736
02059750
02059765
02059778
02059833
02059987
02059988
02059990
02060000
02060015
02060028
02060050
02060116
02060244
02060278
02060340
02060363
02060386
02060388
02060422
02060470
02060517
02060533
02060581
02060587
02060650
02060662
02060694
02060723
02060785
02060830
02060836
02060848
02060920
02060923
02060972
02061014
02061052
02061092
02061100
02061164
02061201
02061263
02061277
02061288
02061298
02061299
02061300
02061356
02061394
02061432
02061445
02061451
02061486
02061490
02061612
02061648
02061655
02061678
02061704
02061767
02061779
02061805
02061809
02061881
02061937
02061953
02061955
02062062
02062064
02062127
02062135
02062137
02062138
02062221
02062262
02062497
02062540
02062609
02062682
02062689
02062710
02062806
02062822
02062841
02062855
02062904
02062932
02062943
02062973
02062979
02062986
02063010
02063030
02063054
02063063
02063094
02063103
02063130
02063158
02063189
02063191
02063196
02063205
02063220
02063270
02063417
02063445
02063446
02063460
02063475
02063512
02063553
02063590
02063604
02063632
02063634
02063636
02063637
02063683
02063684
02063692
02063737
02063744
02063782
02063787
02063796
02063801
02063802
02063808
02063815
02063830
02063841
02063846
02063879
02063887
02063936
02063969
02064012
02064015
02064084
02064093
02064125
02064138
02064142
02064156
02064172
02064180
02064182
02064197
02064208
02064210
02064237
02064310
02064322
02064396
02064648
02064649
02064684
02064686
02064689
02064700
02064728
02064762
02064776
02064788
02064795
02064806
02064928
02064949
02064955
02064992
02065090
02065103
02065140
02065142
02065143
02065191
02065205
02065301
02065302
02065303
02065415
02065451
02065494
02065495
02065496
02065590
02065592
02065690
02065699
02065720
02065726
02065751
02065752
02065760
02065781
02065796
02065797
02065798
02065812
02065832
02065839
02065841
02065880
02065892
02065901
02065926
02065930
02065940
02065968
02066026
02066034
02066038
02066044
02066059
02066060
02066080
02066132
02066138
02066139
02066140
02066157
02066169
02066187
02066190
02066196
02066204
02066316
02066367
02066378
02066408
02066545
02066638
02066660
02066763
02066805
02066840
02066841
02066842
02066878
02066893
02066942
02066948
02066951
02066978
02066991
02067004
02067040
02067053
02067094
02067109
02067114
02067115
02067119
02067120
02067121
02067122
02067130
02067146
02067177
02067217
02067241
02067246
02067252
02067255
02067315
02067316
02067324
02067333
02067334
02067350
02067380
02067398
02067417
02067421
02067470
02067488
02067490
02067492
02067551
02067586
02067609
02067667
02067692
02067738
02067754
02067761
02067799
02067800
02067819
02067824
02067855
02067869
02067896
02067897
02067920
02067982
02068084
02068108
02068109
02068164
02068294
02068300
02068301
02068386
02068425
02068468
02068562
02068575
02068962
02069002
02069051
02069078
02069080
02069088
02069103
02069105
02069163
02069174
02069187
02069193
02069213
02069235
02069316
02069328
02069344
02069375
02069399
02069404
02069441
02069531
02069551
02069619
02069620
02069621
02069633
02069707
02069797
02069844
02069861
02069875
02069910
02069968
02069990
02070017
02070018
02070033
02070048
02070054
02070156
02070174
02070177
02070235
02070238
02070241
02070281
02070307
02070312
02070369
02070381
02070386
02070393
02070405
02070438
02070484
02070507
02070535
02070536
02070547
02070558
02070563
02070576
02070587
02070603
02070637
02070638
02070660
02070661
02070662
02070663
02070677
02070679
02070691
02070694
02070707
02070708
02070723
02070780
02070835
02070908
02070909
02070920
02070921
02070922
02070924
02070925
02070926
02070927
02070977
02071002
02071014
02071017
02071086
02071132
02071137
02071143
02071171
02071209
02071210
02071366
02071381
02071409
02071412
02071413
02071422
02071451
02071513
02071619
02071792
02071826
02071965
02071977
02071987
02071995
02072008
02072034
02072035
02072042
02072069
02072080
02072093
02072099
02072100
02072107
02072118
02072120
02072121
02072122
02072123
02072128
02072157
02072158
02072162
02072163
02072164
02072165
02072169
02072208
02072223
02072224
02072231
02072232
02072238
02072240
02072270
02072277
02072284
02072305
02072323
02072364
02072365
02072386
02072387
02072403
02072443
02072536
02072541
02072552
02072553
02072570
02072589
02072598
02072599
02072600
02072647
02072785
02072833
02072843
02072847
02072848
02072871
02072872
02072964
02073064
02073067
02073097
02073100
02073101
02073122
02073149
02073154
02073160
02073175
02073186
02073205
02073207
02073232
02073239
02073263
02073264
02073268
02073269
02073305
02073317
02073326
02073346
02073348
02073352
02073356
02073370
02073426
02073427
02073436
02073485
02073492
02073531
02073559
02073563
02073647
02073670
02073673
02073705
02073768
02073781
02073783
02073804
02073827
02073828
02073835
02073836
02073837
02073921
02073966
02073982
02073983
02073990
02073991
02074017
02074030
02074032
02074034
02074098
02074196
02074221
02074301
02074304
02074314
02074317
02074318
02074319
02074346
02074389
02074397
02074400
02074431
02074451
02074472
02074495
02074537
02074539
02074546
02074603
02074639
02074666
02074707
02074708
02074724
02074817
02074918
02075004
02075012
02075084
02075187
02075201
02075205
02075221
02075245
02075254
02075294
02075310
02075311
02075316
02075328
02075334
02075335
02075336
02075354
02075358
02075387
02075406
02075474
02075492
02075588
02075678
02075679
02075680
02075692
02075696
02075703
02075725
02075748
02075768
02075769
02075770
02075814
02075822
02075852
02075855
02075870
02075872
02075883
02075901
02075946
02075960
02075967
02076034
02076047
02076132
02076139
02076140
02076146
02076158
02076167
02076205
02076212
02076233
02076289
02076307
02076341
02076432
02076451
02076469
02076474
02076484
02076520
02076603
02076616
02076617
02076618
02076623
02076627
02076629
02076635
02076638
02076645
02076650
02076652
02076675
02076705
02076775
02076789
02076844
02076861
02076884
02076922
02076942
02076943
02076956
02076996
02077019
02077051
02077088
02077095
02077105
02077128
02077153
02077253
02077255
02077291
02077310
02077361
02077397
02077476
02077495
02077496
02077620
02077649
02077660
02077729
02077751
02077795
02077810
02077827
02077828
02077842
02077911
02077912
02077937
02077965
02077966
02077971
02077974
02077988
02078004
02078016
02078074
02078075
02078090
02078097
02078143
02078153
02078190
02078229
02078243
02078253
02078254
02078305
02078415
02078492
02078529
02078579
02078602
02078631
02078643
02078644
02078670
02078690
02078744
02078804
02078893
02078894
02078895
02078943
02078977
02078983
02078984
02078987
02078990
02079002
02079037
02079105
02079106
02079143
02079152
02079201
02079213
02079217
02079218
02079240
02079241
02079245
02079246
02079318
02079341
02079346
02079399
02079483
02079565
02079571
02079581
02079594
02079602
02079603
02079624
02079633
02079666
02079671
02079677
02079688
02079690
02079704
02079706
02079730
02079779
02079785
02079803
02079809
02079894
02079895
02079896
02079911
02079976
02079999
02080030
02080060
02080095
02080120
02080122
02080164
02080193
02080195
02080217
02080230
02080263
02080277
02080278
02080293
02080320
02080340
02080343
02080391
02080410
02080419
02080475
02080477
02080478
02080506
02080569
02080570
02080571
02080649
02080650
02080651
02080657
02080660
02080661
02080684
02080715
02080729
02080750
02080777
02080817
02080843
02080849
02080862
02080865
02080935
02080955
02080956
02080961
02080971
02080982
02081001
02081002
02081037
02081161
02081172
02081177
02081222
02081367
02081368
02081448
02081459
02081466
02081586
02081635
02081686
02081692
02081714
02081716
02081753
02081852
02081901
02081927
02081945
02082030
02082396
02082397
02082398
02082399
02082413
02082469
02082522
02082528
02082535
02082560
02082562
02082568
02082614
02082676
02082685
02082716
02082743
02082758
02082823
02082863
02082864
02082865
02082866
02082890
02082912
02082913
02082926
02082929
02082933
02082962
02082968
02082997
02083002
02083004
02083005
02083006
02083007
02083026
02083137
02083157
02083261
02083410
02083459
02083469
02083539
02083606
02083664
02083667
02083679
02083681
02083687
02083694
02083701
02083707
02083718
02083730
02083735
02083757
02083789
02083813
02083821
02083849
02083850
02083885
02083887
02083907
02083972
02083982
02083983
02084010
02084016
02084022
02084028
02084029
02084039
02084069
02084089
02084105
02084134
02084146
02084163
02084167
02084173
02084188
02084210
02084258
02084259
02084273
02084280
02084356
02084404
02084486
02084541
02084542
02084551
02084555
02084556
02084662
02084718
02084733
02084738
02084748
02084779
02084795
02084881
02084882
02084885
02084886
02085005
02085011
02085012
02085013
02085039
02085047
02085067
02085068
02085069
02085128
02085138
02085166
02085181
02085189
02085432
02085583
02085607
02085625
02085653
02085657
02085658
02085672
02085684
02085719
02085796
02085797
02085801
02085813
02085815
02085819
02085839
02085903
02085941
02085974
02085985
02085995
02085997
02086003
02086033
02086064
02086067
02086069
02086086
02086102
02086103
02086115
02086141
02086155
02086170
02086227
02086267
02086273
02086281
02086328
02086343
02086372
02086400
02086445
02086453
02086494
02086552
02086558
02086604
02086606
02086616
02086668
02086788
02086789
02086790
02086791
02086792
02086795
02086809
02086836
02086845
02086851
02086895
02086922
02086924
02086993
02087043
02087083
02087094
02087145
02087153
02087168
02087203
02087204
02087211
02087228
02087232
02087237
02087308
02087313
02087330
02087334
02087341
02087355
02087361
02087363
02087371
02087414
02087433
02087441
02087486
02087487
02087488
02087499
02087502
02087551
02087570
02087606
02087607
02087608
02087631
02087646
02087652
02087685
02087732
02087759
02087770
02087795
02087800
02087801
02087854
02087862
02087920
02087949
02087998
02088008
02088053
02088091
02088157
02088162
02088251
02088252
02088262
02088297
02088308
02088364
02088402
02088423
02088438
02088442
02088446
02088460
02088488
02088539
02088543
02088567
02088621
02088629
02088630
02088641
02088651
02088671
02088678
02088698
02088726
02088749
02088851
02088878
02088896
02088945
02088967
02088971
02089030
02089039
02089074
02089075
02089249
02089262
02089358
02089418
02089420
02089462
02089543
02089547
02089588
02089608
02089666
02089706
02089718
02089725
02089766
02089775
02089776
02089780
02089785
02089812
02089833
02089849
02089850
02089851
02089859
02089867
02089897
02089919
02089932
02089933
02089941
02089955
02090020
02090074
02090096
02090129
02090190
02090195
02090196
02090206
02090259
02090282
02090312
02090313
02090319
02090322
02090340
02090358
02090413
02090436
02090447
02090457
02090465
02090466
02090490
02090529
02090546
02090552
02090563
02090567
02090594
02090665
02090667
02090676
02090761
02090762
02090763
02090764
02090808
02090829
02090947
02091100
02091101
02091193
02091194
02091195
02091221
02091222
02091228
02091248
02091341
02091344
02091357
02091372
02091396
02091407
02091418
02091421
02091436
02091464
02091508
02091527
02091573
02091574
02091575
02091576
02091578
02091623
02091624
02091626
02091628
02091647
02091684
02091732
02091785
02091800
02091828
02091925
02091939
02091959
02091972
02091975
02092018
02092019
02092020
02092021
02092028
02092037
02092042
02092055
02092093
02092095
02092097
02092122
02092137
02092210
02092224
02092244
02092254
02092260
02092275
02092312
02092326
02092327
02092376
02092390
02092404
02092408
02092415
02092457
02092500
02092503
02092504
02092506
02092508
02092520
02092585
02092614
02092705
02092711
02092722
02092723
02092870
02092917
02092924
02092961
02093011
02093019
02093069
02093087
02093102
02093113
02093164
02093232
02093242
02093246
02093264
02093305
02093382
02093388
02093421
02093432
02093455
02093478
02093534
02093563
02093564
02093568
02093594
02093610
02093622
02093628
02093678
02093688
02093706
02093707
02093726
02093732
02093739
02093765
02093814
02093852
02093936
02093937
02093938
02093987
02094013
02094040
02094047
02094048
02094084
02094171
02094186
02094242
02094275
02094288
02094303
02094304
02094331
02094339
02094385
02094413
02094414
02094424
02094425
02094489
02094523
02094537
02094577
02094620
02094638
02094653
02094695
02094713
02094731
02094754
02094755
02094818
02094889
02094891
02094897
02094900
02094936
02094954
02094973
02094978
02094992
02095007
02095013
02095028
02095075
02095124
02095186
02095210
02095220
02095254
02095300
02095327
02095337
02095358
02095416
02095462
02095478
02095492
02095497
02095505
02095508
02095515
02095520
02095528
02095562
02095579
02095601
02095605
02095634
02095645
02095665
02095713
02095719
02095720
02095729
02095732
02095751
02095759
02095765
02095772
02095775
02095779
02095793
02095803
02095815
02095859
02095862
02095865
02095870
02095924
02095946
02095988
02095999
02096011
02096023
02096024
02096043
02096058
02096062
02096073
02096109
02096110
02096119
02096141
02096155
02096167
02096174
02096182
02096183
02096184
02096185
02096186
02096187
02096188
02096189
02096190
02096191
02096211
02096225
02096274
02096290
02096328
02096346
02096366
02096370
02096375
02096400
02096482
02096492
02096500
02096508
02096538
02096569
02096632
02096658
02096695
02096724
02096762
02096801
02096806
02096827
02096940
02096946
02096996
02097034
02097057
02097134
02097225
02097402
02097434
02097570
02097587
02097603
02097604
02097628
02097631
02097667
02097700
02097701
02097716
02097717
02097719
02097735
02097742
02097789
02097818
02097829
02097862
02097863
02097873
02097881
02097892
02097898
02097967
02097993
02098002
02098007
02098029
02098044
02098062
02098072
02098082
02098094
02098127
02098132
02098136
02098171
02098221
02098251
02098290
02098367
02098375
02098380
02098420
02098424
02098466
02098498
02098548
02098599
02098698
02098815
02098855
02098912
02098919
02098928
02098929
02098955
02098961
02098981
02098987
02098993
02099006
02099067
02099082
02099095
02099125
02099155
02099162
02099165
02099182
02099183
02099191
02099197
02099213
02099286
02099296
02099349
02099350
02099351
02099352
02099353
02099354
02099380
02099425
02099450
02099512
02099557
02099630
02099691
02099700
02099703
02099707
02099801
02099851
02099855
02099935
02099954
02099965
02099966
02099976
02099980
02100152
02100223
02100235
02100239
02100253
02100482
02100553
02100587
02100597
02100644
02100705
02100953
02100991
02100994
02101019
02101121
02101132
02101239
02101249
02101252
02101269
02101308
02101313
02101328
02101336
02101347
02101348
02101361
02101401
02101410
02101444
02101473
02101476
02101504
02101520
02101545
02101558
02101570
02101593
02101601
02101612
02101621
02101628
02101641
02101656
02101662
02101694
02101704
02101824
02101879
02101886
02101918
02102020
02102048
02102055
02102128
02102205
02102266
02102279
02102289
02102298
02102316
02102429
02102525
02102531
02102532
02102533
02102534
02102550
02102556
02102557
02102614
02102630
02102660
02102702
02102706
02102719
02102722
02102755
02102761
02102785
02102786
02102862
02102925
02102926
02102940
02102941
02102942
02102943
02102949
02102958
02102985
02103008
02103037
02103122
02103123
02103168
02103185
02103232
02103233
02103234
02103306
02103309
02103403
02103459
02103461
02103497
02103528
02103534
02103540
02103549
02103600
02103657
02103694
02103735
02103745
02103841
02103869
02103870
02103938
02103969
02104033
02104092
02104157
02104227
02104322
02104378
02104399
02104430
02104458
02104475
02104484
02104731
02104747
02104797
02104810
02104818
02104823
02104857
02104858
02104865
02104883
02104917
02104919
02104935
02104947
02104967
02104969
02105024
02105036
02105054
02105061
02105062
02105187
02105195
02105215
02105232
02105297
02105304
02105337
02105387
02105388
02105414
02105418
02105443
02105475
02105516
02105547
02105548
02105556
02105575
02105589
02105626
02105687
02105750
02105793
02105794
02105795
02105824
02105841
02105843
02105920
02105929
02105971
02105984
02106002
02106051
02106111
02106114
02106189
02106190
02106231
02106291
02106306
02106328
02106341
02106366
02106368
02106388
02106424
02106432
02106533
02106611
02106636
02106637
02106638
02106662
02106671
02106713
02106714
02106734
02106752
02106804
02106808
02106869
02106917
02107118
02107136
02107153
02107156
02107184
02107260
02107261
02107301
02107322
02107346
02107433
02107489
02107553
02107598
02107624
02107662
02107720
02107722
02107724
02107790
02107846
02107851
02107911
02108063
02108072
02108091
02108092
02108128
02108175
02108233
02108262
02108264
02108280
02108315
02108322
02108333
02108334
02108340
02108361
02108371
02108372
02108373
02108417
02108424
02108444
02108450
02108461
02108494
02108504
02108514
02108624
02108703
02108710
02108736
02108767
02108784
02108785
02108795
02108833
02108839
02108853
02108864
02108921
02108924
02108926
02108932
02108997
02109005
02109049
02109106
02109190
02109239
02109325
02109327
02109372
02109470
02109481
02109500
02109526
02109527
02109534
02109537
02109558
02109573
02109584
02109586
02109602
02109610
02109619
02109620
02109632
02109642
02109658
02109667
02109669
02109683
02109725
02109750
02109751
02109785
02109786
02109802
02109824
02109831
02109909
02109910
02109921
02109923
02109928
02109946
02109982
02109987
02110003
02110005
02110041
02110053
02110066
02110094
02110144
02110170
02110396
02110456
02110490
02110516
02110530
02110537
02110547
02110590
02110593
02110609
02110685
02110764
02110765
02110806
02110880
02110888
02110889
02110891
02110943
02110974
02111059
02111152
02111180
02111181
02111258
02111313
02111316
02111459
02111467
02111513
02111693
02111694
02111721
02111788
02111809
02111810
02111811
02111812
02111820
02111824
02111826
02111835
02111849
02111902
02111927
02111935
02111999
02112006
02112023
02112035
02112041
02112073
02112158
02112183
02112199
02112286
02112294
02112302
02112305
02112309
02112310
02112326
02112373
02112383
02112407
02112471
02112526
02112528
02112559
02112587
02112597
02112598
02112613
02112710
02112732
02112734
02112834
02112882
02112887
02112903
02112952
02112959
02113107
02113115
02113116
02113131
02113160
02113180
02113186
02113193
02113225
02113265
02113303
02113329
02113396
02113397
02113405
02113413
02113437
02113438
02113457
02113476
02113487
02113501
02113540
02113547
02113550
02113574
02113575
02113582
02113618
02113651
02113668
02113684
02113707
02113735
02113839
02113859
02113908
02113909
02113910
02113918
02113966
02113972
02113973
02113981
02113982
02114001
02114144
02114165
02114186
02114188
02114191
02114234
02114252
02114353
02114354
02114359
02114422
02114500
02114562
02114575
02114585
02114618
02114848
02114918
02114931
02114946
02114949
02114961
02114986
02115188
02115226
02115262
02115271
02115285
02115299
02115326
02115341
02115359
02115416
02115418
02115421
02115429
02115440
02115443
02115462
02115491
02115492
02115517
02115522
02115523
02115524
02115525
02115541
02115554
02115573
02115602
02115627
02115628
02115683
02115698
02115764
02115765
02115766
02115782
02115783
02115797
02115813
02115836
02115864
02115871
02115905
02115921
02115944
02116004
02116111
02116200
02116227
02116233
02116261
02116275
02116277
02116283
02116342
02116367
02116451
02116582
02116595
02116699
02116748
02116750
02116759
02116761
02116835
02116862
02116865
02116866
02116880
02116890
02116988
02116998
02117002
02117004
02117012
02117013
02117014
02117053
02117055
02117061
02117133
02117244
02117245
02117267
02117269
02117276
02117280
02117308
02117333
02117334
02117350
02117357
02117367
02117370
02117399
02117440
02117443
02117489
02117522
02117529
02117531
02117549
02117569
02117571
02117573
02117574
02117627
02117667
02117668
02117678
02117683
02117684
02117686
02117779
02117785
02117807
02117854
02117869
02117881
02117884
02117886
02117966
02118010
02118011
02118013
02118019
02118051
02118114
02118310
02118329
02118338
02118354
02118415
02118446
02118605
02118715
02118727
02118763
02118779
02118807
02118808
02118828
02118837
02118840
02118844
02118899
02118936
02118939
02118945
02119025
02119054
02119068
02119086
02119096
02119114
02119119
02119154
02119190
02119191
02119196
02119200
02119270
02119346
02119434
02119466
02119493
02119509
02119532
02119533
02119540
02119563
02119589
02119610
02119653
02119719
02119769
02119777
02119802
02119884
02119885
02119886
02119887
02119906
02119927
02120006
02120093
02120095
02120106
02120154
02120158
02120176
02120253
02120287
02120291
02120327
02120328
02120331
02120394
02120414
02120417
02120419
02120429
02120430
02120441
02120442
02120455
02120465
02120490
02120496
02120499
02120523
02120527
02120535
02120545
02120586
02120606
02120625
02120686
02120708
02120710
02120752
02120764
02120805
02120842
02120858
02120897
02120939
02120940
02121005
02121006
02121012
02121025
02121033
02121039
02121059
02121077
02121083
02121109
02121110
02121118
02121138
02121156
02121157
02121232
02121246
02121260
02121346
02121391
02121420
02121427
02121431
02121533
02121550
02121666
02121674
02121683
02121893
02121895
02121910
02121961
02122161
02122216
02122218
02122236
02122264
02122265
02122266
02122286
02122290
02122351
02122381
02122389
02122421
02122422
02122423
02122473
02122535
02122573
02122574
02122575
02122591
02122621
02122633
02122651
02122661
02122665
02122679
02122766
02122787
02122823
02122961
02123104
02123147
02123171
02123181
02123213
02123237
02123308
02123365
02123384
02123401
02123430
02123442
02123559
02123564
02123585
02123586
02123613
02123643
02123689
02123729
02123730
02123731
02123733
02123739
02123750
02123760
02123769
02123787
02123804
02123805
02123807
02123819
02123830
02123837
02123840
02123876
02123907
02123919
02123935
02123936
02123937
02123956
02123978
02123990
02123998
02124019
02124066
02124070
02124125
02124137
02124164
02124165
02124168
02124176
02124183
02124186
02124217
02124222
02124256
02124273
02124324
02124340
02124343
02124346
02124348
02124356
02124443
02124445
02124469
02124481
02124485
02124515
02124584
02124603
02124642
02124772
02124828
02124856
02124989
02125033
02125042
02125086
02125114
02125138
02125139
02125140
02125141
02125144
02125166
02125185
02125213
02125226
02125236
02125283
02125289
02125309
02125379
02125386
02125414
02125429
02125437
02125552
02125578
02125609
02125634
02125650
02125672
02125704
02125731
02125766
02125779
02125827
02125846
02125919
02125962
02126017
02126066
02126122
02126123
02126124
02126125
02126150
02126167
02126170
02126174
02126265
02126284
02126318
02126370
02126399
02126412
02126413
02126419
02126563
02126622
02126623
02126632
02126641
02126657
02126666
02126690
02126692
02126727
02126736
02126800
02126821
02126822
02126823
02126892
02126917
02126921
02126922
02126947
02126956
02126958
02126995
02126996
02127030
02127127
02127174
02127193
02127216
02127367
02127373
02127378
02127399
02127415
02127448
02127630
02127691
02127733
02127747
02127780
02127874
02127875
02127882
02127912
02127913
02127921
02127934
02127959
02127996
02128009
02128010
02128011
02128012
02128064
02128089
02128098
02128113
02128137
02128141
02128143
02128149
02128166
02128170
02128173
02128203
02128215
02128220
02128222
02128259
02128266
02128286
02128299
02128317
02128325
02128381
02128419
02128420
02128430
02128431
02128434
02128461
02128601
02128675
02128685
02128714
02128717
02128769
02128805
02128829
02128835
02128836
02128878
02128969
02128981
02129004
02129013
02129015
02129029
02129070
02129087
02129089
02129093
02129094
02129112
02129119
02129123
02129151
02129152
02129192
02129193
02129231
02129236
02129237
02129271
02129272
02129284
02129300
02129307
02129313
02129325
02129357
02129362
02129378
02129379
02129452
02129525
02129535
02129563
02129564
02129631
02129646
02129679
02129764
02129804
02129805
02129893
02129894
02129973
02130044
02130081
02130087
02130100
02130132
02130139
02130244
02130276
02130417
02130424
02130473
02130515
02130542
02130677
02130872
02130886
02130936
02130950
02130972
02130996
02130997
02130998
02130999
02131018
02131019
02131020
02131039
02131079
02131100
02131131
02131159
02131183
02131210
02131224
02131228
02131247
02131251
02131282
02131283
02131285
02131286
02131287
02131296
02131339
02131393
02131399
02131405
02131424
02131441
02131476
02131503
02131541
02131542
02131547
02131548
02131571
02131692
02131693
02131724
02131725
02131726
02131733
02131780
02131854
02131895
02131896
02131897
02131927
02131932
02131933
02131949
02131981
02131982
02131987
02132085
02132101
02132125
02132143
02132227
02132312
02132329
02132333
02132341
02132343
02132373
02132382
02132383
02132411
02132446
02132448
02132464
02132466
02132480
02132483
02132512
02132522
02132533
02132543
02132548
02132569
02132621
02132652
02132701
02132703
02132704
02132705
02132706
02132714
02132719
02132727
02132736
02132767
02132774
02132785
02132786
02132792
02132833
02132848
02132876
02132894
02132908
02132920
02132952
02132954
02133049
02133063
02133065
02133080
02133099
02133250
02133279
02133303
02133309
02133315
02133316
02133322
02133328
02133332
02133359
02133398
02133446
02133467
02133525
02133591
02133622
02133698
02133707
02133710
02133820
02133850
02133982
02133993
02133994
02134086
02134129
02134186
02134187
02134378
02134589
02134790
02134805
02134819
02134831
02134867
02134878
02134888
02134909
02134911
02134944
02134975
02135008
02135021
02135026
02135033
02135064
02135085
02135117
02135189
02135194
02135207
02135274
02135304
02135329
02135350
02135455
02135465
02135561
02135622
02135628
02135651
02135718
02135738
02135744
02135766
02135792
02135840
02135947
02135969
02135970
02136017
02136032
02136041
02136067
02136068
02136102
02136107
02136110
02136115
02136133
02136134
02136206
02136261
02136262
02136268
02136292
02136303
02136339
02136379
02136419
02136464
02136484
02136488
02136495
02136532
02136556
02136560
02136640
02136650
02136682
02136707
02136769
02136775
02136850
02136891
02136912
02136978
02137006
02137020
02137026
02137061
02137094
02137096
02137122
02137196
02137262
02137285
02137333
02137387
02137388
02137389
02137444
02137468
02137562
02137666
02137750
02137832
02137871
02137889
02137925
02138023
02138038
02138066
02138273
02138299
02138314
02138318
02138362
02138382
02138415
02138420
02138429
02138447
02138492
02138522
02138523
02138595
02138601
02138644
02138670
02138683
02138714
02138733
02138769
02138784
02138822
02138850
02138870
02138927
02138943
02139017
02139018
02139021
02139026
02139032
02139046
02139152
02139201
02139248
02139396
02139447
02139462
02139476
02139494
02139549
02139550
02139563
02139572
02139670
02139681
02139729
02139749
02139808
02139809
02139821
02139824
02139846
02139862
02139879
02139880
02139891
02139899
02139929
02139946
02139958
02139969
02139970
02140007
02140014
02140073
02140150
02140152
02140156
02140160
02140233
02140270
02140279
02140357
02140361
02140393
02140394
02140396
02140398
02140418
02140541
02140577
02140602
02140637
02140646
02140756
02140900
02141005
02141029
02141033
02141199
02141209
02141348
02141349
02141359
02141363
02141364
02141365
02141366
02141367
02141428
02141431
02141433
02141519
02141534
02141542
02141556
02141562
02141590
02141640
02141641
02141648
02141675
02141678
02141687
02141704
02141739
02141742
02141803
02141833
02141875
02141876
02141880
02141888
02141927
02141943
02142011
02142013
02142038
02142039
02142057
02142162
02142211
02142267
02142282
02142307
02142316
02142324
02142448
02142456
02142469
02142478
02142479
02142494
02142518
02142528
02142534
02142545
02142556
02142570
02142584
02142586
02142588
02142593
02142594
02142596
02142597
02142602
02142609
02142647
02142666
02142740
02142764
02142808
02142851
02142858
02142859
02142884
02142906
02143004
02143006
02143061
02143071
02143082
02143171
02143175
02143200
02143238
02143244
02143294
02143320
02143321
02143335
02143347
02143411
02143426
02143475
02143493
02143518
02143791
02143830
02143838
02143876
02143877
02143971
02144027
02144068
02144163
02144228
02144340
02144458
02144460
02144494
02144550
02144579
02144728
02144753
02144754
02144865
02144875
02144911
02144957
02145045
02145109
02145142
02145148
02145185
02145193
02145312
02145628
02145739
02145772
02145779
02145818
02145865
02145885
02145961
02145980
02145981
02145982
02145984
02146014
02146065
02146066
02146068
02146076
02146077
02146080
02146091
02146113
02146138
02146163
02146260
02146285
02146291
02146295
02146311
02146352
02146439
02146445
02146446
02146447
02146448
02146449
02146450
02146451
02146452
02146453
02146454
02146455
02146517
02146521
02146550
02146593
02146596
02146743
02146744
02146778
02146823
02146840
02146842
02146858
02146874
02146879
02146906
02146936
02146966
02146985
02146986
02147113
02147172
02147173
02147179
02147224
02147238
02147375
02147520
02147543
02147547
02147722
02147731
02147781
02147783
02147812
02147845
02147892
02147893
02147919
02147952
02147960
02147998
02148030
02148067
02148106
02148133
02148148
02148241
02148247
02148254
02148303
02148413
02148457
02148563
02148570
02148574
02148603
02148633
02148637
02148718
02148721
02148899
02148957
02149013
02149043
02149084
02149126
02149127
02149137
02149144
02149172
02149191
02149201
02149203
02149238
02149254
02149374
02149407
02149437
02149444
02149445
02149446
02149447
02149461
02149474
02149527
02149528
02149572
02149620
02149634
02149690
02149700
02149714
02149716
02149822
02149832
02149836
02149839
02149874
02149883
02149894
02149900
02149902
02149915
02149952
02149974
02149977
02150036
02150094
02150126
02150145
02150182
02150190
02150246
02150261
02150382
02150478
02150519
02150524
02150638
02150702
02150748
02150749
02150760
02150801
02150805
02150816
02150880
02151055
02151079
02151146
02151170
02151174
02151260
02151270
02151276
02151277
02151304
02151306
02151326
02151331
02151352
02151367
02151387
02151394
02151435
02151464
02151465
02151478
02151489
02151496
02151515
02151520
02151533
02151583
02151594
02151596
02151604
02151636
02151643
02151688
02151689
02151827
02151831
02151879
02151880
02151895
02151907
02151921
02151924
02151929
02151952
02151977
02151984
02152078
02152086
02152090
02152167
02152174
02152236
02152254
02152293
02152310
02152317
02152344
02152346
02152352
02152360
02152382
02152404
02152429
02152435
02152455
02152551
02152554
02152557
02152562
02152564
02152583
02152616
02152635
02152683
02152803
02152817
02152818
02152854
02152855
02152862
02152930
02152967
02152972
02152973
02152977
02153041
02153137
02153148
02153173
02153186
02153212
02153248
02153259
02153275
02153276
02153289
02153294
02153308
02153322
02153375
02153391
02153446
02153447
02153538
02153597
02153716
02153747
02153756
02153849
02153955
02154002
02154128
02154349
02154585
02154611
02154619
02154687
02154705
02154733
02154761
02154815
02154831
02154878
02154922
02154948
02154949
02154952
02154953
02154977
02154990
02155039
02155075
02155133
02155192
02155194
02155195
02155209
02155221
02155234
02155261
02155277
02155291
02155301
02155333
02155368
02155370
02155469
02155484
02155485
02155522
02155530
02155544
02155560
02155577
02155613
02155637
02155684
02155686
02155687
02155711
02155772
02155787
02155788
02155809
02155944
02155972
02156001
02156005
02156097
02156101
02156113
02156114
02156122
02156142
02156198
02156207
02156230
02156251
02156347
02156370
02156371
02156378
02156379
02156400
02156404
02156435
02156448
02156464
02156490
02156495
02156507
02156516
02156555
02156671
02156781
02156916
02156917
02156964
02156965
02157021
02157023
02157025
02157061
02157065
02157143
02157183
02157184
02157234
02157238
02157475
02157478
02157547
02157600
02157602
02157621
02157624
02157625
02157628
02157687
02157688
02157749
02157818
02157820
02157871
02157872
02157959
02158390
02158434
02158444
02158478
02158502
02158533
02158572
02158586
02158641
02158655
02158670
02158684
02158686
02158688
02158691
02158696
02158714
02158716
02158741
02158759
02158804
02158806
02158811
02158886
02158895
02158896
02158900
02158943
02158949
02158954
02158971
02159002
02159016
02159021
02159043
02159117
02159131
02159148
02159172
02159204
02159274
02159357
02159403
02159424
02159426
02159482
02159619
02159719
02159755
02159759
02159772
02159809
02159811
02159813
02159835
02159868
02159869
02159895
02159966
02160132
02160134
02160208
02160209
02160211
02160213
02160218
02160219
02160223
02160261
02160300
02160301
02160304
02160343
02160362
02160396
02160404
02160571
02160661
02160670
02160736
02160815
02160930
02160970
02161029
02161072
02161099
02161121
02161177
02161293
02161391
02161412
02161417
02161430
02161725
02161780
02161903
02161959
02161992
02162012
02162014
02162040
02162046
02162047
02162095
02162125
02162165
02162197
02162202
02162224
02162277
02162304
02162308
02162333
02162336
02162378
02162413
02162421
02162526
02162541
02162563
02162574
02162655
02162691
02162733
02162753
02162798
02162803
02162810
02162825
02162834
02162840
02162855
02162885
02162927
02162951
02162988
02163018
02163019
02163020
02163041
02163108
02163118
02163135
02163139
02163150
02163177
02163181
02163199
02163330
02163430
02163471
02163476
02163521
02163555
02163694
02163696
02163739
02163750
02163752
02163792
02163810
02163827
02163849
02163876
02163955
02163977
02163980
02164001
02164005
02164008
02164009
02164011
02164016
02164019
02164021
02164090
02164133
02164146
02164195
02164221
02164222
02164228
02164270
02164271
02164291
02164318
02164324
02164347
02164354
02164521
02164541
02164561
02164576
02164586
02164597
02164665
02164676
02164686
02164703
02164726
02164757
02164764
02164774
02164775
02164802
02164992
02165131
02165180
02165328
02165403
02165457
02165598
02165686
02165711
02165752
02165753
02165754
02165755
02165821
02165844
02165862
02165866
02165960
02165986
02166048
02166069
02166080
02166124
02166139
02166141
02166158
02166165
02166203
02166249
02166272
02166296
02166301
02166413
02166560
02166562
02166603
02166660
02166670
02166728
02166733
02166826
02166958
02167011
02167028
02167066
02167093
02167095
02167111
02167134
02167158
02167211
02167308
02167322
02167329
02167392
02167396
02167429
02167431
02167468
02167523
02167556
02167576
02167577
02167621
02167651
02167660
02167684
02167692
02167850
02167855
02167905
02167918
02167949
02167958
02168035
02168044
02168077
02168118
02168133
02168152
02168200
02168226
02168247
02168259
02168354
02168417
02168521
02168562
02168673
02168689
02168876
02168973
02169076
02169123
02169297
02169299
02169330
02169334
02169351
02169376
02169382
02169474
02169477
02169504
02169511
02169512
02169552
02169605
02169638
02169655
02169709
02169785
02169794
02169845
02169868
02170034
02170062
02170087
02170094
02170121
02170179
02170242
02170253
02170324
02170431
02170436
02170496
02170497
02170503
02170511
02170512
02170540
02170615
02170669
02170675
02170759
02170774
02170815
02170826
02170831
02170836
02170849
02170858
02170875
02170888
02170936
02170979
02171015
02171025
02171058
02171133
02171138
02171144
02171148
02171155
02171179
02171195
02171266
02171285
02171286
02171338
02171339
02171364
02171376
02171381
02171382
02171387
02171390
02171411
02171426
02171457
02171500
02171640
02171643
02171645
02171767
02171856
02171914
02171922
02171954
02172022
02172092
02172094
02172099
02172134
02172190
02172244
02172249
02172328
02172360
02172416
02172430
02172496
02172529
02172541
02172647
02172694
02172792
02172872
02172976
02172977
02173105
02173114
02173224
02173227
02173285
02173288
02173289
02173317
02173322
02173346
02173387
02173398
02173399
02173406
02173420
02173461
02173513
02173586
02173627
02173684
02173689
02173699
02173743
02173788
02173815
02173882
02173967
02173987
02174027
02174145
02174154
02174209
02174286
02174311
02174360
02174413
02174418
02174521
02174522
02174523
02174607
02174658
02174676
02174680
02174685
02174725
02174726
02174734
02174764
02174845
02174894
02174904
02174914
02174930
02174940
02174979
02175010
02175031
02175076
02175097
02175122
02175152
02175235
02175238
02175283
02175284
02175320
02175348
02175359
02175449
02175483
02175508
02175566
02175575
02175731
02175824
02175932
02175933
02176027
02176040
02176042
02176133
02176535
02176578
02176634
02176666
02176676
02176703
02176722
02176724
02176741
02176754
02176808
02176838
02176855
02176856
02176875
02176876
02176882
02176920
02176923
02176925
02176945
02177053
02177087
02177143
02177269
02177270
02177326
02177400
02177401
02177404
02177405
02177406
02177407
02177425
02177438
02177531
02177547
02177548
02177566
02177575
02177641
02177650
02177660
02177661
02177679
02177680
02177681
02177690
02177695
02177696
02177722
02177749
02177752
02177753
02177777
02177851
02177875
02177908
02177921
02177932
02177973
02177978
02177979
02177980
02178019
02178030
02178034
02178076
02178105
02178112
02178138
02178152
02178207
02178222
02178241
02178249
02178275
02178291
02178294
02178309
02178310
02178370
02178436
02178532
02178549
02178605
02178655
02178785
02178798
02178799
02178804
02178906
02179035
02179036
02179043
02179073
02179089
02179124
02179327
02179362
02179498
02179505
02179530
02179558
02179581
02179600
02179602
02179608
02179617
02179623
02179632
02179645
02179668
02179671
02179679
02179699
02179718
02179732
02179769
02179772
02179794
02179802
02179869
02179876
02179898
02179946
02179965
02180049
02180060
02180158
02180159
02180194
02180223
02180267
02180300
02180312
02180332
02180357
02180358
02180389
02180390
02180574
02180621
02180701
02180769
02180787
02180822
02180828
02180839
02180863
02180864
02180925
02180948
02180953
02180968
02180980
02180982
02180987
02181005
02181029
02181030
02181063
02181069
02181131
02181172
02181227
02181270
02181361
02181362
02181365
02181421
02181520
02181543
02181616
02181618
02181660
02181734
02181758
02181838
02181855
02181896
02181902
02181942
02181943
02181987
02182016
02182071
02182115
02182185
02182289
02182396
02182495
02182520
02182593
02182629
02182885
02182890
02182927
02182930
02182978
02183020
02183021
02183035
02183069
02183076
02183082
02183089
02183163
02183180
02183181
02183190
02183195
02183261
02183277
02183278
02183279
02183334
02183337
02183353
02183355
02183381
02183382
02183403
02183406
02183439
02183440
02183441
02183482
02183484
02183490
02183523
02183538
02183539
02183549
02183572
02183576
02183594
02183616
02183711
02183712
02183713
02183723
02183751
02183966
02184030
02184087
02184118
02184127
02184152
02184174
02184201
02184294
02184301
02184321
02184358
02184362
02184364
02184378
02184379
02184401
02184407
02184408
02184428
02184456
02184463
02184465
02184470
02184496
02184497
02184509
02184524
02184525
02184531
02184532
02184533
02184548
02184606
02184612
02184618
02184620
02184623
02184636
02184704
02184707
02184796
02184807
02184809
02184846
02184967
02184968
02184975
02185000
02185153
02185156
02185297
02185328
02185408
02185546
02185582
02185891
02185919
02185987
02185989
02186043
02186065
02186171
02186255
02186299
02186303
02186305
02186429
02186469
02186484
02186520
02186530
02186533
02186538
02186581
02186582
02186583
02186584
02186634
02186641
02186753
02186772
02186773
02186794
02186812
02186835
02186947
02187010
02187121
02187175
02187182
02187391
02187532
02187558
02187572
02187574
02187577
02187579
02187586
02187632
02187637
02187652
02187655
02187681
02187719
02187721
02187738
02187748
02187753
02187854
02187855
02187864
02187872
02187883
02187906
02187910
02187943
02187972
02187995
02187998
02188005
02188038
02188039
02188043
02188075
02188115
02188140
02188142
02188167
02188183
02188207
02188225
02188282
02188283
02188297
02188339
02188340
02188353
02188377
02188411
02188443
02188444
02188445
02188462
02188474
02188482
02188541
02188611
02188697
02188817
02188826
02188828
02188892
02188946
02188974
02188977
02189015
02189067
02189119
02189264
02189642
02189644
02189712
02189713
02189729
02189741
02189744
02189783
02189802
02189808
02189809
02189821
02189826
02189837
02189862
02189881
02189894
02189918
02189953
02189955
02190047
02190087
02190100
02190101
02190130
02190132
02190207
02190208
02190232
02190259
02190261
02190283
02190295
02190311
02190385
02190389
02190406
02190408
02190467
02190475
02190524
02190562
02190580
02190583
02190584
02190585
02190593
02190621
02190681
02190790
02190881
02190953
02190992
02191016
02191022
02191042
02191057
02191087
02191100
02191107
02191112
02191138
02191139
02191140
02191173
02191175
02191220
02191222
02191251
02191252
02191254
02191326
02191359
02191410
02191412
02191529
02191530
02191532
02191575
02191639
02191641
02191647
02191681
02191729
02191800
02191825
02191855
02191874
02191894
02191913
02191964
02191982
02192010
02192071
02192088
02192304
02192336
02192363
02192367
02192518
02192537
02192556
02192557
02192577
02192701
02192707
02192719
02192764
02192787
02192818
02192826
02192868
02192890
02192990
02193103
02193143
02193154
02193187
02193235
02193275
02193282
02193285
02193315
02193320
02193339
02193417
02193451
02193452
02193502
02193551
02193564
02193573
02193608
02193611
02193656
02193699
02193701
02193713
02193788
02193809
02193865
02193870
02193879
02193992
02194023
02194030
02194063
02194064
02194080
02194101
02194148
02194155
02194160
02194208
02194348
02194379
02194393
02194415
02194430
02194476
02194478
02194481
02194484
02194511
02194524
02194538
02194541
02194584
02194626
02194671
02194684
02194722
02194734
02194764
02194781
02194843
02194854
02194855
02194881
02194933
02194942
02194982
02195028
02195077
02195119
02195128
02195170
02195172
02195202
02195304
02195338
02195356
02195392
02195414
02195449
02195470
02195484
02195487
02195515
02195671
02195696
02195702
02195727
02195757
02195959
02195969
02196001
02196324
02196326
02196386
02196418
02196466
02196491
02196522
02196530
02196538
02196549
02196552
02196619
02196620
02196659
02196663
02196681
02196712
02196716
02196778
02196785
02196810
02196874
02196881
02196927
02196947
02197160
02197197
02197214
02197234
02197245
02197318
02197319
02197334
02197335
02197341
02197352
02197379
02197424
02197437
02197580
02197581
02197668
02197699
02197702
02197708
02197713
02197714
02197723
02197753
02197800
02197845
02197925
02197952
02197954
02197956
02197973
02197974
02198004
02198014
02198040
02198063
02198064
02198080
02198090
02198109
02198139
02198234
02198250
02198278
02198300
02198368
02198382
02198408
02198506
02198543
02198547
02198588
02198727
02198901
02198921
02199106
02199215
02199225
02199228
02199321
02199730
02199733
02199794
02199810
02199811
02199817
02199833
02199864
02199869
02199871
02199887
02199916
02199922
02199949
02199961
02199994
02200023
02200041
02200045
02200063
02200138
02200144
02200164
02200190
02200270
02200315
02200321
02200334
02200356
02200390
02200413
02200415
02200432
02200443
02200515
02200575
02200576
02200635
02200642
02200661
02200766
02200856
02200871
02200948
02200985
02201020
02201063
02201079
02201195
02201247
02201280
02201387
02201392
02201471
02201530
02201534
02201545
02201549
02201603
02201608
02201633
02201689
02201707
02201728
02201737
02201753
02201768
02201818
02201831
02201898
02201916
02201940
02201985
02202021
02202103
02202119
02202179
02202216
02202264
02202296
02202306
02202309
02202316
02202370
02202399
02202494
02202495
02202512
02202564
02202583
02202591
02202626
02202630
02202679
02202684
02202819
02202853
02202953
02203055
02203082
02203114
02203148
02203167
02203178
02203184
02203185
02203217
02203222
02203259
02203304
02203355
02203358
02203370
02203379
02203385
02203394
02203404
02203439
02203448
02203549
02203580
02203635
02203644
02203650
02203652
02203682
02203704
02203726
02203764
02203811
02203818
02203819
02203828
02203838
02203867
02203868
02203896
02203972
02203998
02204055
02204146
02204199
02204311
02204323
02204343
02204349
02204383
02204390
02204423
02204470
02204473
02204652
02204710
02204753
02204775
02204776
02204829
02204836
02204895
02204919
02204962
02205095
02205234
02205242
02205382
02205405
02205429
02205447
02205448
02205479
02205491
02205492
02205493
02205504
02205621
02205679
02205720
02205721
02205768
02205930
02205962
02206070
02206089
02206126
02206136
02206211
02206213
02206215
02206222
02206232
02206240
02206256
02206264
02206308
02206345
02206348
02206414
02206433
02206435
02206473
02206509
02206510
02206511
02206534
02206567
02206577
02206593
02206676
02206683
02206757
02206831
02206884
02206885
02206892
02206927
02206943
02207071
02207092
02207152
02207154
02207166
02207201
02207242
02207244
02207248
02207324
02207455
02207458
02207511
02207550
02207561
02207584
02207598
02207717
02207762
02207817
02207870
02208001
02208002
02208036
02208098
02208170
02208171
02208172
02208173
02208174
02208175
02208176
02208177
02208193
02208387
02208529
02208534
02208570
02208573
02208598
02208606
02208647
02208658
02208668
02208708
02208768
02208770
02208771
02208815
02208825
02208846
02208850
02208851
02208855
02208915
02208992
02209023
02209049
02209073
02209077
02209161
02209210
02209374
02209488
02209489
02209490
02209509
02209521
02209561
02209578
02209605
02209651
02209691
02209693
02209694
02209695
02209696
02209697
02209710
02209722
02209761
02209780
02209846
02209958
02210088
02210103
02210120
02210187
02210298
02210303
02210359
02210362
02210398
02210408
02210432
02210473
02210478
02210506
02210594
02210682
02210695
02210811
02210847
02210982
02210983
02211002
02211027
02211053
02211146
02211176
02211417
02211456
02211457
02211576
02211607
02211626
02211651
02211660
02211693
02211716
02211720
02211750
02211754
02211870
02211873
02211880
02211885
02211930
02211936
02211959
02211960
02211961
02211982
02211990
02212029
02212064
02212074
02212111
02212120
02212133
02212156
02212214
02212259
02212299
02212379
02212464
02212495
02212543
02212563
02212733
02212741
02212767
02212785
02212872
02212907
02212922
02213012
02213023
02213055
02213057
02213058
02213059
02213138
02213140
02213145
02213160
02213177
02213200
02213227
02213250
02213273
02213290
02213347
02213351
02213370
02213376
02213381
02213437
02213494
02213539
02213547
02213645
02213646
02213679
02213680
02213693
02213695
02213697
02213702
02213739
02213747
02213771
02213783
02213914
02213928
02213939
02213940
02213941
02213944
02214073
02214194
02214267
02214340
02214386
02214397
02214557
02214610
02214694
02214924
02215008
02215189
02215236
02215264
02215280
02215302
02215510
02215547
02215570
02215577
02215634
02215656
02215660
02215663
02215665
02215667
02215676
02215729
02215731
02215753
02215754
02215770
02215796
02215797
02215827
02215928
02215946
02216041
02216070
02216076
02216122
02216134
02216135
02216273
02216287
02216317
02216345
02216348
02216434
02216474
02216478
02216538
02216568
02216687
02216737
02216738
02216739
02216803
02216860
02216874
02216932
02216933
02216934
02216986
02217068
02217074
02217084
02217085
02217087
02217106
02217120
02217135
02217138
02217158
02217162
02217163
02217169
02217226
02217227
02217250
02217272
02217273
02217400
02217401
02217563
02217597
02217601
02217633
02217797
02217819
02217820
02217834
02217841
02217866
02217894
02217928
02218034
02218037
02218048
02218050
02218051
02218052
02218053
02218054
02218055
02218056
02218057
02218058
02218059
02218067
02218101
02218286
02218291
02218300
02218313
02218589
02218590
02218598
02218696
02218755
02218756
02218757
02218778
02218815
02218841
02218880
02218940
02218947
02218953
02218998
02219002
02219033
02219039
02219074
02219075
02219113
02219150
02219180
02219206
02219249
02219272
02219278
02219298
02219302
02219323
02219358
02219362
02219563
02219612
02219613
02219794
02219826
02219923
02219989
02220040
02220053
02220141
02220144
02220165
02220167
02220278
02220290
02220337
02220501
02220551
02220552
02220670
02220697
02220711
02220723
02220758
02220810
02220959
02220961
02221106
02221107
02221116
02221128
02221169
02221299
02221301
02221461
02221549
02221550
02221724
02221747
02221758
02221770
02221874
02221877
02221885
02221917
02221925
02221997
02222004
02222046
02222055
02222059
02222124
02222126
02222181
02222193
02222221
02222254
02222256
02222262
02222263
02222264
02222280
02222494
02222546
02222564
02222608
02222638
02222747
02222838
02222862
02222970
02222975
02223065
02223078
02223133
02223195
02223213
02223240
02223265
02223277
02223293
02223307
02223358
02223389
02223391
02223506
02223507
02223566
02223605
02223660
02223682
02223700
02223701
02223702
02223712
02223734
02223769
02223776
02223777
02223778
02223816
02223902
02223903
02223904
02223948
02224031
02224032
02224033
02224065
02224092
02224103
02224150
02224156
02224233
02224317
02224463
02224524
02224628
02224638
02224686
02224741
02224768
02224905
02224928
02224962
02224966
02224967
02225073
02225120
02225181
02225209
02225224
02225246
02225250
02225277
02225281
02225293
02225364
02225375
02225395
02225425
02225482
02225506
02225515
02225555
02225557
02225563
02225566
02225593
02225675
02225681
02225691
02225932
02225966
02225997
02226025
02226050
02226089
02226097
02226215
02226216
02226217
02226218
02226219
02226221
02226256
02226299
02226300
02226375
02226376
02226436
02226488
02226489
02226524
02226533
02226551
02226626
02226665
02226672
02226682
02226691
02226692
02226751
02226804
02226889
02226890
02226907
02226986
02227058
02227081
02227107
02227128
02227139
02227154
02227221
02227266
02227434
02227461
02227470
02227549
02227577
02227609
02227675
02227763
02227848
02228187
02228226
02228227
02228281
02228305
02228401
02228519
02228610
02228700
02228708
02228740
02228745
02228772
02228777
02228778
02228807
02228853
02228865
02228871
02228873
02228902
02228911
02228919
02228975
02229010
02229029
02229044
02229055
02229058
02229080
02229124
02229125
02229126
02229191
02229205
02229206
02229246
02229254
02229269
02229270
02229274
02229295
02229324
02229372
02229389
02229448
02229557
02229582
02229621
02229649
02229668
02229674
02229825
02229847
02229869
02229969
02229992
02230036
02230083
02230164
02230186
02230202
02230296
02230301
02230302
02230307
02230320
02230328
02230336
02230339
02230348
02230373
02230417
02230427
02230430
02230445
02230479
02230499
02230512
02230519
02230520
02230669
02230670
02230730
02230733
02230822
02230836
02230878
02230887
02230899
02230933
02230979
02231020
02231133
02231154
02231155
02231164
02231204
02231214
02231272
02231328
02231331
02231434
02231448
02231488
02231535
02231536
02231783
02231835
02231841
02231842
02231880
02232029
02232122
02232281
02232296
02232342
02232357
02232361
02232380
02232388
02232390
02232398
02232399
02232431
02232442
02232491
02232496
02232506
02232522
02232579
02232581
02232596
02232663
02232684
02232685
02232703
02232704
02232730
02232741
02232748
02232750
02232751
02232753
02232795
02232838
02232909
02232921
02232948
02232958
02232998
02233009
02233176
02233183
02233214
02233258
02233316
02233477
02233496
02233536
02233618
02233763
02233820
02233824
02233835
02233844
02233846
02233852
02233860
02233870
02233884
02233885
02233920
02233921
02233962
02233964
02233965
02233966
02233988
02234160
02234161
02234163
02234203
02234257
02234365
02234430
02234447
02234471
02234598
02234616
02234732
02234779
02234874
02234908
02234918
02235080
02235101
02235254
02235341
02235369
02235461
02235475
02235550
02235617
02235839
02235881
02235991
02235996
02236113
02236122
02236135
02236160
02236247
02236347
02236351
02236352
02236355
02236360
02236451
02236453
02236464
02236471
02236493
02236505
02236515
02236516
02236727
02236778
02236796
02236808
02236826
02236869
02236941
02236976
02237046
02237080
02237091
02237127
02237138
02237210
02237231
02237319
02237418
02237422
02237423
02237426
02237427
02237519
02237637
02237703
02237706
02237708
02237710
02237735
02237832
02237864
02237892
02237894
02237902
02237911
02237924
02237956
02237989
02237994
02238013
02238014
02238041
02238059
02238134
02238149
02238193
02238225
02238274
02238291
02238306
02238334
02238340
02238381
02238382
02238445
02238461
02238490
02238511
02238559
02238590
02238659
02238806
02238810
02238841
02238897
02238995
02239056
02239108
02239165
02239320
02239368
02239634
02239683
02239703
02239704
02239713
02239784
02239810
02239815
02239832
02239839
02239840
02239841
02239842
02239849
02239861
02239894
02239901
02239906
02239944
02239953
02239995
02240026
02240107
02240113
02240257
02240264
02240347
02240349
02240363
02240364
02240365
02240399
02240553
02240594
02240598
02240619
02240635
02240715
02240716
02240717
02240733
02240751
02240795
02240813
02240932
02240933
02240938
02241050
02241093
02241097
02241113
02241114
02241151
02241201
02241207
02241215
02241216
02241217
02241218
02241229
02241236
02241275
02241334
02241344
02241382
02241397
02241409
02241410
02241411
02241445
02241492
02241497
02241500
02241532
02241556
02241698
02241797
02241825
02241826
02241852
02241853
02241864
02241877
02241916
02241960
02241966
02241985
02242036
02242037
02242183
02242200
02242244
02242293
02242321
02242328
02242449
02242502
02242654
02242745
02242821
02242822
02243031
02243102
02243222
02243237
02243263
02243267
02243283
02243319
02243349
02243350
02243354
02243366
02243389
02243459
02243465
02243467
02243486
02243487
02243499
02243535
02243553
02243556
02243576
02243604
02243605
02243613
02243673
02243693
02243720
02243731
02243746
02243753
02243792
02243813
02243852
02243853
02243870
02243871
02243886
02243990
02244013
02244224
02244241
02244484
02244493
02244494
02244556
02244570
02244586
02244623
02244631
02244632
02244720
02244724
02244727
02244736
02244738
02244750
02244751
02244775
02244798
02244928
02244939
02244940
02244980
02244995
02245062
02245071
02245083
02245118
02245132
02245159
02245283
02245314
02245351
02245372
02245398
02245496
02245511
02245881
02246232
02246271
02246395
02246458
02246478
02246490
02246529
02246558
02246565
02246603
02246620
02246672
02246730
02246737
02246846
02246869
02246900
02246912
02246917
02246933
02246968
02247025
02247032
02247057
02247079
02247080
02247081
02247123
02247197
02247448
02247484
02247485
02247486
02247487
02247539
02247575
02247644
02247693
02247696
02247872
02247932
02247939
02247970
02247973
02247999
02248010
02248018
02248022
02248023
02248046
02248063
02248105
02248134
02248135
02248157
02248174
02248257
02248263
02248289
02248299
02248301
02248320
02248349
02248376
02248377
02248396
02248437
02248511
02248538
02248646
02248654
02248660
02248691
02248726
02248727
02248761
02248854
02248925
02248978
02249058
02249225
02249335
02249440
02249591
02249750
02249768
02249897
02250065
02250077
02250078
02250084
02250133
02250166
02250186
02250213
02250222
02250307
02250311
02250367
02250370
02250408
02250428
02250432
02250435
02250449
02250455
02250508
02250613
02250632
02250651
02250687
02250766
02250780
02250796
02250812
02250816
02250867
02250965
02250969
02250990
02251022
02251028
02251153
02251295
02251349
02251382
02251538
02251545
02251549
02251585
02251662
02251686
02251764
02251833
02251872
02251904
02251914
02251918
02251951
02251964
02251977
02252053
02252057
02252097
02252130
02252131
02252132
02252133
02252140
02252145
02252248
02252293
02252294
02252296
02252329
02252511
02252533
02252564
02252569
02252570
02252599
02252757
02252759
02252804
02252860
02252880
02252958
02253030
02253165
02253214
02253349
02253408
02253465
02253471
02253501
02253503
02253511
02253574
02253590
02253615
02253627
02253636
02253649
02253662
02253672
02253700
02253754
02253792
02253795
02253799
02253810
02253819
02253867
02253878
02254037
02254161
02254220
02254253
02254324
02254442
02254482
02254493
02254508
02254520
02254525
02254589
02254723
02254731
02254746
02254755
02254764
02254782
02254816
02254830
02254843
02254882
02254909
02254917
02254926
02254929
02254956
02254999
02255000
02255004
02255037
02255063
02255214
02255274
02255313
02255385
02255428
02255431
02255537
02255598
02255662
02255699
02255700
02255701
02255714
02255845
02255881
02255927
02255928
02255929
02255934
02255972
02256076
02256090
02256163
02256164
02256618
02256624
02256646
02256660
02256668
02256680
02256689
02256720
02256726
02256733
02256735
02256736
02256738
02256755
02256767
02256777
02256786
02256802
02256846
02256859
02256880
02256952
02256996
02257047
02257062
02257114
02257115
02257119
02257132
02257222
02257282
02257283
02257284
02257298
02257305
02257306
02257352
02257425
02257437
02257465
02257546
02257548
02257727
02257825
02257845
02257851
02257906
02257945
02257951
02257994
02258014
02258017
02258067
02258114
02258200
02258237
02258281
02258297
02258340
02258459
02258463
02258482
02258526
02258532
02258538
02258542
02258547
02258550
02258610
02258657
02258664
02258787
02258901
02258904
02259161
02259162
02259230
02259464
02259474
02259475
02259574
02259575
02259587
02259595
02259596
02259619
02259691
02259789
02259884
02259951
02259971
02259978
02260087
02260097
02260098
02260138
02260197
02260249
02260364
02260413
02260431
02260486
02260592
02260616
02260628
02260643
02260757
02260759
02260760
02260768
02260774
02260780
02260835
02260836
02260887
02260906
02260911
02260944
02260946
02260984
02261051
02261059
02261083
02261100
02261113
02261119
02261121
02261122
02261162
02261194
02261211
02261227
02261283
02261447
02261504
02261548
02261810
02261861
02262294
02262304
02262347
02262396
02262398
02262481
02262500
02262513
02262522
02262611
02262622
02262645
02262684
02262777
02262839
02263077
02263078
02263090
02263104
02263110
02263134
02263231
02263236
02263241
02263294
02263358
02263359
02263360
02263368
02263373
02263517
02263520
02263575
02263631
02263632
02263645
02263691
02263701
02263754
02263764
02263785
02263880
02263883
02263948
02263949
02263950
02263952
02263958
02263959
02263973
02263979
02263980
02263991
02263995
02264005
02264006
02264024
02264053
02264092
02264109
02264181
02264276
02264323
02264339
02264708
02264781
02264796
02264892
02264918
02265198
02265434
02265636
02265645
02265662
02265664
02265665
02265763
02265895
02265923
02265969
02266024
02266071
02266095
02266116
02266146
02266147
02266154
02266162
02266167
02266190
02266210
02266299
02266377
02266418
02266627
02266733
02266735
02266786
02266811
02267010
02267012
02267034
02267055
02267200
02267211
02267301
02267311
02267340
02267361
02267396
02267414
02267435
02267441
02267447
02267459
02267463
02267557
02267564
02267641
02267688
02267694
02267750
02267751
02267769
02267876
02267877
02267878
02267879
02267880
02267885
02267892
02267898
02267934
02268095
02268105
02268296
02268538
02268539
02268594
02268619
02268753
02268815
02268828
02268890
02268986
02269035
02269068
02269072
02269077
02269187
02269188
02269286
02269291
02269293
02269317
02269318
02269327
02269346
02269395
02269416
02269495
02269508
02269518
02269523
02269525
02269554
02269576
02269665
02269903
02269945
02269953
02269962
02270002
02270008
02270097
02270109
02270111
02270180
02270194
02270225
02270226
02270329
02270331
02270425
02270486
02270500
02270525
02270704
02270708
02270709
02270710
02270711
02270712
02270717
02270726
02270730
02270762
02270784
02270787
02270789
02270823
02270825
02270828
02270854
02270948
02271068
02271181
02271238
02271320
02271400
02271404
02271405
02271407
02271522
02271555
02271573
02271689
02271690
02271692
02271805
02271831
02271863
02271898
02272052
02272089
02272407
02272460
02272536
02272574
02272575
02272616
02272654
02272689
02272707
02272715
02272798
02272870
02272893
02272894
02272992
02273020
02273023
02273100
02273271
02273285
02273308
02273388
02273413
02273446
02273474
02273549
02273550
02273552
02273692
02273821
02273842
02273956
02273969
02273992
02274022
02274042
02274074
02274093
02274096
02274114
02274212
02274222
02274371
02274392
02274397
02274399
02274408
02274409
02274423
02274434
02274435
02274460
02274504
02274541
02274580
02274626
02274665
02274726
02274842
02274890
02274942
02274946
02274986
02275193
02275282
02275443
02275486
02275505
02275507
02275741
02275802
02275818
02275837
02275892
02275893
02275983
02275993
02276012
02276013
02276030
02276031
02276101
02276141
02276161
02276162
02276228
02276282
02276326
02276402
02276442
02276521
02277091
02277127
02277204
02277235
02277237
02277255
02277275
02277316
02277371
02277378
02277422
02277425
02277444
02277445
02277496
02277518
02277536
02277551
02277567
02277592
02277606
02277607
02277680
02277684
02277686
02277687
02277795
02277823
02277831
02277832
02277856
02277859
02277941
02277950
02278170
02278215
02278247
02278413
02278558
02278781
02278802
02278805
02278812
02278818
02278821
02278825
02278893
02278932
02278940
02278942
02278948
02278966
02278975
02278990
02278999
02279040
02279041
02279042
02279078
02279082
02279116
02279140
02279167
02279173
02279250
02279251
02279252
02279253
02279287
02279421
02279540
02279561
02279657
02279658
02279659
02279887
02279996
02280069
02280087
02280101
02280138
02280139
02280153
02280165
02280173
02280268
02280281
02280284
02280323
02280330
02280377
02280417
02280460
02280554
02280573
02280574
02280575
02280594
02280705
02280736
02280784
02280785
02280786
02280788
02280789
02280888
02280889
02281006
02281072
02281345
02281363
02281367
02281421
02281458
02281509
02281544
02281563
02281572
02281590
02281687
02281689
02281711
02281913
02281928
02281954
02281989
02281997
02282035
02282062
02282088
02282089
02282090
02282091
02282116
02282169
02282231
02282278
02282335
02282343
02282417
02282495
02282501
02282517
02282586
02282590
02282595
02282623
02282625
02282743
02282790
02282791
02282813
02282825
02282846
02282864
02282921
02282973
02283310
02283343
02283371
02283456
02283501
02283504
02283514
02283579
02283581
02283631
02283645
02283676
02283691
02283697
02283708
02283709
02283710
02283748
02283894
02283902
02283904
02283912
02283916
02283924
02283933
02284031
02284095
02284115
02284125
02284137
02284308
02284365
02284767
02284802
02284842
02284919
02284994
02285039
02285053
02285066
02285154
02285202
02285225
02285241
02285258
02285275
02285286
02285347
02285503
02285526
02285537
02285694
02285788
02285860
02285956
02286228
02286259
02286260
02286274
02286275
02286332
02286372
02286373
02286462
02286465
02286469
02286576
02286703
02286749
02286755
02286756
02286807
02286836
02286864
02286907
02287031
02287045
02287054
02287055
02287063
02287087
02287110
02287221
02287240
02287256
02287290
02287298
02287342
02287343
02287348
02287396
02287449
02287656
02287668
02287702
02287746
02287864
02288085
02288310
02288311
02288332
02288367
02288498
02288514
02288669
02288742
02288749
02288908
02288977
02288978
02289052
02289151
02289283
02289290
02289338
02289350
02289360
02289398
02289399
02289407
02289408
02289410
02289422
02289498
02289604
02289704
02289834
02289851
02289853
02289920
02290073
02290113
02290155
02290209
02290243
02290277
02290282
02291004
02291116
02291133
02291182
02291185
02291199
02291237
02291287
02291337
02291377
02291389
02291398
02291424
02291561
02291726
02291742
02291797
02291808
02291810
02291812
02291928
02292078
02292114
02292161
02292167
02292214
02292313
02292359
02292382
02292386
02292392
02292414
02292516
02292586
02292636
02292646
02292659
02292722
02292732
02292736
02292783
02292838
02292871
02292935
02292940
02292959
02292967
02292984
02293022
02293198
02293203
02293382
02293518
02293548
02293602
02293630
02293631
02293794
02293890
02293891
02293954
02293984
02293987
02294007
02294030
02294172
02294205
02294254
02294348
02294380
02294398
02294413
02294432
02294457
02294504
02294505
02294507
02294681
02294787
02294849
02294881
02294882
02294903
02294904
02294978
02294982
02295005
02295122
02295197
02295484
02295540
02295547
02295555
02295577
02295583
02295603
02295607
02295667
02295696
02295708
02295776
02295792
02295805
02295844
02295889
02295893
02295908
02295922
02295923
02295938
02295984
02295985
02295998
02296073
02296091
02296098
02296138
02296311
02296327
02296354
02296441
02296442
02296488
02296499
02296521
02296546
02296605
02296619
02296672
02296673
02296734
02296744
02296800
02296859
02296896
02296944
02296992
02297021
02297082
02297165
02297234
02297303
02297360
02297411
02297425
02297513
02297624
02297922
02298075
02298122
02298185
02298189
02298206
02298207
02298233
02298282
02298324
02298342
02298358
02298409
02298478
02298515
02298533
02298541
02298542
02298556
02298572
02298599
02298659
02298686
02298709
02298734
02298824
02299184
02299186
02299197
02299237
02299299
02299373
02299388
02299390
02299453
02299476
02299584
02299642
02299715
02299792
02299847
02299861
02300268
02300278
02300279
02300315
02300363
02300404
02300498
02300591
02300710
02300787
02301001
02301210
02301335
02301374
02301445
02301467
02301478
02301513
02301752
02301770
02301784
02301844
02302036
02302095
02302119
02302434
02302435
02302461
02302463
02302490
02302567
02302628
02302852
02302894
02302929
02302986
02303089
02303113
02303114
02303115
02303116
02303140
02303198
02303211
02303239
02303258
02303280
02303386
02303448
02303473
02303537
02303568
02303593
02303689
02303823
02303906
02304067
02304108
02304151
02304190
02304239
02304625
02304636
02304691
02304697
02304715
02304781
02304792
02304796
02304800
02304813
02304910
02304953
02305057
02305188
02305217
02305274
02305431
02305461
02305485
02305519
02305615
02305771
02305821
02305830
02305837
02305870
02305905
02305911
02305927
02306030
02306114
02306123
02306134
02306135
02306136
02306137
02306138
02306174
02306181
02306205
02306273
02306283
02306298
02306299
02306348
02306444
02306464
02306524
02306599
02306679
02306745
02306746
02306819
02306833
02306849
02307055
02307154
02307315
02307336
02307365
02307370
02307397
02307620
02307637
02307665
02307681
02307726
02307755
02307757
02307779
02307801
02307816
02307824
02307828
02307914
02307959
02307960
02308033
02308213
02308249
02308266
02308287
02308341
02308372
02308479
02308685
02308691
02308701
02308704
02308740
02308745
02308773
02308775
02308788
02308790
02308800
02308808
02308813
02308830
02308853
02308942
02308943
02308944
02308945
02308946
02308956
02309030
02309031
02309080
02309102
02309207
02309209
02309275
02309398
02309428
02309437
02309438
02309452
02309459
02309524
02309819
02310346
02310347
02310408
02310534
02310552
02310623
02310629
02310630
02310643
02310665
02310666
02310667
02310690
02310707
02310737
02310767
02310776
02310888
02311059
02311372
02311542
02311560
02311568
02311623
02311642
02311658
02311697
02311703
02311704
02311736
02311813
02311825
02311853
02311857
02311882
02311883
02311894
02311896
02311901
02311914
02311925
02311944
02312152
02312172
02312248
02312275
02312344
02312361
02312419
02312420
02312421
02312422
02312592
02312603
02312883
02313102
02313139
02313190
02313298
02313299
02313305
02313604
02313627
02313628
02313890
02313891
02313892
02313948
02313971
02313981
02313989
02314073
02314096
02314102
02314150
02314166
02314258
02314365
02314405
02314488
02315061
02315189
02315290
02315293
02315330
02315369
02315441
02315442
02315475
02315552
02315553
02315554
02315592
02315609
02315615
02315816
02315817
02315823
02315928
02315975
02316003
02316014
02316027
02316039
02316065
02316223
02316340
02316585
02316599
02316684
02316768
02316947
02317081
02317153
02317262
02317272
02317392
02317444
02317503
02317548
02317598
02317599
02317626
02317705
02317708
02317716
02317789
02317801
02317810
02317840
02317868
02317918
02317928
02317965
02317992
02317994
02318012
02318066
02318085
02318099
02318109
02318310
02318565
02318573
02318588
02318629
02318636
02318705
02318845
02318875
02318915
02318930
02318946
02318954
02318989
02318993
02319009
02319037
02319038
02319054
02319065
02319111
02319168
02319179
02319180
02319187
02319192
02319193
02319216
02319226
02319332
02319337
02319393
02319403
02319434
02319435
02319436
02319480
02319506
02319675
02319743
02319781
02319791
02319839
02320047
02320073
02320076
02320137
02320160
02320229
02320235
02320324
02320533
02320721
02321358
02321373
02321374
02321379
02321521
02321554
02321621
02321677
02321775
02321853
02321881
02321896
02321909
02321936
02321938
02322030
02322173
02322188
02322243
02322247
02322457
02322538
02322540
02322544
02322716
02322728
02322845
02323048
02323070
02323151
02323308
02323419
02323438
02323454
02323494
02323559
02323609
02323614
02323655
02323662
02323666
02323779
02323802
02323938
02324075
02324086
02324192
02324313
02324314
02324316
02324396
02324795
02325067
02325086
02325173
02325242
02325324
02325343
02325373
02325377
02325378
02325390
02325401
02325433
02325508
02325534
02325573
02325662
02325692
02325818
02325876
02325945
02326008
02326040
02326091
02326205
02326309
02326386
02326438
02326492
02326597
02326678
02326944
02326945
02326964
02326981
02327034
02327069
02327217
02327250
02327251
02327366
02327388
02327390
02327404
02327434
02327435
02327460
02327465
02327479
02327497
02327517
02327530
02327541
02327592
02327621
02327626
02327630
02327696
02327775
02327791
02327801
02327855
02327892
02327920
02327963
02328066
02328103
02328460
02328643
02328688
02328769
02328808
02328928
02328957
02329021
02329100
02329143
02329223
02329284
02329385
02329392
02329416
02329417
02329483
02329512
02329537
02329559
02329632
02329648
02329652
02329727
02329739
02329740
02330274
02330364
02330388
02330423
02330436
02330441
02330508
02330618
02330759
02330854
02330855
02330927
02330928
02330971
02331045
02331112
02331159
02331173
02331231
02331232
02331544
02331736
02331782
02331828
02332023
02332028
02332059
02332060
02332094
02332150
02332188
02332221
02332222
02332264
02332305
02332367
02332368
02332369
02332448
02332458
02332545
02332551
02332681
02332704
02332773
02332782
02332895
02332999
02333268
02333280
02333287
02333404
02333425
02333456
02333509
02333527
02333598
02333681
02333819
02333836
02334034
02334051
02334113
02334243
02334288
02334333
02334489
02334490
02334528
02334536
02334633
02334662
02334665
02334700
02334704
02334765
02334769
02334803
02334866
02335282
02335368
02335379
02335606
02335624
02335656
02335657
02335658
02335659
02335691
02335754
02335825
02335866
02335867
02335909
02335921
02335938
02335955
02335978
02336013
02336043
02336044
02336045
02336046
02336122
02336125
02336154
02336204
02336235
02336238
02336356
02336446
02336447
02336448
02336542
02336543
02336685
02336835
02336856
02336857
02336995
02337180
02337329
02337364
02337365
02337409
02337416
02337434
02337435
02337440
02337455
02337515
02337549
02337571
02337581
02337725
02337727
02337833
02337883
02337897
02337948
02337949
02337995
02338091
02338104
02338118
02338140
02338156
02338218
02338226
02338351
02338398
02338402
02338403
02338405
02338471
02338489
02338510
02338537
02338748
02338783
02338896
02338991
02339355
02339363
02339376
02339386
02339597
02339646
02339678
02339679
02339734
02339794
02339821
02339915
02339995
02340028
02340093
02340148
02340162
02340206
02340207
02340234
02340264
02340265
02340293
02340392
02340418
02340419
02340489
02340617
02340621
02340759
02340894
02340972
02340974
02341282
02341283
02341289
02341290
02341293
02341312
02341313
02341330
02341331
02341425
02341444
02341463
02341574
02341604
02341644
02341645
02341750
02341784
02341893
02341894
02341895
02342064
02342067
02342084
02342180
02342235
02342306
02342309
02342426
02342600
02342608
02342610
02342611
02342670
02342678
02342975
02343000
02343163
02343437
02343525
02343528
02343855
02343859
02344028
02344044
02344083
02344100
02344104
02344113
02344149
02344195
02344219
02344244
02344261
02344290
02344297
02344309
02344333
02344335
02344377
02344398
02344542
02344591
02344699
02344743
02344745
02344788
02344874
02344876
02344978
02345291
02345523
02345552
02345720
02345739
02345808
02345859
02345897
02345928
02345934
02345946
02345957
02345965
02345984
02346040
02346077
02346091
02346166
02346196
02346199
02346207
02346224
02346233
02346247
02346294
02346414
02346416
02346489
02346490
02346644
02346646
02346869
02346902
02346907
02346921
02346997
02346998
02347006
02347151
02347167
02347479
02347719
02347815
02347860
02348032
02348127
02348134
02348136
02348170
02348171
02348174
02348216
02348272
02348276
02348286
02348342
02348408
02348448
02348456
02348632
02348645
02348870
02348871
02348911
02348921
02349390
02349414
02349568
02349578
02349618
02349629
02349646
02349681
02349705
02349718
02349744
02349805
02349806
02349970
02350003
02350008
02350037
02350044
02350077
02350112
02350126
02350128
02350161
02350162
02350279
02350376
02350438
02350458
02350493
02350494
02350503
02350514
02350619
02350711
02350739
02350760
02350767
02351063
02351400
02351586
02351626
02351666
02351682
02351727
02351732
02351741
02351774
02351775
02351844
02351906
02351981
02352003
02352049
02352061
02352210
02352252
02352262
02352281
02352404
02352557
02352847
02352931
02352949
02352979
02353048
02353052
02353062
02353117
02353128
02353377
02353389
02353448
02353480
02353484
02353514
02353549
02353700
02353763
02353764
02354072
02354280
02354474
02354659
02354693
02354754
02354755
02354757
02354768
02354824
02354870
02354871
02354873
02354874
02354878
02354933
02354940
02354947
02354999
02355044
02355128
02355167
02355203
02355226
02355251
02355263
02355282
02355313
02355332
02355539
02355621
02356070
02356107
02356138
02356159
02356219
02356220
02356229
02356257
02356364
02356403
02356425
02356548
02356558
02356559
02356570
02356583
02356634
02356665
02356671
02356696
02356697
02356698
02356717
02356781
02356882
02357019
02357043
02357259
02357297
02357322
02357377
02357537
02357581
02357612
02357640
02357909
02357926
02357937
02358033
02358034
02358042
02358230
02358237
02358303
02358340
02358341
02358348
02358379
02358387
02358422
02358535
02358633
02358772
02358786
02358856
02359053
02359062
02359124
02359125
02359219
02359243
02359254
02359281
02359292
02359300
02359359
02359437
02359438
02359447
02359460
02359533
02359534
02359541
02359748
02359887
02360722
02360780
02360965
02360982
02361039
02361102
02361117
02361485
02361494
02361501
02361542
02361558
02361610
02361619
02361709
02361710
02361870
02361968
02362063
02362141
02362221
02362368
02362497
02362760
02362801
02362833
02362952
02363056
02363129
02363130
02363140
02363175
02363259
02363308
02363313
02363314
02363337
02363358
02363393
02363394
02363447
02363459
02363737
02364072
02364145
02364200
02364342
02364349
02364355
02364494
02364535
02364567
02364585
02364671
02364689
02364697
02364734
02364782
02364893
02364921
02364953
02365020
02365144
02365184
02365563
02365564
02365565
02365566
02365867
02366293
02366320
02366365
02366486
02366494
02366548
02366638
02366639
02366721
02366741
02366742
02366800
02366842
02366853
02366900
02367141
02367568
02367738
02367822
02367827
02367968
02368000
02368142
02368207
02368291
02368304
02368305
02368447
02368499
02368601
02368705
02368706
02368823
02368952
02368954
02368958
02369125
02369627
02369752
02369797
02369800
02369805
02369839
02369880
02369915
02369934
02369942
02370220
02370272
02370273
02370274
02370392
02370429
02370507
02370584
02370611
02370644
02370867
02370928
02370941
02370965
02371064
02371230
02371280
02371281
02371282
02371334
02371381
02371514
02371565
02371613
02371630
02371631
02371672
02371795
02371836
02371854
02371855
02372079
02372105
02372295
02372296
02372596
02372740
02372741
02372834
02372909
02373041
02373042
02373063
02373076
02373077
02373233
02373437
02373460
02373505
02373512
02373556
02373829
02373908
02373914
02373927
02373957
02373974
02374014
02374133
02374146
02374171
02374225
02374226
02374288
02374289
02374366
02374436
02374547
02374652
02374718
02374814
02374947
02375755
02375813
02375832
02376016
02376187
02376344
02376597
02376656
02377009
02377015
02377169
02377217
02377221
02377228
02377408
02377495
02377587
02377633
02377718
02377779
02377815
02377860
02378060
02378112
02378117
02378254
02378255
02378301
02378508
02378510
02378546
02378769
02378794
02378811
02378892
02379086
02379145
02379188
02379268
02379291
02379337
02379371
02379425
02379429
02379445
02379538
02379612
02379813
02379837
02379969
02380314
02380332
02380543
02380555
02380663
02380709
02380713
02380790
02380791
02380804
02380901
02380903
02381040
02381116
02381326
02381348
02381394
02381444
02381546
02381655
02381656
02382341
02382446
02382467
02382616
02382647
02382652
02382828
02382886
02382984
02382988
02382989
02382994
02383091
02383123
02383134
02383244
02383415
02383520
02383832
02383989
02384123
02384177
02384178
02384179
02384180
02384181
02384296
02384324
02384399
02384412
02384427
02384458
02384481
02384482
02384606
02384639
02384692
02384809
02384838
02384910
02384984
02384996
02385013
02385118
02385356
02385523
02385550
02385946
02386017
02386087
02386186
02386231
02386345
02386379
02386444
02386962
02386992
02386993
02387128
02387168
02387169
02387417
02387432
02387488
02387492
02387561
02387563
02387747
02387989
02388080
02388081
02388133
02388135
02388198
02388199
02388233
02388444
02388445
02388648
02388725
02388727
02388816
02388817
02388910
02388980
02389116
02389168
02389181
02389210
02389228
02389229
02389230
02389253
02389285
02389305
02389347
02389431
02389464
02389517
02389523
02389528
02389595
02389665
02389792
02389920
02389921
02389958
02390044
02390104
02390234
02390318
02390333
02390356
02390383
02390429
02390463
02390486
02390613
02390670
02390693
02390696
02390737
02390768
02390774
02390783
02390814
02390925
02390937
02391043
02391434
02391813
02392295
02392313
02392318
02392367
02392418
02392484
02392502
02392524
02392528
02392536
02392672
02392681
02392682
02392685
02392762
02392921
02392922
02392923
02392994
02393063
02393338
02393422
02393474
02393706
02393752
02393849
02393851
02393858
02393878
02394066
02394091
02394116
02394133
02394170
02394171
02394203
02394231
02394282
02394291
02394316
02394326
02394419
02394444
02394463
02394465
02394535
02394543
02394577
02394766
02394781
02394840
02394962
02394963
02394972
02395076
02395077
02395265
02395280
02395376
02395637
02395678
02395769
02395777
02395894
02396023
02396078
02396079
02396120
02396157
02396303
02396308
02396328
02396329
02396679
02396791
02396792
02396840
02396974
02397012
02397030
02397035
02397080
02397097
02397110
02397111
02397120
02397121
02397131
02397155
02397257
02397258
02397271
02397287
02397297
02397346
02397363
02397376
02397377
02397381
02397570
02397591
02397775
02397809
02398039
02398230
02398364
02398610
02398649
02398801
02398840
02398969
02399101
02399252
02399298
02399376
02399390
02399533
02399571
02399622
02399798
02400178
02400235
02400299
02400474
02400565
02400721
02400818
02400823
02400888
02400931
02401104
02401168
02401269
02401336
02401532
02401541
02401619
02401912
02402121
02402304
02402342
02402368
02402472
02402514
02402535
02402603
02402605
02402766
02402809
02402916
02402980
02403152
02403193
02403278
02403491
02403577
02403623
02403648
02403657
02403662
02403664
02403716
02403757
02403804
02403817
02403950
02403951
02403956
02404089
02404438
02404534
02404595
02404605
02404611
02404613
02404667
02404852
02404876
02405588
02405822
02405920
02405986
02406120
02406367
02406583
02406610
02406819
02406894
02406934
02406955
02406975
02406995
02407062
02407272
02407274
02407431
02407517
02407612
02407797
02408089
02408263
02408467
02408543
02408544
02408551
02408553
02408639
02408648
02408649
02408839
02408841
02408874
02408964
02408983
02408994
02409128
02409271
02409286
02409287
02409304
02409340
02409387
02409398
02409415
02409464
02409940
02409986
02410089
02410127
02410160
02410227
02410237
02410277
02410562
02410725
02410746
02411150
02411255
02411273
02411274
02411339
02411362
02411519
02411527
02411528
02411529
02411912
02412118
02412120
02412130
02412148
02412199
02412304
02412336
02412353
02412419
02412443
02412478
02412516
02412538
02412605
02412612
02412836
02413108
02413206
02413216
02413244
02413504
02413659
02413693
02413749
02414187
02414451
02414746
02414959
02415158
02415662
02415804
02415807
02415867
02415868
02416044
02416046
02416047
02416081
02416328
02416333
02416334
02416335
02416400
02416406
02416442
02416529
02416759
02417128
02417215
02417278
02417295
02417296
02417350
02417351
02417352
02417460
02417774
02417873
02417962
02417966
02417981
02418054
02418119
02418120
02418581
02418791
02419336
02419409
02419461
02419464
02419466
02419534
02419538
02419563
02419627
02419672
02419738
02420094
02420229
02420258
02420494
02420612
02420640
02420679
02420784
02420785
02420890
02421064
02421134
02421207
02421361
02421411
02421584
02421880
02421959
02422303
02423076
02423093
02423118
02423119
02423182
02423368
02423537
02423546
02423560
02423577
02423653
02423789
02424009
02424192
02424417
02424746
02424863
02424890
02425056
02425197
02425227
02425270
02425295
02425359
02425371
02425401
02425450
02425679
02426269
02426388
02426547
02426589
02426614
02426875
02426947
02427060
02427104
02427112
02427366
02427433
02427729
02427749
02427755
02427778
02427873
02427903
02428012
02428021
02428239
02428301
02428841
02428936
02429172
02429173
02429302
02429446
02429489
02429645
02429653
02429671
02429865
02430027
02430162
02430205
02430244
02430247
02430403
02430442
02430728
02430760
02431036
02431119
02431120
02431389
02431499
02431503
02431537
02431693
02431747
02431756
02431808
02431840
02431875
02431913
02431975
02432021
02432483
02432623
02432624
02432625
02432626
02432652
02433219
02433571
02433579
02433698
02433802
02433885
02434026
02434030
02434192
02434446
02434754
02434782
02434788
02434873
02434894
02434962
02435088
02435159
02435203
02435225
02435375
02435549
02435633
02436204
02436262
02436263
02436264
02436270
02436300
02436488
02436498
02436561
02436724
02437014
02437079
02437250
02437256
02437276
02437283
02437330
02437634
02437884
02438356
02438369
02438377
02438968
02439001
02439017
02439407
02439464
02439694
02439738
02439864
02439908
02439927
02439991
02440006
02440350
02440365
02440415
02440476
02440512
02440545
02440705
02440714
02440847
02440982
02441005
02441238
02441257
02441395
02441768
02441891
02441925
02442025
02442139
02442165
02442271
02442309
02442365
02442416
02442483
02442491
02442554
02442804
02443171
02443288
02443609
02443612
02443613
02443622
02443685
02443717
02443755
02444286
02444486
02444500
02444512
02444691
02444812
02444825
02445116
02445282
02445321
02445505
02445571
02445588
02446384
02446445
02446605
02446613
02446628
02446683
02446765
02446867
02446883
02446954
02446976
02447031
02447032
02447107
02447334
02447465
02447823
02448320
02448323
02448329
02448330
02448331
02448332
02448441
02448545
02448881
02448904
02449160
02449289
02449473
02449630
02449787
02449827
02449843
02449955
02449999
02450158
02450206
02450215
02450243
02450965
02451717
02452006
02452136
02452705
02452766
02452833
02452869
02453042
02453358
02453455
02453461
02453581
02453652
02453698
02453807
02453861
02454062
02454171
02454817
02454860
02454983
02455027
02455036
02455389
02455714
02455893
02456089
02456180
02456188
02456363
02456413
02456518
02456811
02457504
02457666
02457667
02457668
02457669
02457697
02458036
02458332
02458742
02458795
02459183
02459290
02459742
02459838
02459898
02459899
02459973
02460011
02460288
02460308
02460337
02460475
02460476
02460642
02461350
02461433
02461790
02461803
02461880
02462110
02462207
02462247
02462399
02462471
02462752
02462808
02462809
02463202
02463463
02463542
02463662
02463717
02463863
02463885
02464421
02464571
02464785
02464969
02465049
02465115
02465123
02465267
02465390
02465837
02465860
02465917
02465972
02466270
02466344
02466367
02466393
02466417
02466418
02466669
02467937
02468136
02468374
02468377
02468700
02468995
02469139
02469267
02469537
02469573
02469634
02469867
02469951
02470114
02470190
02470551
02470607
02471080
02471197
02471339
02471508
02471526
02471777
02471801
02471827
02472126
02472210
02472226
02472364
02472547
02472600
02472953
02472957
02473324
02473421
02473644
02473768
02473940
02474278
02474306
02474382
02474703
02475179
02475322
02475337
02475346
02475369
02475511
02475662
02475711
02475933
02475984
02476066
02476617
02476844
02477053
02477061
02477075
02477087
02477563
02478235
02478826
02478884
02479083
02479613
02479614
02479615
02479979
02479980
02479981
02480067
02480224
02480263
02480401
02480402
02480476
02480557
02480577
02480578
02480667
02480887
02480900
02481302
02482041
02482165
02482420
02482541
02482964
02483444
02483465
02483908
02484244
02484463
02485190
02485363
02485487
02485552
02485853
02485912
02486078
02486120
02486878
02486881
02487164
02487176
02487178
02487188
02487204
02487214
02487425
02487959
02488374
02488375
02488895
02488899
02488921
02488940
02489080
02489144
02489368
02489462
02489572
02489573
02489853
02490445
02490447
02490524
02490730
02490731
02490732
02490735
02490736
02490885
02491402
02491891
02491894
02491921
02491950
02492097
02492216
02492233
02492268
02492487
02492650
02493389
02493547
02493896
02494671
02494801
02494923
02495046
02495393
02495512
02495560
02496674
02496861
02497276
02498409
02498538
02498629
02499007
02499360
02499705
02500178
02500392
02500393
02500530
02500531
02500701
02500793
02501150
02501555
02503048
02503266
02503318
02503618
02503629
02504141
02504142
02504393
02504516
02504647
02505406
02505543
02505694
02505695
02505704
02505709
02505936
02506676
02506677
02506678
02506872
02506924
02507148
02507256
02507611
02507696
02508026
02508039
02508062
02508184
02508575
02508905
02508906
02508907
02509031
02509124
02509562
02510129
02511153
02511182
02511268
02511327
02511442
02511460
02511517
02511610
02511762
02512211
02512213
02512214
02512494
02512754
02512896
02513587
02513893
02513894
02515775
02515776
02516475
02516947
02517611
02518281
02518282
02518285
02518429
02520410
02524160
02524161
02527831
02532651
