case_id,apply_no
T0438717,112081814
T0442966,113034446
T0447428,113067316
T0435834,112049501
T0448460,113075155
T0443088,113005386
T0442368,111057631
T0448652,113089078
T0438525,112062369
T0453814,114027168
T0441189,112027458
T0438141,112038025
T0440867,112084421
T0437109,112061550
T0451129,114030052
T0447870,114002134
T0451915,114005669
T0434778,111880659
T0449310,114002748
T0436813,112056979
T0439067,112068523
T0438989,112068596
T0452758,110053682
T0435498,112024140
T0447884,113075726
T0446956,113057601
T0444259,113047681
T0436679,112062906
T0448494,113083257
T0434912,112031902
T0449774,114002605
T0444857,111058116
T0445985,113063127
T0441519,113010125
T0439403,112068863
T0452932,114058122
T0448807,114019168
T0435453,112042803
T0451116,114030272
T0441384,113010941
T0439890,112086230
T0453473,114054314
T0437136,112037860
T0447241,113082199
T0451324,114021142
T0448209,113077707
T0442733,113029044
T0440400,112090527
T0453017,114056832
T0437552,112055789
T0436480,112049583
T0435205,112037686
T0450692,114880404
T0442357,113013701
T0443285,113023764
T0435037,112040156
T0442959,113020144
T0451572,114028224
T0447417,113071047
T0440632,112080426
T0444292,113050963
T0445340,113050533
T0441526,112029330
T0452131,114016986
T0446703,113058976
T0450666,111069164
T0451586,113027923
T0449579,113072830
T0443043,113039572
T0441714,113006341
T0452303,114046204
T0447087,113082972
T0446155,113068080
T0449921,114006529
T0443427,112062326
T0446969,112072910
T0441370,113019253
T0439058,112070939
T0452555,114057166
T0453487,114022507
T0444430,113880502
T0434747,112021616
T0450202,112020678
T0446367,113880544
T0435695,112016865
T0443615,112089436
T0452935,114024429
T0439404,112071365
T0445982,113880414
T0439636,112090001
T0442995,112091394
T0434915,112038033
T0438380,112073688
T0450008,113080537
T0449919,114019386
T0447883,113075716
T0450834,114021881
T0446951,113016780
T0449317,114012010
T0436814,112880323
T0436028,111094397
T0453679,114046889
T0446199,113047333
T0448003,114001595
T0451912,114013876
T0447279,113081911
T0448231,113063221
T0438146,112058249
T0451778,114880237
T0449787,114016265
T0453813,114027166
T0454038,114070279
T0448467,113075972
T0439863,112078620
T0452552,114023914
T0450205,114031384
T0435692,111066527
T0446360,113069879
T0447080,113081613
T0450037,114020399
T0443420,113041142
T0451581,114034581
T0446536,113027839
T0442196,113033698
T0444261,113047633
T0452304,114047492
T0444053,113031954
T0445181,113065235
T0450661,114021181
T0451575,114038196
T0435030,112040031
T0447410,113066503
T0440635,113000221
T0453222,113023117
T0444295,113032482
T0445347,113052420
T0445949,113058877
T0437555,112050527
T0453010,114010300
T0436487,112053533
T0451747,114039350
T0443282,113015926
T0454235,114068395
T0439897,112041966
T0438945,112081775
T0446394,113026907
T0451323,114021134
T0442734,113029205
T0447074,113069633
T0451111,114024930
T0435454,112045817
T0441383,113009705
T0445723,113050977
T0452794,114055733
T0453646,114044728
T0437303,112063165
T0447089,113045286
T0446967,112072907
T0450802,114025844
T0443429,113036901
T0452769,114033653
T0438184,112072016
T0446369,112880457
T0434749,109083837
T0449321,114011556
T0445188,113050650
T0449745,114018567
T0434923,112044818
T0445940,113067544
T0453019,114057564
T0447419,113071183
T0442957,113015087
T0448451,113089746
T0449583,113079693
T0438726,112030907
T0451118,114031861
T0448809,114007488
T0447841,113020928
T0448035,113061297
T0437904,112043720
T0438170,111086408
T0441984,113008227
T0445518,113052541
T0448207,113078799
T0441725,113016924
T0452332,114020392
T0450465,114027020
T0443072,110017567
T0450657,114026424
T0446732,113077219
T0444859,113029949
T0452100,114046587
T0437597,112064231
T0450233,113009792
T0447284,113074882
T0443624,113029445
T0441173,113008334
T0439069,112069489
T0444401,113042388
T0452564,114047588
T0436021,111070029
T0438389,112041965
T0441341,112070243
T0453684,114061466
T0435496,112024137
T0446164,113075524
T0450001,114019352
T0447270,113083752
T0442702,112084136
T0448238,114002132
T0437107,112880335
T0453442,114054290
T0452590,114022502
T0453670,114025172
T0435462,112041807
T0442530,113004019
T0445371,113035856
T0453214,114052653
T0437751,111009816
T0451543,112003873
T0442968,112000864
T0454031,114051360
T0435234,112031581
T0440431,112072142
T0438177,112054973
T0440851,113005195
T0439899,112077265
T0435668,112037588
T0447846,112012478
T0439297,113880133
T0448456,114004287
T0449584,114030556
T0438721,112077257
T0445349,113039984
T0437769,112000175
T0438513,112030565
T0440409,113004576
T0451749,114042498
T0448664,113089085
T0443876,113045859
T0446538,113049394
T0434924,111037871
T0442198,113033433
T0449570,113033850
T0439607,112090173
T0452904,114053028
T0439435,112083592
T0443278,113024526
T0449742,113059580
T0436019,111063193
T0441977,113021693
T0449326,114014817
T0450039,114010568
T0439263,112039910
T0451776,114042499
T0442361,112083848
T0453021,113079005
T0436684,110002197
T0445376,113043082
T0450496,113050952
T0435001,110085188
T0451544,112003874
T0442153,112088824
T0440260,112077459
T0437332,112058416
T0446197,113048129
T0451120,114032113
T0447277,113067371
T0442705,112081145
T0440052,112013865
T0445520,113052545
T0440294,113009368
T0441346,113008333
T0444634,113054132
T0452751,114045386
T0446163,113061633
T0449917,114006300
T0450006,114020129
T0447283,113086902
T0450234,114005610
T0449319,114012359
T0438980,112032382
T0436026,112039275
T0439852,112084333
T0452563,114030450
T0446735,113078906
T0441510,113017736
T0437590,112067962
T0439638,113002864
T0441722,113007309
T0452335,114027259
T0450462,114026411
T0443849,113052631
T0443075,111064542
T0454062,114010051
T0442107,112089684
T0435869,112019231
T0451510,114036176
T0452395,114018377
T0437702,112064936
T0441782,112043106
T0453075,113045939
T0440462,113000047
T0438578,112073272
T0453849,114061033
T0454250,114050263
T0442335,113016488
T0446795,113051825
T0451722,113080634
T0453411,114009671
T0445574,113007330
T0443683,113020240
T0435603,112023328
T0451346,114017856
T0447223,113070180
T0451948,111014597
T0448059,113084783
T0447011,114880209
T0448865,113045789
T0444694,113880534
T0445746,113068319
T0440234,112076662
T0436072,112050033
T0445580,113068963
T0441120,113002196
T0446305,113062886
T0448891,114010265
T0437392,106015336
T0436240,112038428
T0452705,114046230
T0439208,112061646
T0447481,114000745
T0446553,113065827
T0436624,112043791
T0452361,114034906
T0444204,113044251
T0436416,112038838
T0444036,113041558
T0453081,114053426
T0441544,113016114
T0440496,113004271
T0443213,113039383
T0449729,114009479
T0446761,113068526
T0435293,112031549
T0437359,111087206
T0445779,113065416
T0438311,112077426
T0448066,113079515
T0450099,113087239
T0449386,114010884
T0440805,113009354
T0440039,112073318
T0436885,110069490
T0448630,113083664
T0435258,112032886
T0439495,112087407
T0445913,113069278
T0438547,112073735
T0453278,114064163
T0442138,113021962
T0442904,113036473
T0446598,113064026
T0436429,112054398
T0444009,113029284
T0439461,106036579
T0444835,113037642
T0439653,113880186
T0438781,112077545
T0434970,112038623
T0443822,113052625
T0450409,114026409
T0451983,114031790
T0446934,114880184
T0448092,113082331
T0450851,114029411
T0449372,114001854
T0452508,114046967
T0436871,112043832
T0453086,114053059
T0444031,113032776
T0452968,114059762
T0440491,113003640
T0443214,113039384
T0446766,113063206
T0443026,113038718
T0434948,112031407
T0452366,114880577
T0436623,112043789
T0442590,113880202
T0450869,113071654
T0446130,113064709
T0451187,113079284
T0449944,114026186
T0448896,114880380
T0444667,113053335
T0452702,114050753
T0436247,111011879
T0452530,114044573
T0441127,113015016
T0443670,113024270
T0448298,113078850
T0434722,112017203
T0451173,114027041
T0448862,113073152
T0444693,113050601
T0453624,114056537
T0445741,113063188
T0438329,112073031
T0440233,112085392
T0438927,111088102
T0453416,114038300
T0437153,112045924
T0445573,113066364
T0440001,112070073
T0443684,113022040
T0451341,112085159
T0447224,113074221
T0437537,112048369
T0440465,113000084
T0442332,113013722
T0451725,114027442
T0435260,112044984
T0446792,111880512
T0454065,113880410
T0447472,113084257
T0435052,112042113
T0451517,114040533
T0452392,114039571
T0437705,110880706
T0453240,114040280
T0449375,114013282
T0436876,112880317
T0444658,113052312
T0436278,112030368
T0446933,114880186
T0449147,114002293
T0450856,114032081
T0443019,113031146
T0449523,114005643
T0443825,113052629
T0452957,114045969
T0439466,112077014
T0453885,114044711
T0444832,113040607
T0440668,111047697
T0438772,112000390
T0448405,113080500
T0435851,112050032
T0442903,113030351
T0454268,114073316
T0445128,113057951
T0437508,112067356
T0445914,113069396
T0441588,113013252
T0438540,112064505
T0442769,113020087
T0449381,114007339
T0448253,113088511
T0440802,113007167
T0437950,112028526
T0438316,112076597
T0435409,112014321
T0452734,114023454
T0436271,112019919
T0439239,112019453
T0450063,114020277
T0443646,113015291
T0442794,112082182
T0434714,112038026
T0450251,114011422
T0452506,114046901
T0439837,112062610
T0437191,112061954
T0449718,114022213
T0454295,114075964
T0446750,113071721
T0447682,113059972
T0450635,114027589
T0453282,114064174
T0452350,114031819
T0436615,112033814
T0441747,113002593
T0446562,113032948
T0454261,114046295
T0451713,113068244
T0445121,113045882
T0452196,114047403
T0438549,112061695
T0453878,114042704
T0441581,113019252
T0437733,112076095
T0445313,113018734
T0440661,112880566
T0435858,112021013
T0454053,114065449
T0435064,112015338
T0451521,114041110
T0453612,114055286
T0448068,114001484
T0451979,114017198
T0442552,113001202
T0448854,111081978
T0450097,114023028
T0447020,113064737
T0451145,114041637
T0449388,114011934
T0442760,112036078
T0447212,113017388
T0451377,114017748
T0435632,112034387
T0445545,113042296
T0453420,114041176
T0437165,112008616
T0444497,113013496
T0449515,113089628
T0454098,114024736
T0450438,114018510
T0436418,112038840
T0438582,112068071
T0444804,113045098
T0439450,112084600
T0452961,114016313
T0449727,114880270
T0452539,114051906
T0439808,112081949
T0436840,111094439
T0437992,112048157
T0448291,111076184
T0450860,114034445
T0440834,112077197
T0440008,112072036
T0438112,112014896
T0437966,112065130
T0451348,112027738
T0450894,114013592
T0451946,114880560
T0445748,113006741
T0438320,112056583
T0435867,110035093
T0442109,112089686
T0448433,113051792
T0453249,114042087
T0438744,112087921
T0445922,113068292
T0452995,114057959
T0448601,113050019
T0447649,112058088
T0442767,113018837
T0445542,113066518
T0444490,113039960
T0438916,112083829
T0453427,114061874
T0440030,112085923
T0445770,113054172
T0443487,113039478
T0442555,113013130
T0451142,114036259
T0435407,109086205
T0453271,114054947
T0437734,112076117
T0445314,113061348
T0440666,110052467
T0442131,113007407
T0454054,110028538
T0451526,114045244
T0446591,113058478
T0448639,113081277
T0454266,114072651
T0437506,112041570
T0445126,113057989
T0453285,114880649
T0436612,112020088
T0441740,113028026
T0446565,113079596
T0450400,114014535
T0446757,113074428
T0447685,113059297
T0452165,114031791
T0436420,111086002
T0452959,114055034
T0441572,113009139
T0450256,114026075
T0434713,111080576
T0446333,113025927
T0439830,112091471
T0436044,112046641
T0437196,112061246
T0452733,114023451
T0444656,113058934
T0441324,113011665
T0443473,113044675
T0449149,114005492
T0450064,114020278
T0449975,113044963
T0446101,113020786
T0437539,112048511
T0452992,114050335
T0435860,112021074
T0448434,113065254
T0442932,113880420
T0438743,112087920
T0439691,112058646
T0448050,113081961
T0450893,114026950
T0438327,112068758
T0453418,114054387
T0438115,112050662
T0450867,113059285
T0449176,114019786
T0436249,111880570
T0444669,113061352
T0439201,112085019
T0441915,113024067
T0445589,113051043
T0436847,112014594
T0448296,113024335
T0450269,114013613
T0453088,114037674
T0444803,113030064
T0438585,112068867
T0446768,113019730
T0449512,114021484
T0434946,112046940
T0443028,113018880
T0439665,112073697
T0439434,112055471
T0452905,114048381
T0443279,113040278
T0449743,113059581
T0443877,113051619
T0439606,112087874
T0449115,113087629
T0450804,114016232
T0449929,114009219
T0450038,114029860
T0441378,112070003
T0436018,112051400
T0438182,112066137
T0440098,112090228
T0449327,113087120
T0451922,113016444
T0442509,113029541
T0446995,113086481
T0447847,112012485
T0448033,113066700
T0453649,114039951
T0440850,112061240
T0441982,113023910
T0438176,112026117
T0448201,113070983
T0447249,113080224
T0438512,112075400
T0440408,113004575
T0448665,113055638
T0451748,114040563
T0454008,114059386
T0449585,114880207
T0435803,112027205
T0437768,112066030
T0438720,111089754
T0443622,113024814
T0434770,111018933
T0447282,113085121
T0452562,114026157
T0436027,111094396
T0444635,113054138
T0440295,112001229
T0449916,113089122
T0446162,112006177
T0435490,112000229
T0450007,114020130
T0436671,112054430
T0439639,112090041
T0441723,113008938
T0443074,110017573
T0451783,114043149
T0436443,112027030
T0437591,112069094
T0441511,113022649
T0436685,112017818
T0454037,114065772
T0442152,113015486
T0451545,114007516
T0435000,112033080
T0454205,114068626
T0435232,112024983
T0451777,114880235
T0437565,112062395
T0440437,112044669
T0442704,113036603
T0435656,111038288
T0451313,114017153
T0447276,113064943
T0437101,112046403
T0438975,112079892
T0446196,113053612
T0435464,112010704
T0447044,113062498
T0448830,114015587
T0448450,113080936
T0435804,111084855
T0449582,113079692
T0447418,113071048
T0435038,112021541
T0442956,113013892
T0438727,112031365
T0453018,114056833
T0453824,114041536
T0438515,112078326
T0448662,113089084
T0442358,113018565
T0445519,113052542
T0441985,110028305
T0438171,112031618
T0437905,112047244
T0451925,113075001
T0448034,113060918
T0451119,114032784
T0448808,114000679
T0439291,112088170
T0441971,113008542
T0438185,112074879
T0449320,114013306
T0446368,113056278
T0446966,112072906
T0447088,113082968
T0439265,112069802
T0451589,114025927
T0444269,112021303
T0445189,113044824
T0439433,112043534
T0441529,113021768
T0448696,114880388
T0449744,114004976
T0440266,112077463
T0435463,112044941
T0451126,114030050
T0447043,113005920
T0442703,112081148
T0448239,113082264
T0435651,112020913
T0447271,112081758
T0453443,114054295
T0452591,113087385
T0441186,113880139
T0442367,113027693
T0435235,112024984
T0445142,113064163
T0437562,112062354
T0436682,111071378
T0453215,114053154
T0438718,111080054
T0440602,112088120
T0447427,113067315
T0435007,111076025
T0451542,113025437
T0442969,112086443
T0450656,114031663
T0451784,114045861
T0446733,113077220
T0452101,114038886
T0441516,113023514
T0444858,111058117
T0452333,114020394
T0441724,113016861
T0443073,110017571
T0438388,112031928
T0441340,112084603
T0446959,113072404
T0435497,112022533
T0446165,113075679
T0449911,113082867
T0450000,114019349
T0443625,113030774
T0450232,113009791
T0444400,113048016
T0436020,110064687
T0441172,113000635
T0448230,113070460
T0439095,112068483
T0437933,112880557
T0448002,113076628
T0442538,113022987
T0451913,114038974
T0437759,112036294
T0445379,113041452
T0438711,112085517
T0435832,112035454
T0454039,114074461
T0448654,113089079
T0451779,114043107
T0438523,112073172
T0453812,114027164
T0445977,113070953
T0448492,113051191
T0434914,112037294
T0442994,112091393
T0443846,113022899
T0449772,114019045
T0443248,113008322
T0444851,113015866
T0439405,112073485
T0452934,114037462
T0441947,113012822
T0440895,113880214
T0444409,110051464
T0436815,112036792
T0439061,112064803
T0439253,112026250
T0441349,113032572
T0446950,112062614
T0449124,113081754
T0449918,114006301
T0453011,114048722
T0437554,112053804
T0440406,113004398
T0454234,114065792
T0443283,113015927
T0451746,114039002
T0435203,112018634
T0450694,114009925
T0448459,113073140
T0454006,114058098
T0447411,113066997
T0437766,112065330
T0444294,113050969
T0453223,114039921
T0447849,114001369
T0442507,113019627
T0448801,113082073
T0447075,113076184
T0435455,111057341
T0451110,114030168
T0437302,110029931
T0441382,113009136
T0439896,112078619
T0447247,113079055
T0451322,114020264
T0446395,113026908
T0450036,114012483
T0452761,114048160
T0439862,112078125
T0453481,114054521
T0444436,113047490
T0440096,112039397
T0443613,113037908
T0434741,110037148
T0450204,114029663
T0435693,112045141
T0445180,113064959
T0436472,112051429
T0452137,114029694
T0446705,113029714
T0450660,113084468
T0443045,113021831
T0446537,113049384
T0451580,111064173
T0437792,112065352
T0452305,114017999
T0436640,112005814
T0438386,112074476
T0447885,114880077
T0446957,113065419
T0449311,114004801
T0434779,112003027
T0446359,113028102
T0441940,113004528
T0439066,112072325
T0449775,114026369
T0450658,114026425
T0444856,113001287
T0441518,113010826
T0452933,114058123
T0439402,112068862
T0445984,113070815
T0439630,112087864
T0434913,112037247
T0442369,113031048
T0449781,114013943
T0453815,114027175
T0438524,112078470
T0445970,113063139
T0438716,112085520
T0443089,113028779
T0435009,111094580
T0447429,113067317
T0438372,112060250
T0440268,112077464
T0447871,113076723
T0448005,113050916
T0451914,113089173
T0448237,113082261
T0445528,113063818
T0437108,112042823
T0440866,113000100
T0437934,112880559
T0438140,112036502
T0442190,113028560
T0451587,113027924
T0437795,112066058
T0452302,114041068
T0441715,113024284
T0444055,113045992
T0452130,114011352
T0443270,113025022
T0446702,113033505
T0439865,112039195
T0452554,114024927
T0436011,112015067
T0444431,113047394
T0453486,114049830
T0443614,113041439
T0450203,112041562
T0434746,111030697
T0446366,113055987
T0435694,112017832
T0443426,112053310
T0446968,112072908
T0447086,113064620
T0450031,114018198
T0439891,112051931
T0445517,113052414
T0437137,112049697
T0440859,112067442
T0438943,112080162
T0442732,113028870
T0435660,112046207
T0451325,114041045
T0442500,113033077
T0447072,113054456
T0451117,114031243
T0452792,114035902
T0437305,112048881
T0441385,113010946
T0442958,113015125
T0435036,112042507
T0453224,114059449
T0444293,111072223
T0437761,112051694
T0440633,113000251
T0438729,112053610
T0453016,114056434
T0436481,112054274
T0440401,112090528
T0442356,113001718
T0454233,114044566
T0435204,112000391
T0450693,113050495
T0447684,113057414
T0450633,114019897
T0454293,114075961
T0443224,113038096
T0452958,114045971
T0441573,113009140
T0436421,111086004
T0452164,114031789
T0453284,114064166
T0452356,114034931
T0446564,113003294
T0450401,114014537
T0452732,114014085
T0445785,113069140
T0446100,113066539
T0449974,113025405
T0450859,114033204
T0451385,114035189
T0446332,113880050
T0442792,112040559
T0441117,113007796
T0437351,112062115
T0450091,114014517
T0448852,113086726
T0447026,113067642
T0435406,112039822
T0447214,113043154
T0451371,114036676
T0440031,112072642
T0445543,113041792
T0453426,114057143
T0444491,113006171
T0451715,114046612
T0442302,112088574
T0454267,114048430
T0448638,113061292
T0441587,113002147
T0453042,114050385
T0437507,112042082
T0445127,113057950
T0452190,114011466
T0440667,113001634
T0437735,112051702
T0453270,114054018
T0446590,113074139
T0435062,112022756
T0447442,113084004
T0442130,113007405
T0454055,113048736
T0445588,113055211
T0441914,113011328
T0448297,113005202
T0448899,112880217
T0450866,113057009
T0436248,112050655
T0447489,113064839
T0435895,112026229
T0449513,114021658
T0443029,113030426
T0439664,112071194
T0438584,112068159
T0444802,113030910
T0439456,112073565
T0453089,110046425
T0449721,113018632
T0451518,113074784
T0442933,113880424
T0438742,112087919
T0440658,112081314
T0439690,112080589
T0438570,112059833
T0453841,114047654
T0452993,112079890
T0445118,113049701
T0454258,114042464
T0440832,113020515
T0447019,113046950
T0435439,112019375
T0448051,113081969
T0449183,114016765
T0438326,112003639
T0453277,114059955
T0437732,112019798
T0451520,114042293
T0442137,113021961
T0435859,112021044
T0435257,112030076
T0451712,113079267
T0442305,113027695
T0454260,114047655
T0453879,114033158
T0438548,112049765
T0441580,113019080
T0437500,111071951
T0453045,114020585
T0452197,114041538
T0435633,112040640
T0451376,114016709
T0442761,113018057
T0445544,113041793
T0453421,113082265
T0445776,113059171
T0453613,114034531
T0437356,111004335
T0447021,112085678
T0450096,114011341
T0451144,114041052
T0448069,114000649
T0451978,114015907
T0450250,114017476
T0434715,112005257
T0446335,112063943
T0451382,114030968
T0442795,112084364
T0437190,112058314
T0445782,113072383
T0436270,112038432
T0446107,113049237
T0453283,114064574
T0436614,112033084
T0452351,114014939
T0443011,113004919
T0446751,112086307
T0450634,114027588
T0447683,113072646
T0449719,114016834
T0454294,114075962
T0444006,112018747
T0436426,112005920
T0447822,113078229
T0448056,113084174
T0449184,113081249
T0438321,112059460
T0445749,113006742
T0437369,112880527
T0437967,112005305
T0440009,112086279
T0440835,113880103
T0451349,113057129
T0448264,113005201
T0438577,112073231
T0448600,113044961
T0442108,112089685
T0438745,112087922
T0439697,112056719
T0453248,114058102
T0440499,113014015
T0438583,112068117
T0452960,114051664
T0439451,112084601
T0444039,113042317
T0449726,114012582
T0450439,114025877
T0443812,113011572
T0449514,111080732
T0435892,112048896
T0454099,114057718
T0439663,112069608
T0441779,112043101
T0442598,112064560
T0449170,113073099
T0439035,112066783
T0436841,112007003
T0437993,112067246
T0439809,112082873
T0452538,114051727
T0443678,113031493
T0449342,111084950
T0440000,112077779
T0445572,113042035
T0450292,114013198
T0447225,113074222
T0451172,114028313
T0435437,112037737
T0448863,113085590
T0438328,112068809
T0440232,112089621
T0444692,113880532
T0447473,114880200
T0435053,112016469
T0442101,113011618
T0440656,112050783
T0453241,114024294
T0437704,112064670
T0445116,113048483
T0437536,112042979
T0453073,114051305
T0446793,113002622
T0451724,114002250
T0442333,113023306
T0447487,113040437
T0450430,114880393
T0434949,112031408
T0436622,112043788
T0452367,114056088
T0441542,113014685
T0439458,112081633
T0440490,112089419
T0452155,114043196
T0453087,114053062
T0435295,111033812
T0446767,113067273
T0443215,113039385
T0441126,112088215
T0444454,113033246
T0452531,114034564
T0445586,112087802
T0436074,112021754
T0450266,113039481
T0434723,112027250
T0443671,113024271
T0449945,114026195
T0446131,113060657
T0449179,114023441
T0442591,113880456
T0450868,113066118
T0441314,113017519
T0437394,112058260
T0444666,113014267
T0452703,114040372
T0448636,113066450
T0454269,114055122
T0445915,113034475
T0438541,112064506
T0437509,112068399
T0438773,112070411
T0434982,112011101
T0448060,113086809
T0443488,113044516
T0449380,114007305
T0442768,113032879
T0448252,113058696
T0437951,112052235
T0438125,112071816
T0440803,113009351
T0439231,112024362
T0444659,113052579
T0436279,112053690
T0450857,114032752
T0448094,113020238
T0449374,114002838
T0439003,112004117
T0441119,113009998
T0436877,112057372
T0449710,114020874
T0444833,113040609
T0453884,114065880
T0439655,112056201
T0443824,111083606
T0435098,112040226
T0449522,113061919
T0446136,113061466
T0449942,114019527
T0448890,114011768
T0439209,112061944
T0441313,113010864
T0452704,114043929
T0436241,112031623
T0441121,113002791
T0436073,112051706
T0439807,112081921
T0446304,113068375
T0441545,113016655
T0436417,112038839
T0453080,114022409
T0446760,113068521
T0443212,111042633
T0447480,114000744
T0446552,113058873
T0443020,113031148
T0454097,114063973
T0436625,112031090
T0444205,113044259
T0440463,113000050
T0453848,114061032
T0438579,112073274
T0453074,113045937
T0447646,114880075
T0451723,113086251
T0454251,114050260
T0447474,113080695
T0451511,114018186
T0440651,113007316
T0452394,114018379
T0437703,112069743
T0453246,114880005
T0435430,111079365
T0448864,113045787
T0448058,113084782
T0445747,113070386
T0440007,112072060
T0438921,112053835
T0445575,113023669
T0451347,114880417
T0450295,113069015
T0442750,113010809
T0443682,113020197
T0441748,113006278
T0439652,113008242
T0438780,112026331
T0443823,113052627
T0449525,114006897
T0439460,106062682
T0453883,114037972
T0444834,113040610
T0443649,113026438
T0436870,112043834
T0439004,111090300
T0441922,111038551
T0452509,114047429
T0446109,113072856
T0451982,114023784
T0450850,114029059
T0451378,114040721
T0448255,114003750
T0438122,112060743
T0440038,113880068
T0437956,111041184
T0440804,113009352
T0444498,113031921
T0438310,112077425
T0445778,113062354
T0449989,114019242
T0450098,114015639
T0447813,113020878
T0453279,114064164
T0446599,113061001
T0435857,112021008
T0435259,112032889
T0448631,113081278
T0453877,114006635
T0438546,112064504
T0452199,114022054
T0438606,111017478
T0443199,113033287
T0435925,112009077
T0442877,113015263
T0448743,113081979
T0449691,114022205
T0453139,114016532
T0437018,112031613
T0440976,112014898
T0445438,113055954
T0437824,112072136
T0438050,112047947
T0439182,112049840
T0451804,114022580
T0447961,113073207
T0448115,114003772
T0451038,114041088
T0446249,112029073
T0438898,112082481
T0441850,112082293
T0436902,112050417
T0452649,114047521
T0446847,113028924
T0447995,113062521
T0439720,113008465
T0434803,112034846
T0443951,113012555
T0450748,114012299
T0437488,112030920
T0445894,114880165
T0444946,113047549
T0435542,111069313
T0448916,113057124
T0453750,114004037
T0452682,114046084
T0441295,113017522
T0439981,112077465
T0445407,113044613
T0440175,112080702
T0442622,113029518
T0446282,113068173
T0435770,112031941
T0447350,112083423
T0437443,112017242
T0453106,114058687
T0440511,112071446
T0450783,114009592
T0442074,113006750
T0447506,113069430
T0442848,113027957
T0451463,113090155
T0453334,114880601
T0438639,112064037
T0452020,114043143
T0444979,113053857
T0442080,112078539
T0450545,114023083
T0446420,112026418
T0443536,113027235
T0447196,113065252
T0450121,113058210
T0444713,113061164
T0452676,114056758
T0441261,113010180
T0452444,113078987
T0440181,113001585
T0439149,112058046
T0441053,112071172
T0446276,113068167
T0449662,114005454
T0439515,112075899
T0452824,114049328
T0444941,113066263
T0448582,111044517
T0434804,112034789
T0449450,114018531
T0446418,113061752
T0442884,112034643
T0439343,112084237
T0446840,113072183
T0449034,114011187
T0450925,111022849
T0450119,114015769
T0444519,114880034
T0436139,112016935
T0439171,112067353
T0453768,114037355
T0438265,113880140
T0442428,113029618
T0451803,114036381
T0448112,114002295
T0447966,114001583
T0448320,113080760
T0447368,113065233
T0438057,112058042
T0437823,112068241
T0448744,114016438
T0449696,113024929
T0445867,113060444
T0440529,113009104
T0453902,114056919
T0445269,113028769
T0437649,112040599
T0438601,112068094
T0448576,113089188
T0435922,112045517
T0452443,114043543
T0441054,112061352
T0449239,114001916
T0443531,113013345
T0446043,113049777
T0449837,114008704
T0450126,113034178
T0447191,113880383
T0452671,113010073
T0436334,112055223
T0442087,113021840
T0446427,112031250
T0451490,114036746
T0452215,114011408
T0436750,112026426
T0444370,113023325
T0441602,113016066
T0445090,113029825
T0441430,113018776
T0443367,112068807
T0450770,114012268
T0448549,112049158
T0454116,113031516
T0435121,109880289
T0451464,114011921
T0437676,112046122
T0444384,113051229
T0440724,112090389
T0445064,113053640
T0436596,112037670
T0453101,114053667
T0437444,112031288
T0442241,112051514
T0447733,113052356
T0450784,114012460
T0451656,112037081
T0435313,112045221
T0438854,112062850
T0442625,113023058
T0451232,114006422
T0446285,113073629
T0447357,113034181
T0442417,112089132
T0447959,113069823
T0448911,113086388
T0447165,113071648
T0437212,112058725
T0453757,114041419
T0452685,114047259
T0445632,113044110
T0441292,113006101
T0450913,114033109
T0443538,113031593
T0449002,114012023
T0447198,113006203
T0452678,114880493
T0439375,112064456
T0453598,114026713
T0439147,112019452
T0438095,112052512
T0449230,113076728
T0446278,113068169
T0441439,113016525
T0449654,113075833
T0450779,113069508
T0449466,114009545
T0434832,112016239
T0444379,113045597
T0453108,115880027
T0438405,112057979
T0445851,112880221
T0442248,113018959
T0448772,114009726
T0449492,114011413
T0448540,114007472
T0435128,112034758
T0443994,113030666
T0448124,114007859
T0446882,113046349
T0448918,113059004
T0451009,114028499
T0439381,112069498
T0440349,112008664
T0438253,112059450
T0438061,112066336
T0448316,113080759
T0444346,113028213
T0445294,113058668
T0441634,112085924
T0442283,113008426
T0443351,113003325
T0451694,113086737
T0446623,113052092
T0444174,113030067
T0436554,112056304
T0450322,114019006
T0446247,111880507
T0439944,112063793
T0452475,114028396
T0444510,113043718
T0441062,113004813
T0436302,112026753
T0444722,113017827
T0438298,112003640
T0443507,113036202
T0446849,113054601
T0446075,113071528
T0442613,113030243
T0447361,113071899
T0451204,114880426
T0435741,112045768
T0453553,114063066
T0440144,113006797
T0437224,112063281
T0442421,113018978
T0447153,113056866
T0435573,112028054
T0446081,113022466
T0451036,114010872
T0437640,112017732
T0453305,114053374
T0440712,113010427
T0442045,113026685
T0454120,114040067
T0442879,113017557
T0451660,112086762
T0453137,114051153
T0437472,112017830
T0444180,112052638
T0440520,113014041
T0441892,112082295
T0439988,112083638
T0440940,113008510
T0438066,112028521
T0448311,114001851
T0447359,113062120
T0451832,114039013
T0442419,113024376
T0453759,114041418
T0438254,112059452
T0449495,113087099
T0454118,111064175
T0443993,113030664
T0445258,113001996
T0436598,112044265
T0453933,114052741
T0440518,112082956
T0448775,114880245
T0449461,114000846
T0442089,113021769
T0434835,112015655
T0446429,113074413
T0443967,113045658
T0443369,112026284
T0436108,112038301
T0439140,112064368
T0438092,112057186
T0449237,114000277
T0449839,114013688
T0439372,112066210
T0449698,114021972
T0435322,112880547
T0437475,112067485
T0453130,114056539
T0453302,114050438
T0437647,112067014
T0436795,112052898
T0440715,113012300
T0448578,114880365
T0447530,113081679
T0453766,114034952
T0440371,112078384
T0447968,113068047
T0442426,113026288
T0447154,113051554
T0448920,113065574
T0451031,114030522
T0442614,113013137
T0447366,113065158
T0435746,112045445
T0451203,114022335
T0445431,113025681
T0440143,113001546
T0436305,112039144
T0452640,114051445
T0453792,114056594
T0444725,113048509
T0441257,113002168
T0443500,113039585
T0450117,114015768
T0447392,114880125
T0446240,113038750
T0452472,114013033
T0439943,112089988
T0441859,113011616
T0436137,112016931
T0442284,113018893
T0443356,112088060
T0446624,113086620
T0451693,114027630
T0450741,114880377
T0444173,113044061
T0452016,114011001
T0436553,112056303
T0452224,114880511
T0441633,112085921
T0443164,113035019
T0450573,114003730
T0435144,111029179
T0454173,114056876
T0452284,112076877
T0445233,113049661
T0440573,113002885
T0438469,112073749
T0435376,112041806
T0447756,113076275
T0440117,113005207
T0436197,112037711
T0453500,114048713
T0437045,112047060
T0450385,114005710
T0451257,114028826
T0435712,112043457
T0443792,113027118
T0442640,110025327
T0448974,114001275
T0451065,113061740
T0442472,113016799
T0451859,114043202
T0444785,113044415
T0437277,112062004
T0453732,114064775
T0441031,113012951
T0444543,113054845
T0446214,113043113
T0443766,113038151
T0450143,114019734
T0448980,114006762
T0446026,113057208
T0451091,114013271
T0443554,113037023
T0439319,112061639
T0441203,112071138
T0436351,112008200
T0437283,112065401
T0450527,114024365
T0443130,113041405
T0454187,114058997
T0436735,112052851
T0441455,113002911
T0453190,114880529
T0444127,112075241
T0446670,113069642
T0449638,114010230
T0443302,113014919
T0438200,112067554
T0437248,112056035
T0449899,113081962
T0447903,113069701
T0448345,113084665
T0436994,112049126
T0437846,112069040
T0444588,113050259
T0435349,112030018
T0447769,114880280
T0453967,113037353
T0438456,112043867
T0452089,114045641
T0453369,114029443
T0448513,114011102
T0434895,112024286
T0444924,113041223
T0439570,112090995
T0436538,112057538
T0438690,112072512
T0441658,112076396
T0443933,112068184
T0448183,113080237
T0449051,114013887
T0443759,110076978
T0436960,112010537
T0441832,112068003
T0439928,112081051
T0452419,114046032
T0439548,112073327
T0453197,114038978
T0452045,114028908
T0436500,112021990
T0446677,113063643
T0450712,111042942
T0443305,113045014
T0446445,113054619
T0454180,114059918
T0434859,112037816
T0443137,112082573
T0441660,113013237
T0452277,114028606
T0450144,114020586
T0451096,114013273
T0443553,113037022
T0450978,114019084
T0442481,113015170
T0436356,113880014
T0452613,114043000
T0437284,112040477
T0441036,113014169
T0452421,114056670
T0444544,113054846
T0450376,114017662
T0447107,113078907
T0435527,112047168
T0442475,113040585
T0438238,112057402
T0440322,112078250
T0436190,111089298
T0447335,114003437
T0451250,114027680
T0437426,112064773
T0435371,112016450
T0448719,114003661
T0440746,113008965
T0441694,113010417
T0445234,113049666
T0452283,113034249
T0439113,112079091
T0441835,113007582
T0439321,112066745
T0444749,113049434
T0450947,114025084
T0448184,114005377
T0449056,114013616
T0438697,112059465
T0435188,111079602
T0443934,113016903
T0449432,114027115
T0434866,112042076
T0443108,113019860
T0444923,113041222
T0453994,114056849
T0452846,114050473
T0440779,113013385
T0435940,112048666
T0434892,112040074
T0448514,114012438
T0448726,114004930
T0439583,112023983
T0445805,112087489
T0437419,112016428
T0445039,113052815
T0442678,112088235
T0436993,112049000
T0438035,111089562
T0453538,114041113
T0435518,112043139
T0447904,113069800
T0443598,113010391
T0441232,113008686
T0445692,113065610
T0452625,114030174
T0449863,114001791
T0446225,113047825
T0450340,113062497
T0443757,113048625
T0441000,112060082
T0437080,112048473
T0444572,113058656
T0439926,112091442
T0450724,114031454
T0447793,113067124
T0446641,113072501
T0443333,113015806
T0449609,114022732
T0441464,108048591
T0436536,112030553
T0436704,112023961
T0452241,114038804
T0450516,114024069
T0446473,113077814
T0443101,113044889
T0435347,111091452
T0442215,113012535
T0453969,114880443
T0438458,112053065
T0452087,114044998
T0453155,114034793
T0437622,112067254
T0447555,114000021
T0451430,114033034
T0435175,110054919
T0446487,113037433
T0454142,111072507
T0435949,111077595
T0440314,112060320
T0449897,113079273
T0435511,112018169
T0447131,113076700
T0450186,114028075
T0451868,114018972
T0443591,113022722
T0448179,114009802
T0442671,113022976
T0437848,110880669
T0440126,113002477
T0444586,113055210
T0438800,112064874
T0453531,114058475
T0450529,114002400
T0443902,112050012
T0434850,112034119
T0449404,114021840
T0435982,112042259
T0452870,114060014
T0439541,112087383
T0444915,111058113
T0438493,112060787
T0444129,113020214
T0449636,114010222
T0439125,112064457
T0436951,112059861
T0441803,113017232
T0448380,113031049
T0446028,113070946
T0442488,113032973
T0449060,113022905
T0439317,112044872
T0440119,111062067
T0440925,113880239
T0449094,114005360
T0447932,113037742
T0448146,113072679
T0438231,112067929
T0448522,113083457
T0435976,112025465
T0438655,112074992
T0453358,112054648
T0438467,112076513
T0447758,113076943
T0435378,112051231
T0435724,112045440
T0447304,113085988
T0453536,113027151
T0445453,113001307
T0440313,113011354
T0437241,112056293
T0436393,112032002
T0445661,113069371
T0449890,111037783
T0451053,113077340
T0450181,114025946
T0448942,114000217
T0445205,113047028
T0437625,111072244
T0435172,112033274
T0454145,114036503
T0442020,113021751
T0448728,113081074
T0442212,113027042
T0445037,113051704
T0452080,114031071
T0453152,114056411
T0441651,113001997
T0438699,112075748
T0452246,114029814
T0436703,112014155
T0444323,113032863
T0450511,114880282
T0446474,113065087
T0435186,112032653
T0434868,111084967
T0443334,113016806
T0441463,113006786
T0446222,113065399
T0442682,112057295
T0443750,113036037
T0436969,112062152
T0441007,113002967
T0444575,113050835
T0439921,112057109
T0441235,112088781
T0444747,113047465
T0445695,113068057
T0446010,113023105
T0449864,113053183
T0450949,114025193
T0445834,113072092
T0452883,114038079
T0438460,112059020
T0445008,113033093
T0437428,112046955
T0435971,112010296
T0439780,113007368
T0435529,112027866
T0451850,114880420
T0449093,113082922
T0450982,114026530
T0438236,112075927
T0438004,112049091
T0437870,112043722
T0438838,111034408
T0451098,114020055
T0448989,113082098
T0446813,113026905
T0450976,114019085
T0439310,112085963
T0444778,113032223
T0441038,113007387
T0439122,112064419
T0441804,113018407
T0450378,114022597
T0448387,113024389
T0439546,112087392
T0452877,114052579
T0438494,109053047
T0449631,113061587
T0435985,112037412
T0452279,114038020
T0452814,114030171
T0446428,112031252
T0443966,113045802
T0442088,113005474
T0449460,113087122
T0434834,112017291
T0450129,114007583
T0449838,114008705
T0449004,113088885
T0441269,113012333
T0439141,112064875
T0441867,112003126
T0444529,113054819
T0449236,113880570
T0442418,113024375
T0438255,112059463
T0453758,114027183
T0438067,111089049
T0441893,112082296
T0439989,113006448
T0447358,113071738
T0435778,112012682
T0453932,113030884
T0440519,113003723
T0445857,112011390
T0436599,112044276
T0451659,112077677
T0448774,114880243
T0435912,112035994
T0449494,114021862
T0448546,113044826
T0454119,114048851
T0437679,112042859
T0445259,113032225
T0447393,114880136
T0436136,112028201
T0439942,112080103
T0452473,114047366
T0441858,112880098
T0438890,112078549
T0441256,112073091
T0440384,112003098
T0444724,113047168
T0453793,114065240
T0450116,114015767
T0449807,114029058
T0444340,113009881
T0452225,114047235
T0445292,113064393
T0446417,113056656
T0443165,113035020
T0451692,114026623
T0450740,114880375
T0443357,113004524
T0437480,112024441
T0436552,112055600
T0452017,114041923
T0440714,113012297
T0437646,112067013
T0453303,114053373
T0436794,112057690
T0435111,112046868
T0450586,114009651
T0447531,113081680
T0442043,113030195
T0443191,113040098
T0448579,114880363
T0454126,114047093
T0435323,112012736
T0440526,113001592
T0437474,111088026
T0445054,112089605
T0447367,113065016
T0451202,114037128
T0442615,113020536
T0440142,112087973
T0438058,112069274
T0445430,113025679
T0452487,114040151
T0438864,112081140
T0440370,112078383
T0437222,112029969
T0453767,114037354
T0447155,113082811
T0451030,114017776
T0447969,113087040
T0442427,113029616
T0443995,113030668
T0435915,112018027
T0448541,113082719
T0438404,112065473
T0453109,114061229
T0442249,112061435
T0448773,112880012
T0438060,112065784
T0441894,112083727
T0448317,113073092
T0448919,113061891
T0447951,113068531
T0451834,114030063
T0446883,113047269
T0439380,112069495
T0440348,113007807
T0438252,112059449
T0439146,111037190
T0441860,113012816
T0446279,113068170
T0449231,113077503
T0450912,114028142
T0443539,113031595
T0449003,114009125
T0439374,112069800
T0452679,114049502
T0449467,114001640
T0434833,112016561
T0452813,114053863
T0449655,113087931
T0440377,112049375
T0445605,113056894
T0437225,112066708
T0447152,113072306
T0448926,114006386
T0451037,114046644
T0446080,113016844
T0442420,113024377
T0435740,112049848
T0451205,111074055
T0448328,113085356
T0442612,113005883
T0452480,114047316
T0445437,113041783
T0438863,112078086
T0435324,112880514
T0437473,112070298
T0453136,114052489
T0445053,112069285
T0440713,113009813
T0453304,114053367
T0436793,112015356
T0451453,113087631
T0447536,113082889
T0442044,112031518
T0446622,113086618
T0451695,114025201
T0450747,114012180
T0437487,112022039
T0445295,113060166
T0452222,114023866
T0450575,114028269
T0449458,113024604
T0441251,113008976
T0435586,112047286
T0446074,113071480
T0443506,112005982
T0450323,113048803
T0447394,114880247
T0441063,113004471
T0439945,112084231
T0436131,111081920
T0444511,113880461
T0438897,112077526
T0447369,113065193
T0448321,113075177
T0437822,112065178
T0438056,111091159
T0446089,113056661
T0442429,113015179
T0451802,114016526
T0448113,114002296
T0438600,112077598
T0442871,112068733
T0454128,114066204
T0448745,113081978
T0440528,113007952
T0453903,114056928
T0444188,113023526
T0439726,112042402
T0442885,113035537
T0446419,113029592
T0448583,113077914
T0449451,114018590
T0443359,113020209
T0452825,114034097
T0444940,113059009
T0452019,114041950
T0439170,112047620
T0444518,113049832
T0441856,113013471
T0436138,112016933
T0439342,112083697
T0450118,112069114
T0446841,113072752
T0440517,112079887
T0436597,112044264
T0437445,112031289
T0450785,114017789
T0447500,113066202
T0454117,112013386
T0448548,114009262
T0440725,111091632
T0437677,112064049
T0435544,112044096
T0448910,113086386
T0447958,113069022
T0439389,112048753
T0437213,112059321
T0445633,113044112
T0438069,111085040
T0438855,112065832
T0439987,112071539
T0445401,113053793
T0446284,113073461
T0451233,114008364
T0447356,113010200
T0442624,113029348
T0447190,113082690
T0450127,114007582
T0443530,113006402
T0441267,113008718
T0452670,114056759
T0441869,113002258
T0439973,112008140
T0450315,114010545
T0441431,113021728
T0444143,113045590
T0443968,113045656
T0446426,111063022
T0443154,113041249
T0437683,112045548
T0444371,113023326
T0439345,112063670
T0435588,112036194
T0446846,113028923
T0443508,113019360
T0450923,114009582
T0447994,114001000
T0446248,111880509
T0436903,112029088
T0439177,112074835
T0441851,113012820
T0450749,113031872
T0445895,113046204
T0452822,113084392
T0444947,113048384
T0437489,111059165
T0439721,113008466
T0436769,108059367
T0443950,113043138
T0442882,112056663
T0448584,114011081
T0434802,112032813
T0448742,113081980
T0453904,114056962
T0453138,114052490
T0448570,114003870
T0435924,112050023
T0451039,114022452
T0451805,114042791
T0448114,113041505
T0447960,113072214
T0437825,112050529
T0445439,112043524
T0446421,112026416
T0443153,113032679
T0444376,113042041
T0441436,113016506
T0436564,112055219
T0445096,112073849
T0452021,114043169
T0450776,114028558
T0440180,113001407
T0453597,113075566
T0444520,114880037
T0439974,113005178
T0446277,113068168
T0443705,113002132
T0446045,113047865
T0449831,113030421
T0450120,114023589
T0447197,113065253
T0446879,113080514
T0443537,113030592
T0444712,113061155
T0452677,114024202
T0436332,112039054
T0440174,112080701
T0439980,112071131
T0446283,113068174
T0435771,111094345
T0447351,112084107
T0442623,113031506
T0435543,112042813
T0451006,114028121
T0448917,113059001
T0453751,114063505
T0452683,114046292
T0435127,112033250
T0442849,113022785
T0442075,113009026
T0445250,113034921
T0437670,112051176
T0453335,114880602
T0445062,113044662
T0453107,111050189
T0447735,113064873
T0450782,114016554
T0451650,112077920
T0442247,112086442
T0443335,111065330
T0450722,114011410
T0447795,113079340
T0446647,113030361
T0436530,112056300
T0436702,111058375
T0452247,114021547
T0443107,110031121
T0446475,113037435
T0444746,113043034
T0445694,113880508
T0441234,113022059
T0449865,113075869
T0446011,113047276
T0442683,113019529
T0446223,113043748
T0450346,114022978
T0437086,112046789
T0437240,110029932
T0445660,113061335
T0440312,113008834
T0449891,112016075
T0435517,112041244
T0447137,113071156
T0450180,114025782
T0438806,112068257
T0445452,113054323
T0440120,112080310
T0442213,113028496
T0445036,113046043
T0453153,114052756
T0441496,113012023
T0445204,113014747
T0437624,111042230
T0451436,114038336
T0446481,113048323
T0435173,110054921
T0445499,113030681
T0437885,112067815
T0441039,113007385
T0439123,112064430
T0436957,112053243
T0448386,113045092
T0450379,114017273
T0449066,114016984
T0446812,113880452
T0450977,114019086
T0448988,113085899
T0444779,113039306
T0439311,112085969
T0434856,112031094
T0443138,113004077
T0435984,112043843
T0447598,113085166
T0453198,114041995
T0452876,114053792
T0439547,113880184
T0444913,111058107
T0449630,113061586
T0446678,113066330
T0451409,114036510
T0439781,112080428
T0440749,113011385
T0437429,112050227
T0445835,113072195
T0453950,114056397
T0438461,112062534
T0448716,113076746
T0437871,112062038
T0438005,112023676
T0451851,114039170
T0435528,112023797
T0447108,113078909
T0438237,112060569
T0440771,113008945
T0435948,112054187
T0447554,113079911
T0451431,114033039
T0442214,113011958
T0451603,114033121
T0445031,113022105
T0453154,114034782
T0453968,113037360
T0442670,113016043
T0435722,110036692
T0447302,113084179
T0453530,114030548
T0437075,112062682
T0453702,113087906
T0445667,113062704
T0436395,112033298
T0440315,112001044
T0448178,112066909
T0443590,113023060
T0435510,112018167
T0448944,114002143
T0450187,114029401
T0447130,113081226
T0451293,114031236
T0446224,113043768
T0450341,114030261
T0437081,112048474
T0444573,113048737
T0439927,112089922
T0441001,112089428
T0452624,114030022
T0445693,113037331
T0436361,112010228
T0441233,113009455
T0452240,114043575
T0444325,113056018
T0441657,112078223
T0440785,113021661
T0443100,113036797
T0450517,114029414
T0446472,113037434
T0449608,114009332
T0447792,113047117
T0450725,113074433
T0446640,113074526
T0441465,113009898
T0451856,113033584
T0450984,114022041
T0447933,113041900
T0437278,112053855
T0445658,112055730
T0438230,112046794
T0436198,112037881
T0440118,113005209
T0438002,112064801
T0451258,114029212
T0452885,114057518
T0448711,113065039
T0447759,113051125
T0435379,112032351
T0442019,113024253
T0439786,111047035
T0438654,112069493
T0439540,112087371
T0452871,114060013
T0440588,112057525
T0444914,111058110
T0449637,114010226
T0434851,112035370
T0435983,112037411
T0450528,113018551
T0442489,113014911
T0446029,110090991
T0439316,112044871
T0439918,113003867
T0441802,113017222
T0436950,112059860
T0439124,112064434
T0448381,113028955
T0435714,112035810
T0448972,114008065
T0447106,113078737
T0451063,114028860
T0453734,114064833
T0438239,111034549
T0454175,114056912
T0435142,112011870
T0451407,114030521
T0447562,113075982
T0452282,114880043
T0445235,113049667
T0440747,112090275
T0453162,114041612
T0440575,113004179
T0435370,111090428
T0443136,113006647
T0434858,112049206
T0447596,113073787
T0444313,113032509
T0452276,114025892
T0453196,114880531
T0444121,113037912
T0441453,112082532
T0435384,111070725
T0452420,114035091
T0444545,113010032
T0436959,111063664
T0448388,114880240
T0443552,113007271
T0450979,114034439
T0442480,112078879
T0449068,114002440
T0448986,113082172
T0450145,114021239
T0452612,114042879
T0436357,112055928
T0437285,112059976
T0444777,113052311
T0441205,112081718
T0448727,114004934
T0445038,113052557
T0453961,114039962
T0438450,112075163
T0439582,112090015
T0441498,112054572
T0440778,113015311
T0438662,112030698
T0448515,113060773
T0434893,112040478
T0451438,114044790
T0447905,113086716
T0451860,114039169
T0447139,113057033
T0435519,112030496
T0448343,114001027
T0449291,113017432
T0436992,112048999
T0438034,111064526
T0437840,112060353
T0444748,113049433
T0448185,114005865
T0446823,110051136
T0449057,114013886
T0449265,113082207
T0441834,113012538
T0437088,110034855
T0436966,112041566
T0439112,112067098
T0441008,113005013
T0449601,114010021
T0453995,113045186
T0444922,113041218
T0452847,114051649
T0439576,112056039
T0452249,114027322
T0443109,113039944
T0434867,111078639
T0435189,112042761
T0443935,112068266
T0443555,113010123
T0442487,113032972
T0450142,114018488
T0449853,114008318
T0451090,114014627
T0446027,113062699
T0436350,111060170
T0452615,114045055
T0437282,112065495
T0439916,113000841
T0443767,113038191
T0450370,114015356
T0452043,114018744
T0449639,114017216
T0443303,113025266
T0435383,112045763
T0443131,113038161
T0447591,106062745
T0444314,113030977
T0436734,112035444
T0437420,111026099
T0453165,114056102
T0440572,113002884
T0446685,113072735
T0435377,110091752
T0451632,113045699
T0435979,112028414
T0454172,114055905
T0447565,113082733
T0453357,112050632
T0445232,113049660
T0452285,112039930
T0440740,113007277
T0441692,112060502
T0448149,113089596
T0448975,113079855
T0451064,114029387
T0435521,111093735
T0445656,113063656
T0444784,113044400
T0437276,112065563
T0440324,112076342
T0445464,113054198
T0443793,113027132
T0442641,110025328
T0450384,114017406
T0447333,113081956
T0435713,112035806
T0451256,114028616
T0438691,112006471
T0443932,113046096
T0436539,112049017
T0439571,112084664
T0452840,114050034
T0449262,113057720
T0441833,113012812
T0436961,112050421
T0450941,114025666
T0444589,113028243
T0440915,113009949
T0437847,112880361
T0438033,112055899
T0445669,113058919
T0437249,112069157
T0435946,112039504
T0448512,114009195
T0446488,113060771
T0448720,114004786
T0435348,112028368
T0452088,114045640
T0453966,114052873
T0449072,114004832
T0446208,113053541
T0436943,112053464
T0439137,112048219
T0450709,114020739
T0438481,112009417
T0444907,113026412
T0436729,112052742
T0444309,113041140
T0434842,112031827
T0449416,113080694
T0443910,113034989
T0448702,113086820
T0446698,113076583
T0453178,113039025
T0445821,113064660
T0438475,112064982
T0439795,112084121
T0438647,112067033
T0435158,112031585
T0444799,113044151
T0438223,112078308
T0449086,114005022
T0448968,113072577
T0437059,112041843
T0437865,112010471
T0449429,114001385
T0446461,113026736
T0452253,114028620
T0436716,112054971
T0444336,113015188
T0440796,112087363
T0436524,112050315
T0441476,113002204
T0444938,113057365
T0447781,113083646
T0450736,114880467
T0436140,112016936
T0439934,112084862
T0452405,114051663
T0441012,112031177
T0439108,112086523
T0443745,112053500
T0451280,114038533
T0446005,113031213
T0449871,113074042
T0450160,114025232
T0444752,113049830
T0452637,114048002
T0445680,113034966
T0436372,112054047
T0441220,112071750
T0438812,112067538
T0453523,114058075
T0440908,112087145
T0444594,113050261
T0440134,112077514
T0442663,113027487
T0447311,113081912
T0443583,112091490
T0449885,114018190
T0448957,113085264
T0437254,112064674
T0454150,114050459
T0442035,113880428
T0435167,112033103
T0446495,113072944
T0445210,113003724
T0438678,112062612
T0453147,114052335
T0437402,112060375
T0441482,109034455
T0439598,112075822
T0440550,113005165
T0451610,114017877
T0435355,112032717
T0437862,112062386
T0451842,113085099
T0442469,113003022
T0449081,113071427
T0450990,113082808
T0445228,113060597
T0438640,112065990
T0448537,113080085
T0435963,108083452
T0448705,114012782
T0451628,114040096
T0445826,113025209
T0438472,112040530
T0439766,112091121
T0435997,112048179
T0449623,112058520
T0435399,112025065
T0452865,114021815
T0444900,112041494
T0438486,112072019
T0449247,114012441
T0448395,114015034
T0444558,113054825
T0441816,113026318
T0436178,112053434
T0436944,112053466
T0437298,112026314
T0441218,112062799
T0449849,114025263
T0450158,114025216
T0445025,113013755
T0453140,114039926
T0442200,113023911
T0447772,112089471
T0435352,111092969
T0451617,114043101
T0454157,114069936
T0448508,113014483
T0447540,113086402
T0451425,114035485
T0435160,112031583
T0437637,112030717
T0447918,113063760
T0443584,113039651
T0451041,114022451
T0435504,112044873
T0450193,114019309
T0453716,114054686
T0437253,112064700
T0436381,112000522
T0445673,113058929
T0444593,113058315
T0437061,110082470
T0453524,114880633
T0445441,113005027
T0438029,112059716
T0435736,111007043
T0447316,113083644
T0448198,113076207
T0449876,113075868
T0446002,113880416
T0444755,112066803
T0445687,113045621
T0439933,112084235
T0441829,112036807
T0449278,114002830
T0446230,113062522
T0441471,112087805
T0453988,114067375
T0450731,113079660
T0447786,113048050
T0443114,110037455
T0450503,114015588
T0446466,113012531
T0435194,112048550
T0453386,114038113
T0439759,112089438
T0441643,112079720
T0440791,112056395
T0435955,112032214
T0435169,112002738
T0447549,114004678
T0438444,112076512
T0439596,112018350
T0442209,113024097
T0448733,114013510
T0440906,112083862
T0438020,112065124
T0449285,114004271
T0447911,113067856
T0451874,113009107
T0448959,113085265
T0440308,113005143
T0441820,113016848
T0436972,112042056
T0442699,112085390
T0446239,114880086
T0443579,113041379
T0451880,114016255
T0434873,111091103
T0436718,112057113
T0444936,113056766
T0453981,114056862
T0441478,113020989
T0452853,114046868
T0440337,112014881
T0449088,113076077
T0442460,113016802
T0447112,113081616
T0451077,113074388
T0435532,112045914
T0443780,111051493
T0450397,114026417
T0447320,113086131
T0437057,112061692
T0440939,113006959
T0438823,112076906
T0451621,113080372
T0437433,112010072
T0453176,114880148
T0445013,113009438
T0440561,112086831
T0452898,114051973
T0453344,113077326
T0437601,112040549
T0451413,114036514
T0450707,114006013
T0444135,113036365
T0453182,114039201
T0452050,114018742
T0444909,113033062
T0440595,113004099
T0441675,112039852
T0449418,113085281
T0454195,114058960
T0446450,113018662
T0450535,114015055
T0436343,112039857
T0437291,112064253
T0441211,112071152
T0443546,113031553
T0442494,113030964
T0450151,114002929
T0449840,114011622
T0443774,113037487
T0450363,114004994
T0436171,112033184
T0445483,113066243
T0439139,112054123
T0441023,112088348
T0452068,114022849
T0453986,114057778
T0439565,112085930
T0452854,114046852
T0443328,113034328
T0434874,111880662
T0446468,113012528
T0443926,113044819
T0453388,114039269
T0438685,112076590
T0450169,114018906
T0439333,112071091
T0441827,113021988
T0444569,113055004
T0449276,114002791
T0451289,112083662
T0453718,114054581
T0440901,112013139
T0438027,112055323
T0437853,112041296
T0449282,114007104
T0447318,113084479
T0435738,112011986
T0440559,112072023
T0438443,112042191
T0453972,114064526
T0445817,113051352
T0448734,113085451
T0451619,113082671
T0448506,114008849
T0434880,112038418
T0442800,113024760
T0437639,112038667
T0450364,114009302
T0446201,113046598
T0445484,113047230
T0436176,112048325
T0439902,113002056
T0441024,112090901
T0452601,114046653
T0436344,112053869
T0437296,112026312
T0448995,114002609
T0450156,114024787
T0449847,114016767
T0452265,114042052
T0439768,113002296
T0443919,113049756
T0435397,112034414
T0450700,114026594
T0453185,114042325
T0444132,113006789
T0436512,112022144
T0438488,111013327
T0441440,113016523
T0437606,112065841
T0453343,114027202
T0452291,114009678
T0445226,113059806
T0441686,113006389
T0454166,114067760
T0451626,114038643
T0447743,113084902
T0453171,114056329
T0440566,112086907
T0445828,113028775
T0443787,113037033
T0442655,111083798
T0447327,113088964
T0450390,113079072
T0451242,114019137
T0435707,112880451
T0445470,113059262
T0438018,112051122
T0444790,113047562
T0453727,114064835
T0440330,113004193
T0442467,113040588
T0435535,112045938
T0451070,113070906
T0435595,111066526
T0446067,113009718
T0447989,113019940
T0443515,113021900
T0441242,113013593
T0439358,112088508
T0440390,112075463
T0436310,112030403
T0453787,114056548
T0444730,113054672
T0441070,113010258
T0439956,112084643
T0444502,112041390
T0438884,112080614
T0446255,112080856
T0441414,113021004
T0445888,113046539
T0437494,112072175
T0452003,114042702
T0436546,112056861
T0450566,113880434
T0448599,113044960
T0443171,113023065
T0441626,113011500
T0436774,112058255
T0452231,114048009
T0444192,113033462
T0453125,114046365
T0435337,112052032
T0451672,114043776
T0435105,112030146
T0447525,113080924
T0454132,114049206
T0443185,113036627
T0453317,114059936
T0437652,112066982
T0436780,112055477
T0447141,113067940
T0451024,114042241
T0446093,113060281
T0448109,114002993
T0451818,114035064
T0442433,113015183
T0440364,112078838
T0445616,113046044
T0437236,112060228
T0445424,113070241
T0453541,110086037
T0447373,113066502
T0442601,112082309
T0441619,111068396
T0449474,114014343
T0452800,113072349
T0449222,114010833
T0439155,112080817
T0439969,112084933
T0441873,113012539
T0439367,112073537
T0446058,113054077
T0449010,114001617
T0437807,112880017
T0441887,113018510
T0439393,112073375
T0438241,112078866
T0437209,112062587
T0446890,113077907
T0443986,113880472
T0435906,112033878
T0447728,113064806
T0448760,114005418
T0438417,112029072
T0445843,113049110
T0439199,113000332
T0441083,113006091
T0440151,112077511
T0452494,113003168
T0453546,114065586
T0438877,112057853
T0447374,113071965
T0451211,112070804
T0442606,112012170
T0448932,114011448
T0447146,113082805
T0451023,114039314
T0451447,114027980
T0450595,114001587
T0443182,113039223
T0437655,111060352
T0436787,112061009
T0445275,113054318
T0440535,113001472
T0437467,112050187
T0445047,113019136
T0451675,113003183
T0435330,112021381
T0450561,114018420
T0443176,113026498
T0452236,114025891
T0436773,112056458
T0452838,114050031
T0441413,113017820
T0437493,112056665
T0452004,112083233
T0446636,113065008
T0450753,114016730
T0443344,113024131
T0436919,112056004
T0441077,113010773
T0452460,114034225
T0440999,112084753
T0438883,112079411
T0449814,110082492
T0450939,113059289
T0443512,113035963
T0441245,113017755
T0436317,112026487
T0444737,113028837
T0448767,113089124
T0438410,112020664
T0445844,113061707
T0438622,112076498
T0440738,112085674
T0444398,113051219
T0449487,114028131
T0448555,113075162
T0438246,112070694
T0452699,114016662
T0447179,113051132
T0446897,113065118
T0446299,113066499
T0442639,112072084
T0438074,111062157
T0437800,112045546
T0453579,113070230
T0438848,112059097
T0439360,112055240
T0436328,112036092
T0444708,113058451
T0450906,114027042
T0446863,113070604
T0449017,114012179
T0450308,113078930
T0436926,112059634
T0438080,112051710
T0441874,113012541
T0446609,113063118
T0449641,114018122
T0444962,113051052
T0439536,112088827
T0439704,112017436
T0452209,114045996
T0443975,113044685
T0440731,113011994
T0445243,113022191
T0444391,113051259
T0437663,112880425
T0447514,113076189
T0451471,114003938
T0454103,114066067
T0442066,113026585
T0442254,113024263
T0440503,113002353
T0438419,112029074
T0436583,112029415
T0453114,114055590
T0446290,113029137
T0442630,113036380
T0440167,113008407
T0437809,112045579
T0445415,113065860
T0439993,113000537
T0440355,113000881
T0441287,113008270
T0453742,114027182
T0435550,112043064
T0451015,114024642
T0448904,113050634
T0447170,112036281
T0442402,113026600
T0440193,112037833
T0453584,114036650
T0444533,112086297
T0452456,114040858
T0439369,112083003
T0441273,113016453
T0444701,113055337
T0452664,114030170
T0436321,112047199
T0449822,114005268
T0450133,114012984
T0447184,113880385
T0436745,112035950
T0450557,114022565
T0443140,113000569
T0450765,114032252
T0443372,113011379
T0441425,113008779
T0445085,113055576
T0452032,114005177
T0448107,114003011
T0447973,113080244
T0438270,112082430
T0445618,113046883
T0438042,112012742
T0440158,113006266
T0437836,112063918
T0445872,113062549
T0453917,114053738
T0447719,112057987
T0435339,110022711
T0449683,114022315
T0442865,112014288
T0438614,112058894
T0445886,113046538
T0439500,112090678
T0436548,112056882
T0451688,114035645
T0449677,113073815
T0450568,114013840
T0442891,110002624
T0448597,112083208
T0439732,112080156
T0446855,113059360
T0449021,114005568
T0447987,114000976
T0439356,112055252
T0453789,114056557
T0441842,112072659
T0452469,114047360
T0449213,114010053
T0446607,113070271
T0443375,113043239
T0441422,113020120
T0439538,112053579
T0452035,114023876
T0445082,112072049
T0444150,113047579
T0441610,113023405
T0452207,114031757
T0444362,112049455
T0434829,111079163
T0444706,113058257
T0452663,114050435
T0449825,114000562
T0447183,113070838
T0449019,114003611
T0446263,113040108
T0440194,112085040
T0444534,113036079
T0453583,114062692
T0452451,114043483
T0440352,112083861
T0453745,114039073
T0452697,113076436
T0451012,114032134
T0435557,112041534
T0447177,113072664
T0448903,113050434
T0442405,112089134
T0435765,112031658
T0447345,113080730
T0442637,113031757
T0437032,112066939
T0453577,114022745
T0438846,112071424
T0439994,112067392
T0445412,113076290
T0450796,114029931
T0447721,114001137
T0435301,112021787
T0448769,113069712
T0442253,113021312
T0444998,113056320
T0440504,113002715
T0445076,113054267
T0436584,112031445
T0437456,112016478
T0453113,114055904
T0445244,113032039
T0437664,111078899
T0444396,113044913
T0435133,111078189
T0454104,114047156
T0442061,112077714
T0449489,114018238
T0436917,112055019
T0440997,112065858
T0450339,114035874
T0449214,114010063
T0446852,113057717
T0447980,112016158
T0440399,112085121
T0439351,112076367
T0444739,113030588
T0443944,113039027
T0442896,111066816
T0434816,112034848
T0443178,113026988
T0448590,114009441
T0449442,112031249
T0452238,114043572
T0439507,112079030
T0452836,114038109
T0449670,114022313
T0442862,112011862
T0438613,112076305
T0445875,113047944
T0445049,113030789
T0449684,114001093
T0437831,112018685
T0453548,114061262
T0438879,112063815
T0435568,111035827
T0447148,113058601
T0447974,113088994
T0448100,113088599
T0438277,111076509
T0437852,112035109
T0438026,112055322
T0447319,113084480
T0435739,112033921
T0448351,113088361
T0449283,114007513
T0447917,113054582
T0442459,113016801
T0451872,113077521
T0453719,114067797
T0442801,113026395
T0434881,112038620
T0448507,114010789
T0438670,112081825
T0445218,113044152
T0453973,114066987
T0439590,112074831
T0451618,113080371
T0448735,114003818
T0446469,113011807
T0443927,113001066
T0449421,113086798
T0453389,114043743
T0444930,113050509
T0452855,114054260
T0439564,112085895
T0452069,114022851
T0447789,113059550
T0449613,112079010
T0443329,113036381
T0436974,112057351
T0449277,114002829
T0450168,114018904
T0449879,113074046
T0448197,113084830
T0451886,114042642
T0439332,112071089
T0445688,113056230
T0451627,114038998
T0442230,112087621
T0437435,112044209
T0453170,114056242
T0445015,113019812
T0440755,113006978
T0441687,113016517
T0453342,113060197
T0445227,113060527
T0452290,113071514
T0435150,112027980
T0442002,113020905
T0454167,114052898
T0453726,114064834
T0444791,113047563
T0447114,113068455
T0448960,113085657
T0451071,113070907
T0435534,112029588
T0442466,113029867
T0447326,113082250
T0451243,114019138
T0442654,112059328
T0438019,112051123
T0440103,112078245
T0438825,111034410
T0441217,112065587
T0436345,112053870
T0452600,114046652
T0437297,112026313
T0444765,113041225
T0448994,114010583
T0450157,114024788
T0451085,114014363
T0449846,114014590
T0443540,113033367
T0442492,113029868
T0446200,113069206
T0437899,112076558
T0441819,113016847
T0452432,114021417
T0444557,113004889
T0443316,113037990
T0438489,112060784
T0441441,113024475
T0444133,113027840
T0453184,114054923
T0452056,114014007
T0441673,113007783
T0444301,113025948
T0452264,114047395
T0446456,113076654
T0435998,112880583
T0454193,114058979
T0443124,113041404
T0443578,112057884
T0448190,113084863
T0449042,114013795
T0436973,112055100
T0439107,112086520
T0441821,113016984
T0453980,114051362
T0444937,113057119
T0441479,113020991
T0452852,114046867
T0450739,114017430
T0449614,113020500
T0434872,110078007
T0440799,112074467
T0444339,113045589
T0453974,114066992
T0445811,113059927
T0439597,112075122
T0453148,114039987
T0435168,111090448
T0447548,114004677
T0435954,112032213
T0434886,112031961
T0451049,114017820
T0447910,113082050
T0451875,114042150
T0440309,113005470
T0438021,112880055
T0437855,112049631
T0440907,112085089
T0448356,114003086
T0441674,113016308
T0446451,113047942
T0449419,113085962
T0443123,113038433
T0435391,111068604
T0450706,113083442
T0443311,113028827
T0441446,113023001
T0439138,112048220
T0441022,112088164
T0452435,114044453
T0439904,113004582
T0444550,113052973
T0441210,113020658
T0452607,114043927
T0436342,112053868
T0437290,112064252
T0450150,113077926
T0449841,114008706
T0451082,114012683
T0443547,112088387
T0442495,112087496
T0447321,113082247
T0450396,114026416
T0451244,114019346
T0440104,112014995
T0436184,112045089
T0440938,113011993
T0453513,114042734
T0438822,112076905
T0437056,112048170
T0440336,108043531
T0437264,112046976
T0453721,114064773
T0448967,113076574
T0447113,113081444
T0435533,112041535
T0438648,112063287
T0437600,112021726
T0453345,114001451
T0445220,113055867
T0435157,112018971
T0442839,113002295
T0454160,113080382
T0440560,112045882
T0453177,114880173
T0437432,112010071
T0452864,114034777
T0444901,112041496
T0439767,113001844
T0434844,112032876
T0435996,112039276
T0441219,112087449
T0439303,112072437
T0437299,112059944
T0449848,114016817
T0450159,114025231
T0446800,113065472
T0449246,114011927
T0436945,112053470
T0444559,113042760
T0436179,112053439
T0438225,112078309
T0453728,114064836
T0451843,114011971
T0449080,114017442
T0442468,113040591
T0450991,113082814
T0448360,114001599
T0443788,113039075
T0438017,112010449
T0445827,112087613
T0438473,112054960
T0440569,113001046
T0439793,112086166
T0438641,112073255
T0445229,113060638
T0442830,113032275
T0454169,114053132
T0441014,112090313
T0441828,113880182
T0451286,114044405
T0449877,113074044
T0450166,114018239
T0444754,113022717
T0445686,113067261
T0450502,113044708
T0443929,113044820
T0446467,113012529
T0443115,113033258
T0441642,112079719
T0452255,114012437
T0436710,112059157
T0453387,114038518
T0452067,113071808
T0450730,113074101
T0443327,113021564
T0446493,113072942
T0451424,114029889
T0448509,113016232
T0441484,109880697
T0453141,114051012
T0451616,114043100
T0442201,113025402
T0440132,113002266
T0453525,114061136
T0444592,113059468
T0437060,111015079
T0445440,112043527
T0451272,114029315
T0435737,111880364
T0447317,113084478
T0451040,114028249
T0447125,112073657
T0442457,112057509
T0447919,113069150
T0440300,112068537
T0437252,112063930
T0453717,114054517
T0436380,112000520
T0445672,113060579
T0438646,112075067
T0452299,114023830
T0442837,113002294
T0435159,111061573
T0446699,113060046
T0445820,113064659
T0453945,114051763
T0438010,112036155
T0444798,113031050
T0448969,113074775
T0451844,114022143
T0447921,113082858
T0450996,113080697
T0448155,113090227
T0449241,113880572
T0437890,112062385
T0439304,112076389
T0452609,113050773
T0443549,112088388
T0444308,113030814
T0434843,112032403
T0435991,112880195
T0449625,114016959
T0439552,112087304
T0441448,112019983
T0438480,112017747
T0449884,113085433
T0448956,113082417
T0450195,114019329
T0442450,113028109
T0440307,113004356
T0440135,112079048
T0436989,112048969
T0437067,112062050
T0444595,113033091
T0440909,112089675
T0435730,112046111
T0447310,113085448
T0441483,109880695
T0439599,112075823
T0452094,114008633
T0445023,113011244
T0437403,112060376
T0453146,114041119
T0447774,113034366
T0451611,114011637
T0442206,113031974
T0447546,114000635
T0451423,113071276
T0435166,110054924
T0446494,113074711
T0454151,114044576
T0438679,111094497
T0437631,112051057
T0441477,113020995
T0452060,114046675
T0436525,112055657
T0444105,113049104
T0450737,114880469
T0435192,112034225
T0446460,113081040
T0449428,114001259
T0440797,112087364
T0452252,114025329
T0453380,114037648
T0444337,112003849
T0450161,114024858
T0441221,112071751
T0445681,112067221
T0436373,109089124
T0452636,114047976
T0441013,113000066
T0439109,112087680
T0452404,114051980
T0436141,112016937
T0443744,113043680
T0442636,113018080
T0451221,114024707
T0446296,113054270
T0438847,112082062
T0445413,113076294
T0439995,112005345
T0440161,112067717
T0452696,114023677
T0438249,112049526
T0441281,113020404
T0446898,113006175
T0442404,113035706
T0435556,112034699
T0451013,114032142
T0448902,113050431
T0447176,113071700
T0437665,112012001
T0444397,111081184
T0453320,114061589
T0454105,114057065
T0449488,114018236
T0435132,112004769
T0451477,113090152
T0448768,114014532
T0443380,113037964
T0442252,113016606
T0447720,113035814
T0436585,112037034
T0453112,114032309
T0444999,112088816
T0452206,113077520
T0444363,112070622
T0434828,111073599
T0442094,113006000
T0443374,113040153
T0436571,112034228
T0444151,113047876
T0441423,112089292
T0452808,114027728
T0439539,112087370
T0443710,112079282
T0439961,112073283
T0452450,114032694
T0440195,113880204
T0436929,112050764
T0444707,113058258
T0436327,112048958
T0443522,113042851
T0445048,113014080
T0437468,110025001
T0445874,113047943
T0449685,113090068
T0435931,112880287
T0442863,113028079
T0448101,114002886
T0447149,113084606
T0438276,112078657
T0440962,113010936
T0453549,114044111
T0438044,112065476
T0442609,112035487
T0450936,113069837
T0447981,113088431
T0444738,113030319
T0440398,112082426
T0440996,112066018
T0441844,113012543
T0436916,112044340
T0441078,113880231
T0439506,112077661
T0442299,113013790
T0446639,113079382
T0448591,114010521
T0434817,112033450
T0449443,114020021
T0443945,113007827
T0452239,114043574
T0439734,113000077
T0444700,113055138
T0436320,112023007
T0452665,114050444
T0439368,112065119
T0441272,113019984
T0443525,113043160
T0446057,113042246
T0447185,114880070
T0450132,114012983
T0446265,113044655
T0444532,113052695
T0453585,114036651
T0452457,114038372
T0439966,112080818
T0440192,110081604
T0438088,112060491
T0443373,113028121
T0450764,114025717
T0446601,113064027
T0452033,114018976
T0441424,113008776
T0436744,112035949
T0452201,114029770
T0437696,112058827
T0441616,113025701
T0435307,112013244
T0453115,114052023
T0440502,113014086
T0453929,114046900
T0444390,113044915
T0453743,114064397
T0437206,112062422
T0440354,113000880
T0441286,113008271
T0442403,113026957
T0451014,114015549
T0447171,112036282
T0448905,113086895
T0442631,113031354
T0446291,113068253
T0435763,112048755
T0447343,113079158
T0445414,113060247
T0437808,112045578
T0440166,113009379
T0441629,112088948
T0439733,112080157
T0436549,112056898
T0439501,113001352
T0452830,114034115
T0449676,113089761
T0451689,114042182
T0441843,113022952
T0452468,114047359
T0449212,114010046
T0447986,112059081
T0450931,114031798
T0446068,113024655
T0453788,114056551
T0438285,111085464
T0439357,112057450
T0440965,112088769
T0437837,111033468
T0440159,112077512
T0447972,113088991
T0448106,114003013
T0438271,112070599
T0442058,112057009
T0435936,112021559
T0438615,112060212
T0445873,113070696
T0453916,114056967
T0435338,109012495
T0437492,112067339
T0436540,112049019
T0452839,114050032
T0441412,113017819
T0442297,112069883
T0446637,113050225
T0451680,114036209
T0442899,113004645
T0450560,114011963
T0436772,112053721
T0445280,113057653
T0452237,114043571
T0441620,113024250
T0450938,114033584
T0443513,113036070
T0446061,112083736
T0452653,114032255
T0453781,114056338
T0444736,113028832
T0441244,113008121
T0440396,112081048
T0439950,112089776
T0452461,114048756
T0436124,111074961
T0440998,113006939
T0436918,112044395
T0447381,113072831
T0446253,112062605
T0442435,113027669
T0446095,113072400
T0435567,112042812
T0437230,112047926
T0438278,112081137
T0452495,113086148
T0445422,113045881
T0453547,114027465
T0440150,113006267
T0435755,112037472
T0451210,114033629
T0437466,112053199
T0453123,114880471
T0448759,114005419
T0435331,112028446
T0451674,114041307
T0447711,113071759
T0442051,113027317
T0443183,113039224
T0447523,113055440
T0453311,114046556
T0437654,112032797
T0436786,112023985
T0449224,114011552
T0450309,113066821
T0439153,112080640
T0436927,112059659
T0436329,112033786
T0444709,113058452
T0450907,114027048
T0449016,114003210
T0446862,113032041
T0452208,114015723
T0443974,113043529
T0449640,114017217
T0446608,113072093
T0444963,113042464
T0452806,114046626
T0439537,112086186
T0444399,113031832
T0438623,112062746
T0435900,112014816
T0448766,114002937
T0450799,114880355
T0437459,112880394
T0445079,113028267
T0445845,112082260
T0442638,113026452
T0446298,113068374
T0441881,112056664
T0437801,112045547
T0438075,112050737
T0452698,114014361
T0439395,112071366
T0451821,113086477
T0446896,112044229
T0447178,113051131
T0442056,113027494
T0443184,113036625
T0454133,114066691
T0447524,113079255
T0453124,114056131
T0437461,112048871
T0444193,113022545
T0445041,113038682
T0438429,112075494
T0440533,113001591
T0445425,112014547
T0453540,114036116
T0440157,113006265
T0447372,113065572
T0451217,114004432
T0442432,113015178
T0448934,113071210
T0447140,113079546
T0435560,111094113
T0451025,114033911
T0445617,113046878
T0452466,114023054
T0441071,113010259
T0447386,113077239
T0446254,112075484
T0443514,113036345
T0435594,110880217
T0449812,114000622
T0452654,114032256
T0436311,112042644
T0444731,113040538
T0453786,114056530
T0441243,113007878
T0439359,112010242
T0440391,112079530
T0448598,113062727
T0450567,114028268
T0444355,113046983
T0437495,112072177
T0436547,112056878
T0452002,114038345
T0445889,113055966
T0442290,112084332
T0443342,113022889
T0445628,113044385
T0437208,112062571
T0439392,112073374
T0441288,112068860
T0448305,113080468
T0451228,114024709
T0441886,113026406
T0438072,112057801
T0437806,112068230
T0448761,114005468
T0447729,113039441
T0438416,112075787
T0445842,113069683
T0438624,112072046
T0442855,113005317
T0443987,110063644
T0444964,113042466
T0452801,114049745
T0450558,114880098
T0443973,113043302
T0439366,112083817
T0446865,113038802
T0449011,114012175
T0446059,113060271
T0449223,114011290
T0452459,114038424
T0439968,112077457
T0436920,112058319
T0438086,113880036
T0439214,112077493
T0449163,113076554
T0446917,113072138
T0446319,113049174
T0448283,113031278
T0439026,113003154
T0441900,113008503
T0449735,114010533
T0444816,113029490
T0438590,112071976
T0452973,114010682
T0441558,112077642
T0439670,112080317
T0444218,113036212
T0442329,112081634
T0448613,113082777
T0438564,112080266
T0452987,114035020
T0445930,113034483
T0453069,113045940
T0439684,112083783
T0442927,112082154
T0435049,112042510
T0435875,112008353
T0448421,112074268
T0451168,114027043
T0450886,114023769
T0437974,112049892
T0438100,112017635
T0437148,111070737
T0446570,113880403
T0443002,113014645
T0452342,114031940
T0452170,114043023
T0446742,113880485
T0450627,114008555
T0441103,112091156
T0439019,112071773
T0452514,114019151
T0439825,112046826
T0444471,113008572
T0450243,114002485
T0434706,112005258
T0446326,113060650
T0443654,113032137
T0446928,113046130
T0441331,113007220
T0436263,112053368
T0452726,114046876
T0444643,113049668
T0437177,112055861
T0444485,113016648
T0453432,114054164
T0440819,112082967
T0447200,113074737
T0435620,112024792
T0451365,114021943
T0447032,113051776
T0448846,110002547
T0449994,113080534
T0435412,112040674
T0443492,113002109
T0442540,113025316
T0436297,112024961
T0437345,112070113
T0442918,113019141
T0435076,112018548
T0446584,113076241
T0434998,112040258
T0438769,112067115
T0440673,112082046
T0453264,114046142
T0445301,112047845
T0440441,112087846
T0439489,112031271
T0445133,113074088
T0451701,114041382
T0454273,114075953
T0443698,113031410
T0438107,112036151
T0437973,112040095
T0440821,113011451
T0453638,114053534
T0448042,113069824
T0449190,114880228
T0442578,113028042
T0438751,111065787
T0441799,110048923
T0442920,113019144
T0454079,114033014
T0451739,114021022
T0438563,112080072
T0439677,112081068
T0443806,113043426
T0449500,114009537
T0434954,112040821
T0443208,113004008
T0439445,112037404
T0452148,114028433
T0439021,112071774
T0437987,112059719
T0436069,112057417
T0441907,113015734
T0444449,113023045
T0441309,112068312
T0446910,113015465
T0440446,112028926
T0445908,113022684
T0441594,112077684
T0445134,113040470
T0451706,114041381
T0447663,113078790
T0442311,113023418
T0446583,113075318
T0454046,114043478
T0440674,113005155
T0450082,112088323
T0448841,114011614
T0447035,113880070
T0435415,112018529
T0449993,113080347
T0451150,114023979
T0447809,112091213
T0445550,113058167
T0453435,114005055
T0444482,113017067
T0447207,113082047
T0451362,114007725
T0442775,113034239
T0450076,114012100
T0446113,113051517
T0443461,112076470
T0441336,112069344
T0436264,112031628
T0444644,113055685
T0441104,113010688
T0441938,113030438
T0437184,112048195
T0451396,114036512
T0446321,113059918
T0443653,113031994
T0441560,113019341
T0452177,114045465
T0446745,113070886
T0447697,113078305
T0454280,114075960
T0443237,113018463
T0435085,111000413
T0444220,113043752
T0453297,114046555
T0436600,112044277
T0435078,111022410
T0448410,113084229
T0434996,112018864
T0445901,114880162
T0453864,114074756
T0448622,112030481
T0438131,112064663
T0437945,112062633
T0440817,112082963
T0445559,113038572
T0448246,114001442
T0451159,114010554
T0448074,113090167
T0438303,112065705
T0436299,112031992
T0442788,113880426
T0449360,113061606
T0451991,114036702
T0443468,113016654
T0448080,113042469
T0439225,112090815
T0443830,113023114
T0434962,112044326
T0449536,114017318
T0436609,112038337
T0441569,113004024
T0439473,113000255
T0452942,114052218
T0444827,113037064
T0450629,114011192
T0454289,114021755
T0444686,113019225
T0437374,111073209
T0451166,114013804
T0450888,114033053
T0451354,114035403
T0447231,113053986
T0450286,114014269
T0442743,113031162
T0448279,113005774
T0453403,113087108
T0438932,112061995
T0437146,111070731
T0436094,112028337
T0442327,113013700
T0452989,114030389
T0440470,112065121
T0445102,113046320
T0437522,112880247
T0441790,113024450
T0440642,113003633
T0438758,111061653
T0452387,114049646
T0435047,112041622
T0442929,113023179
T0451502,102011409
T0454070,114052619
T0442115,113001861
T0450616,114007744
T0441556,111038488
T0444818,113036041
T0436404,112025031
T0444024,113026100
T0441764,112079428
T0452373,114052072
T0436636,112056920
T0444216,113027313
T0450424,114023052
T0447493,113076816
T0443033,113036058
T0454084,114061034
T0449509,114024046
T0441300,113014032
T0444672,113061357
T0452717,114034036
T0436252,112046204
T0446125,113064980
T0449951,114880285
T0451192,114037069
T0448883,112019308
T0446919,113075867
T0442585,113029773
T0446317,113057790
T0450272,114020547
T0436060,112046703
T0452945,114045038
T0439474,112074478
T0453897,114035958
T0447699,112060711
T0443239,113022286
T0446579,112049334
T0434965,112012346
T0449531,113088633
T0438794,112077428
T0449969,114021135
T0449155,114002292
T0451996,114040785
T0446921,113011578
T0448087,113082500
T0439222,112074624
T0441338,113012168
T0445798,113069920
T0439010,112027961
T0451398,114018944
T0447807,113880522
T0438304,112067447
T0453609,114040857
T0438136,112071827
T0435629,112051096
T0447209,113078463
T0448241,113004231
T0445906,114880156
T0440448,113005819
T0453863,112068409
T0451708,113060976
T0448625,113067455
T0434991,112028344
T0454048,108000230
T0448417,114000650
T0437728,112061006
T0446310,113066534
T0450275,114020822
T0437989,112060876
T0436067,112046387
T0444675,113061359
T0436255,112054214
T0452710,113073749
T0449956,113076678
T0446122,112062067
T0448884,112019309
T0442582,113020718
T0441763,113028623
T0452374,114045294
T0444211,113043039
T0447494,113076818
T0454083,111081994
T0443034,112084756
T0443206,113029118
T0441551,113022699
T0438599,112058991
T0452146,114027971
T0436403,112050360
T0444023,113026099
T0447460,113074241
T0435040,109083840
T0454077,114033009
T0448428,113089745
T0442112,113002734
T0447652,113085878
T0451737,114021020
T0454245,114061831
T0451353,113071081
T0442744,113031165
T0443696,113014778
T0438109,112041335
T0437141,112051650
T0453404,113054643
T0436093,111079024
T0453636,114035610
T0437373,111030691
T0444681,113880556
T0445753,113014249
T0435424,112026230
T0447004,112085677
T0448870,114002890
T0442576,113036985
T0447898,113072578
T0446176,113046404
T0449902,114011559
T0450013,113088020
T0444621,113027705
T0453696,113059562
T0452744,114049007
T0440281,112079176
T0439249,112064983
T0452576,114048219
T0441161,113007178
T0443636,113022103
T0446344,113051848
T0434764,111075324
T0450221,114025758
T0437585,112062923
T0443252,113070701
T0442380,113036223
T0449768,114000512
T0451797,113019948
T0443060,113032763
T0448488,114000652
T0450477,114030989
T0452320,114047255
T0445397,113051743
T0453034,114051699
T0451763,114026018
T0435226,112035646
T0443094,113020073
T0435828,111084448
T0442146,113028783
T0447434,112026417
T0435014,112033404
T0451551,114035796
T0445363,113063787
T0440611,112064994
T0451909,114042686
T0448018,112065764
T0435470,112035861
T0447050,113022121
T0437327,112063927
T0453662,114055090
T0453450,113059062
T0438961,112076673
T0452582,113078897
T0440047,112071985
T0437929,112070071
T0441195,112085689
T0442710,113004440
T0451307,114014538
T0447262,113055213
T0437788,112880300
T0439612,112075820
T0441708,112088020
T0434931,112019780
T0450448,114028822
T0449757,114008332
T0436468,112026052
T0444048,113044190
T0439420,112089306
T0452911,114034789
T0449333,114880003
T0452549,114050979
T0439878,112077485
T0441962,113014806
T0439044,112088378
T0450810,114026009
T0446149,113065268
T0448215,113088166
T0451338,114041825
T0440844,111006567
T0438162,112038901
T0437318,111010838
T0439282,112070445
T0441398,113018009
T0446981,112072912
T0448027,113087012
T0447853,114007176
T0449591,113070523
T0443897,113041155
T0443299,113047857
T0435219,112024982
T0438506,112076245
T0453837,114064057
T0438966,112065713
T0453457,114037824
T0445532,113053667
T0439088,112084499
T0442717,113026641
T0435645,112024298
T0451300,114035489
T0435477,112033787
T0437320,112045309
T0445700,113067202
T0442141,113005424
T0447433,113078594
T0451556,114018736
T0435013,112034334
T0436696,112019284
T0445364,113042745
T0453201,114048099
T0437744,112025501
T0437576,112041301
T0448649,113088382
T0454216,112091300
T0442373,113014754
T0435221,112034720
T0443067,111088354
T0442989,113027305
T0446515,113048830
T0452327,114036370
T0444242,112090254
T0452115,114043351
T0437582,112051827
T0452929,114051298
T0441502,112025252
T0446727,113027423
T0444414,111064540
T0438992,113880145
T0452571,114004196
T0443631,113010392
T0450226,114027705
T0447291,113056026
T0450828,114023014
T0449905,114012402
T0435483,112880373
T0450014,113088794
T0453691,113063427
T0436206,112020297
T0440286,113000305
T0441354,113003289
T0450689,114015498
T0445955,113066934
T0453830,114063937
T0444289,113031178
T0440629,113000250
T0448444,114000653
T0449596,114010016
T0443890,113035217
T0451569,114036468
T0442942,113023625
T0452788,114054739
T0438357,112076285
T0446986,113052533
T0447854,113077169
T0448020,113081959
T0442728,113026854
T0453468,114054122
T0440843,112089369
T0441991,113016902
T0437911,112069570
T0438165,112018231
T0439271,112074419
T0450817,114015155
T0450219,114027436
T0441159,113001363
T0439427,111066820
T0452318,114047257
T0434936,111091141
T0453237,114055756
T0444280,113047974
T0437772,112028773
T0445352,113051824
T0442177,113020663
T0435819,112039142
T0454012,114060453
T0435025,112015525
T0447405,113057219
T0442345,113032513
T0443297,113024941
T0454220,114071801
T0435217,112024979
T0451752,114021016
T0447637,113082494
T0453005,114059074
T0453839,114069117
T0442721,113028464
T0451336,114016578
T0445504,113061424
T0453461,113048052
T0438950,112085010
T0440076,112083615
T0445736,113061423
T0452781,114054900
T0437316,112040969
T0448029,114003154
T0448815,113060041
T0451104,114017293
T0435441,112026151
T0443607,113029738
T0450210,114010224
T0435687,110091751
T0452547,114050798
T0439876,111084870
T0444422,113087315
T0441150,113015976
T0440082,112090952
T0438198,112078203
T0436230,112030510
T0452775,114036220
T0439278,113002766
T0450022,114012902
T0449933,112065771
T0446147,113065223
T0437786,112880298
T0436654,112038900
T0452311,114031772
T0441706,113016862
T0443051,112046088
T0446523,113045595
T0450446,114017230
T0444046,113044140
T0452123,114011470
T0436466,112017946
T0445194,113048182
T0441534,113003790
T0448016,112059112
T0451907,114037188
T0445709,113052237
T0438361,112069849
T0437927,112051474
T0440049,109082155
T0448224,113085842
T0438537,112074625
T0445963,113067440
T0435228,112035730
T0447608,112010145
T0435826,112020237
T0448472,114002188
T0442974,112036934
T0438705,112087916
T0444079,113032214
T0439411,112078251
T0449766,113026550
T0449554,114012417
T0434900,112037293
T0448486,113033234
T0439623,112073057
T0450821,114003579
T0446178,113051901
T0453698,114029480
T0439849,112055478
T0436801,112052820
T0443264,113034693
T0445193,113046692
T0452918,114047773
T0439429,111066821
T0437781,112064117
T0436653,112062685
T0441701,113021064
T0442184,113035248
T0443056,113025318
T0434938,112009351
T0446524,113073027
T0452772,114025413
T0436237,112033870
T0441365,113008209
T0450025,114014140
T0447092,113073465
T0449934,112065772
T0443600,111079473
T0434752,112024154
T0435680,112041298
T0436005,112005457
T0439871,112076903
T0452540,114051728
T0453492,114045098
T0444425,113037294
T0436839,111073344
T0441157,113014736
T0445731,113062565
T0437311,112031325
T0448812,113053041
T0447066,113072918
T0435446,112033910
T0447254,113069804
T0435674,112039941
T0446386,113075355
T0453466,114050662
T0437123,112024444
T0454227,114063593
T0448678,114001148
T0443290,113019974
T0451755,114035223
T0435210,112031582
T0450687,114025454
T0440415,112079019
T0444287,113041139
T0445355,113059887
T0440627,113000248
T0435022,112021094
T0440886,112063148
T0436806,112038401
T0441168,113880167
T0450228,112082593
T0449137,114000948
T0436208,112030055
T0439240,112076531
T0440288,112091120
T0438392,112060730
T0449553,114002539
T0448481,114005328
T0443069,113015233
T0434907,112028560
T0442987,113026249
T0443855,112087650
T0452329,114045717
T0439624,112091429
T0445990,113054173
T0452927,114051698
T0439416,113030536
T0449761,114010166
T0442389,113019010
T0446729,113077126
T0435821,112026064
T0442973,111091267
T0438702,112073029
T0453801,113047679
T0438530,112030566
T0449795,114016276
T0454218,114075716
T0440872,112078742
T0453459,114025342
T0439086,112076167
T0438154,112031619
T0437920,112069990
T0448223,113007914
T0442719,113028059
T0434799,112034790
T0447865,113058012
T0435479,110091839
T0440811,113002788
T0438137,111092377
T0436891,112060571
T0449392,114013854
T0448240,114001598
T0435628,112031032
T0442548,113041910
T0451963,114003353
T0453608,114022743
T0448416,114000345
T0442910,113029267
T0445309,113068500
T0437729,111067690
T0445907,114880158
T0453862,114072129
T0448624,113027050
T0451709,113041453
T0449530,114008232
T0453298,114053371
T0443238,113034067
T0447698,111007979
T0444479,113013177
T0441937,113032357
T0436865,112025363
T0439011,112056715
T0446920,113011577
T0449154,114004559
T0448086,113066434
T0450079,114031296
T0439223,113880093
T0441339,112070245
T0451736,114022952
T0435273,112037179
T0453061,114057965
T0445938,113067502
T0437716,111079039
T0454076,114008371
T0442113,112079650
T0444680,114880067
T0453637,114065384
T0445752,112090683
T0442577,113036986
T0451160,114011929
T0448871,114006623
T0447005,113037631
T0451352,114035296
T0453405,114046812
T0438934,112071777
T0445560,113038573
T0436092,111079023
T0438108,112072668
T0440012,112071492
T0437386,112005692
T0452711,114012312
T0436254,112031626
T0441306,113010742
T0442583,112072702
T0446123,113075642
T0449957,114025781
T0448885,112019310
T0450046,114005247
T0449359,114008865
T0450274,114005150
T0444446,113023938
T0445594,113055116
T0452523,114034102
T0437988,112059721
T0441134,113016873
T0443207,113029119
T0435287,112043402
T0452147,114048879
T0444022,113026097
T0441550,113020323
T0440482,112081890
T0452375,114008805
T0444210,113045838
T0441762,113028622
T0435889,112047525
T0443809,113043679
T0451990,114036701
T0449153,114012536
T0446927,113028922
T0448081,113060170
T0439224,112090716
T0439016,112074620
T0449361,114001740
T0442789,113035283
T0434709,112028833
T0441568,112084553
T0452943,114052219
T0453891,114048031
T0434963,111057423
T0449537,113089038
T0444228,113030976
T0440688,113008996
T0445900,114880161
T0438554,113880040
T0442319,113029864
T0448411,113084230
T0435845,112035653
T0447459,113079147
T0435079,112040689
T0438766,112063412
T0447801,113076006
T0448075,114002846
T0451158,114010427
T0448849,113078426
T0436298,112028209
T0437178,112056040
T0440816,112082961
T0445558,113036065
T0436896,112014499
T0449395,114015228
T0436637,112046778
T0452372,114045378
T0444217,113036211
T0441765,113024616
T0454085,114059528
T0447492,113076811
T0450425,114009656
T0446540,113047725
T0436405,112050653
T0453092,114034126
T0441557,111038490
T0443664,113035140
T0450273,113088106
T0434736,112033979
T0439815,112057532
T0436061,112046752
T0445593,113031634
T0439029,113001056
T0444673,113061358
T0437381,111011389
T0441301,112057529
T0442584,113029671
T0446918,113072139
T0443456,113045492
T0449950,113042608
T0451193,114037070
T0446124,113024060
T0448882,112019307
T0442742,113031161
T0443690,113026417
T0451355,113073363
T0447230,113014748
T0438933,112071776
T0436095,112030284
T0444687,113020758
T0437375,112037012
T0445755,113020028
T0449198,114011558
T0442570,113011341
T0450889,114033205
T0451167,114015021
T0435422,111073684
T0448876,112019303
T0445331,113063791
T0441791,113880388
T0440643,113052564
T0438759,111089500
T0454071,114073578
T0442114,112079652
T0442928,113005327
T0451503,114024833
T0442326,113013699
T0451731,114001454
T0437523,111880505
T0440471,112065122
T0443209,113025815
T0435289,112023668
T0452149,114047343
T0444810,113059472
T0452975,114048083
T0439676,112079277
T0449501,114009536
T0434955,112022543
T0446549,113011698
T0443807,113045946
T0439212,112071849
T0449165,114000713
T0446911,113036743
T0436068,112046999
T0436854,112051205
T0437986,112045782
T0448043,113078054
T0450880,114012430
T0442579,112033751
T0443699,113012193
T0435619,112047662
T0440820,113010204
T0451738,114021021
T0437718,112018684
T0435873,112005764
T0454078,114008372
T0452512,114014272
T0441939,113015365
T0437185,112042085
T0441105,112091157
T0443652,113035825
T0442780,113042905
T0450245,114013225
T0446320,113057251
T0451397,114031227
T0443460,113880055
T0451999,114036759
T0446112,113051494
T0436265,112023987
T0445797,113055885
T0444645,114880052
T0441337,112081037
T0443004,113017756
T0450413,114016343
T0453296,114053370
T0444221,113051312
T0436601,112044283
T0452344,114040035
T0440681,113003214
T0439649,112090468
T0441753,113017371
T0452176,114023895
T0441561,112051467
T0443236,113013387
T0446744,113054833
T0450621,114012914
T0447696,113078303
T0442122,113009964
T0448418,113078272
T0446582,113075317
T0453262,114041974
T0445307,113048964
T0437515,112004986
T0452182,114011465
T0445135,113040471
T0440447,112028927
T0441595,112077688
T0442310,113022993
T0451707,111027377
T0447662,113081389
T0438139,112031013
T0451363,114007847
T0443494,107079266
T0442546,113008859
T0447034,113025189
T0450083,113081063
T0451151,113068098
T0435414,111007060
T0445763,113045638
T0437343,112049518
T0442926,112068590
T0453068,114044213
T0445931,113068301
T0450289,114013197
T0440827,113013938
T0438101,112024905
T0437975,112052463
T0440229,112088093
T0450887,113059237
T0448044,113071845
T0449350,113085625
T0434738,112033816
T0446318,113059307
T0441901,112082556
T0439027,112090372
T0437981,112038851
T0439215,112078109
T0446916,113044093
T0444219,113043751
T0436639,111043719
T0439671,112053712
T0435880,112044332
T0449506,114021371
T0449734,114016397
T0441559,113014688
T0448847,111081977
T0447033,113064851
T0451156,111048757
T0445764,113045766
T0436296,112014585
T0437344,112059953
T0453601,114066978
T0453433,114054297
T0440818,112082966
T0437176,112054607
T0444484,113019035
T0448249,113072950
T0442773,113034099
T0447201,113074738
T0451364,114009455
T0437512,112044645
T0445132,113045448
T0440440,112086620
T0441592,113016219
T0439488,112071929
T0454272,114064925
T0451700,114037141
T0447665,113081390
T0442125,113023644
T0435077,112026153
T0446585,113076960
T0451532,114038123
T0442919,113019142
T0437720,112026970
T0453265,114046143
T0445300,113065612
T0438768,112067114
T0436434,112018274
T0441566,112079003
T0454286,114059708
T0446743,113070878
T0435083,111093317
T0446571,113010008
T0450414,114024187
T0452343,114031944
T0441754,113018183
T0443467,113016653
T0446929,113046132
T0446115,113067314
T0449961,114009784
T0445790,113070608
T0444642,113040963
T0441330,113007199
T0436050,112024827
T0439824,113007329
T0452515,114020201
T0437182,111064410
T0444470,113043721
T0441102,113015017
T0439018,112071772
T0443655,113033256
T0442787,113033184
T0451390,114028824
T0447255,113071162
T0435675,112040636
T0446387,113064081
T0453467,114048681
T0438956,112081557
T0438358,112063837
T0445730,113011060
T0452787,114021894
T0447067,113065047
T0448813,113085314
T0435447,112034277
T0442515,112008154
T0446989,113086137
T0453231,114059102
T0437774,112062501
T0445354,112067593
T0435023,110926557
T0447403,113048090
T0449599,114009781
T0435211,112024971
T0451754,114021018
T0447631,112091239
T0443291,113025614
T0448679,114005048
T0454226,114045620
T0453003,114036942
T0445166,112081118
T0436494,110036916
T0437780,112063653
T0452317,114047256
T0446525,113073026
T0450440,114014523
T0442185,113028558
T0434939,111060513
T0450672,114027805
T0443265,113034694
T0445192,113055182
T0435681,112041299
T0446373,113049238
T0443601,111079484
T0440084,112065398
T0439870,110080273
T0436004,112036319
T0444424,113041885
T0453493,114049894
T0436236,112035452
T0444616,113042016
T0447093,113045297
T0449935,114008764
T0443433,113026248
T0450818,113089498
T0437579,112061060
T0448646,113081038
T0454219,114008082
T0442972,113022548
T0451559,114038365
T0448474,113073139
T0440619,112077575
T0438703,112081675
T0436699,112029066
T0435478,111090571
T0438367,112060219
T0437921,112056011
T0438155,112031620
T0438969,112068705
T0434798,112001906
T0450827,114020198
T0439241,112025578
T0438393,112050877
T0444629,112030869
T0439073,112047619
T0441169,113012239
T0436807,112042758
T0440887,112086482
T0450229,114027484
T0444843,113020031
T0452926,113059647
T0446728,113074524
T0442388,113018981
T0449760,113088718
T0443854,112026040
T0434906,112047417
T0448480,114000461
T0439625,112087376
T0452328,114000173
T0439279,112074623
T0452774,113068291
T0436231,112032740
T0447094,113043656
T0449932,114024696
T0443434,111034954
T0434754,112011229
T0450211,114010999
T0435686,112046030
T0441151,113009165
T0440083,113007344
T0438199,112078204
T0436003,112052190
T0452546,114047445
T0453494,114052934
T0441535,113006875
T0444047,113044189
T0445195,113048183
T0441707,111083813
T0444275,113046831
T0437787,112064331
T0452310,114046327
T0446522,113056444
T0450447,114013833
T0443050,112076131
T0451753,114021017
T0435216,110079972
T0447636,113001469
T0442344,113034021
T0454221,114051621
T0453838,114069285
T0453004,114037326
T0437773,112051719
T0435818,112021557
T0441397,113017235
T0437317,110034180
T0448814,114009785
T0447060,113011827
T0451105,114030067
T0448028,113069825
T0451939,114040923
T0447252,113080267
T0440077,113005699
T0437919,112069994
T0445505,112018336
T0441999,113020263
T0438951,112032209
T0437125,112045967
T0442981,113034378
T0449555,113036633
T0434901,112038032
T0439622,113001337
T0445996,113071415
T0452921,114056543
T0439410,112072733
T0436458,112033776
T0451798,112079676
T0449767,114000511
T0436800,112039109
T0439074,112077500
T0452579,114026438
T0440880,112088396
T0447299,113082164
T0443639,113037447
T0446179,113880399
T0446945,114880039
T0449131,112073498
T0439246,112055952
T0438394,112029075
T0453699,114061972
T0440048,113003081
T0448017,113087039
T0447863,111001649
T0438360,112074248
T0445708,113037236
T0442975,113017758
T0435827,112052029
T0448473,113071584
T0438704,112087890
T0445962,113067439
T0435229,112024969
T0439419,112088654
T0441503,112053903
T0436451,111069654
T0437583,112062922
T0450643,114012927
T0446726,113074618
T0442386,113026599
T0443066,111088352
T0441731,113003636
T0452326,113071786
T0436663,112054440
T0444243,113024204
T0446170,112091462
T0435482,112037580
T0449904,113081971
T0450015,113088795
T0449138,114001623
T0450829,114020199
T0441355,113001904
T0453690,114020009
T0452742,114053322
T0436207,112020299
T0452570,113088837
T0434762,112014551
T0450227,112026967
T0443630,113045451
T0446184,113056570
T0435476,112045919
T0440273,112082893
T0438369,112073032
T0453664,114070195
T0440041,112079260
T0439089,112089120
T0453456,114059400
T0445533,113001402
T0451301,114035493
T0435644,112024331
T0434796,111030143
T0442716,113030303
T0440425,113002126
T0453032,114057967
T0435220,112031584
T0448648,113088104
T0447432,113078593
T0451557,114023998
T0454025,114039191
T0442140,113019862
T0445365,113057810
T0453200,114038982
T0438190,112046033
T0436836,112053817
T0439042,112084207
T0436238,112031621
T0446973,113056740
T0449107,113085256
T0452319,114047254
T0443059,113032676
T0434937,112047408
T0449751,113078853
T0439426,112090823
T0444872,112086298
T0438732,112061530
T0440628,113000249
T0444288,113023674
T0451568,114036466
T0449597,114010011
T0450688,114025472
T0454228,114072277
T0438500,111086106
T0444886,113051124
T0448213,113880328
T0438164,112069718
T0437910,112062068
T0440842,110080266
T0441990,113016845
T0447069,113067541
T0451930,114027193
T0447855,113077170
T0454022,114058252
T0443095,113034852
T0435829,112039693
T0436690,112031645
T0453809,114026826
T0440422,113002097
T0444082,113032215
T0453035,114052148
T0447607,113062317
T0435227,112043403
T0451762,114022960
T0442375,113038974
T0437928,112070044
T0440046,112082750
T0438960,112076670
T0453451,109077806
T0445534,113001405
T0434791,111018940
T0435471,112035872
T0446183,113056055
T0451908,114037544
T0442523,112079587
T0448019,113056034
T0453663,114055130
T0441160,112085766
T0444412,113033100
T0438994,113880115
T0439846,112078618
T0452577,113079410
T0446345,113076851
T0450220,114031476
T0447297,113076981
T0443637,112082726
T0449903,113079383
T0435485,111090764
T0447899,113050629
T0441352,113004026
T0436200,112037883
T0450476,114030907
T0443061,111088349
T0452321,114036367
T0445998,113068795
T0444076,113050930
T0450644,114023639
T0449769,114000513
T0442381,113013411
T0438351,112052242
T0439283,113880159
T0437319,112038538
T0446980,112072911
T0447852,113072858
T0448026,113058770
T0451339,114880483
T0448214,114003829
T0440845,112004072
T0441997,113019877
T0435218,111061956
T0448670,113082665
T0438507,112026121
T0448442,113080288
T0449590,113070522
T0442178,113020664
T0435816,112031462
T0452910,114051983
T0444875,113044983
T0444049,112047618
T0441709,113007308
T0437789,112019355
T0450449,114010335
T0434930,112047420
T0446148,113046109
T0446974,113064900
T0443608,113019913
T0439045,112076615
T0436831,111071129
T0439879,112088024
T0443025,113027183
T0447485,113081571
T0444200,113022546
T0452365,114880509
T0436620,112055070
T0441772,112084917
T0453085,113046868
T0444032,113034924
T0440492,113002090
T0443217,113042224
T0446765,113068851
T0445584,113062805
T0441918,113024130
T0439802,112081058
T0444456,113026845
T0441124,113016703
T0437998,111057191
T0443673,112021811
T0449349,113057719
T0434721,112018061
T0443441,113021075
T0442593,113000158
T0448895,114880253
T0451184,114034276
T0449947,114012470
T0436244,112031624
T0437396,111039274
T0441316,112087766
T0453415,114038114
T0438924,112076639
T0437150,112045583
T0438118,112069721
T0442755,111094517
T0447227,113069733
T0450290,114031725
T0447829,113006571
T0437362,112010140
T0444690,113050080
T0453627,114062206
T0440230,112088083
T0442103,113027999
T0454066,108000317
T0435051,112037821
T0451514,113074783
T0447471,114000577
T0452391,114047943
T0440654,113007317
T0453071,114014357
T0440466,113880080
T0442331,112090853
T0454254,114070067
T0451726,114022088
T0445789,113069643
T0441329,113007198
T0450855,114032080
T0449144,113880172
T0450069,114018791
T0449978,113060037
T0436049,112024656
T0441927,113030086
T0453886,114066127
T0444831,113037065
T0439465,112075732
T0452954,114012911
T0438785,112055944
T0449520,114005229
T0434974,112042656
T0446568,110090350
T0443826,113034513
T0448634,113073143
T0438543,112047605
T0437739,111056623
T0438771,111070018
T0435852,112043136
T0448406,113080502
T0454059,113080532
T0442900,112028568
T0438315,112070026
T0442558,113017687
T0451973,114039871
T0449382,114008619
T0447218,113051999
T0440801,113006960
T0437953,112057080
T0437533,112005780
T0440461,112083399
T0442336,113008493
T0454253,114068601
T0435264,112032891
T0451721,114028851
T0447644,114000904
T0442104,113028943
T0451513,113074782
T0447476,113083067
T0452396,114018378
T0440653,112049013
T0441781,112043105
T0449188,113081250
T0442560,113018606
T0448866,113045788
T0445745,113063736
T0444697,113051458
T0440237,112076663
T0438923,112076638
T0453412,114880642
T0448268,114002387
T0443680,112091261
T0442752,112066217
T0447220,112086615
T0446908,113049387
T0450051,114018140
T0448892,114004296
T0451183,114033917
T0444663,113061483
T0437391,106015335
T0439805,112075628
T0445583,113062804
T0444451,113032167
T0439039,112064768
T0441123,113012369
T0443674,111033152
T0446306,113062888
T0452150,114017615
T0444809,113036802
T0440495,113001610
T0443210,113033178
T0446762,113069181
T0435290,112022755
T0449518,113083115
T0443022,113036575
T0446550,113011699
T0447482,114880293
T0444207,113044260
T0449385,114010418
T0445548,113047405
T0437168,112031100
T0440806,113009355
T0437954,112057081
T0438120,112060740
T0440208,112082765
T0451974,114039872
T0448859,112090544
T0451148,112068565
T0435855,112001273
T0442309,113007398
T0448633,113073147
T0453049,114051857
T0453875,114042453
T0436618,112053636
T0449527,114007061
T0449715,114015950
T0450638,112027766
T0444836,113032553
T0453881,114033886
T0441578,113017094
T0439462,112061001
T0442799,113022925
T0434719,111033842
T0446339,113062887
T0441920,113024288
T0439006,112080973
T0436872,112043626
T0452739,114029382
T0448091,113034108
T0450852,114030096
T0451980,114017487
T0447818,113073288
T0443484,113033997
T0449982,113080339
T0451141,114033477
T0435404,112010532
T0450093,114014907
T0448850,113082948
T0442764,113018058
T0447216,113048842
T0444493,113038428
T0453424,114055305
T0445541,113044753
T0440033,113001916
T0438129,112064531
T0442300,112085069
T0447672,113065288
T0452192,114046835
T0445125,113061468
T0453040,114003796
T0445317,113067341
T0453272,114056204
T0448408,114007611
T0442132,113015789
T0446592,113074141
T0435060,112042858
T0450631,114011195
T0447686,113079912
T0446754,113072933
T0452166,114036257
T0436423,110001796
T0453888,114047487
T0436611,112015585
T0452354,114032460
T0453286,114880315
T0443014,112019184
T0443828,113022750
T0435094,112012628
T0444655,113041440
T0436275,112014554
T0441327,113008272
T0443470,113008298
T0449976,113054496
T0442790,113035284
T0449378,114006910
T0443642,113036484
T0446330,113026302
T0450255,114026074
T0434710,110088440
T0444467,113043637
T0437195,112064188
T0439833,112032377
T0454068,114055435
T0435863,112036215
T0445328,113047632
T0437708,111092375
T0439692,112057211
T0452991,114056883
T0438572,112062367
T0453843,114055888
T0440468,113880382
T0437962,112063284
T0438116,112050663
T0443689,113026413
T0435609,111063754
T0451942,114880223
T0449181,114013821
T0447827,113079909
T0450890,114033255
T0453629,114042205
T0444458,113035563
T0441916,113011377
T0437996,111057189
T0439030,112075783
T0449347,113057700
T0448295,113024336
T0449175,114015371
T0449949,112073515
T0450058,114018789
T0441318,113014621
T0439202,112085020
T0434945,112043934
T0449511,114006792
T0435897,112026291
T0446559,113043659
T0439666,112073699
T0439454,112089983
T0444800,113063918
T0438586,112070590
T0443219,112087267
T0443645,113031942
T0451380,114026150
T0446337,113051847
T0437192,112064185
T0444460,112024100
T0436040,112033612
T0439834,112052425
T0452505,114033678
T0441112,112078030
T0439008,113001366
T0444652,113031657
T0445780,113065417
T0436272,112038562
T0441320,112088994
T0446939,113074202
T0450060,113082488
T0436616,112034573
T0444236,112081022
T0453281,114064173
T0441744,113028024
T0443013,113005171
T0454296,114075965
T0443221,113027809
T0447681,114880191
T0446753,113002890
T0441576,113015534
T0444838,113027093
T0445310,113036371
T0438778,112068708
T0440662,113005486
T0434989,110015012
T0435067,111086994
T0451522,112022794
T0454262,114048427
T0442307,113880429
T0451710,113054714
T0435255,112044662
T0445122,112049264
T0452195,114046604
T0453047,114038175
T0437502,112067411
T0439498,112090093
T0440450,111084626
T0442763,112067050
T0448259,113061218
T0435631,112034273
T0447211,112074678
T0440808,112073802
T0444494,113020957
T0445546,113045234
T0437354,112023392
T0453611,114022744
T0445774,113059168
T0435403,112010531
T0448857,114005519
T0450094,114023202
T0452962,113054119
T0441549,113019501
T0438581,112068060
T0449724,114010254
T0450609,114030286
T0443810,113043788
T0436629,112038431
T0444209,113045273
T0449172,114019508
T0450863,114022448
T0443448,113025307
T0452708,114023676
T0439205,112045286
T0441911,113011214
T0437991,112065475
T0436843,112041231
T0446308,113052729
T0450897,114008918
T0448054,113084172
T0448868,114002975
T0444699,113055106
T0440837,112077547
T0445579,110030461
T0438111,112013489
T0437965,112064923
T0453078,114049491
T0445921,113068290
T0442338,111056219
T0448430,113089920
T0435864,112037022
T0447478,113087298
T0435058,112038052
T0452398,114880217
T0439695,111032360
T0438747,112040020
T0452338,114045716
T0442996,113880188
T0434916,112038877
T0446738,113077574
T0442398,113012409
T0452936,114024434
T0444853,113001297
T0449314,113082186
T0439063,111089999
T0440897,113015190
T0441945,113014808
T0440299,112018522
T0449126,113084120
T0447880,113044088
T0450837,114022440
T0434788,110047875
T0448232,113060023
T0437931,113880028
T0438145,112055677
T0438377,112056243
T0435468,112033908
T0451911,114042688
T0448000,114001055
T0440609,111091268
T0438713,112085519
T0436689,112028413
T0442962,113026557
T0448464,113054080
T0435830,112025688
T0448656,113089080
T0453810,114027156
T0446151,113050979
T0450034,113045596
T0450808,114018624
T0444606,113014456
T0452763,114042908
T0444434,113047397
T0452551,113054068
T0435691,112044809
T0450206,114031385
T0434743,110880610
T0441522,113008529
T0452909,114034778
T0445182,113065236
T0436470,112040433
T0444050,112047652
T0450662,114021791
T0450450,112052151
T0451582,113053185
T0446535,113015479
T0434929,112026277
T0443047,113032717
T0441710,113018078
T0436642,112005385
T0452307,114009679
T0437790,112026101
T0444262,113046741
T0444898,113062846
T0440404,113000087
T0437556,112050525
T0450696,114023935
T0435201,112005599
T0454236,113080655
T0447413,113067975
T0451576,114002617
T0435033,112040153
T0454004,114057894
T0440636,113005106
T0445344,113052760
T0437764,112051835
T0444296,113031580
T0451112,114030189
T0435457,112001390
T0440252,113005505
T0437300,112059945
T0437132,112060538
T0438946,112081852
T0439894,113880196
T0445512,113056165
T0435665,112048530
T0446397,113041220
T0435239,112024972
T0448651,112005984
T0453817,114056629
T0438526,112023435
T0438714,112077200
T0453219,114061604
T0448463,113017165
T0438370,112073634
T0437338,112058684
T0445718,113065347
T0448007,113086842
T0451318,114016568
T0448235,114002340
T0437936,112062907
T0453689,114061484
T0446169,113065062
T0449121,113087689
T0450830,114021337
T0447887,114000760
T0447289,113022994
T0443629,113042278
T0436810,112059347
T0451788,114043635
T0449777,114026120
T0444854,113001295
T0436448,112054966
T0439632,112088491
T0443843,110086823
T0448497,110030472
T0449545,114011418
T0440067,112030812
T0437909,112062042
T0438941,112081766
T0445515,113050055
T0439893,113880107
T0441989,113012813
T0451327,114016582
T0446390,113075263
T0435662,112047664
T0435450,112039189
T0451115,114030271
T0442502,113011245
T0451929,114015285
T0448038,113076010
T0443888,113049383
T0447414,113068534
T0435034,112042458
T0451571,114022219
T0454003,114057326
T0440631,112078967
T0445343,113031886
T0437763,112051834
T0440403,112090530
T0453828,114061378
T0438519,112067155
T0453014,114048731
T0437551,112044793
T0450691,114027742
T0454231,114063623
T0443040,112079317
T0436645,112009400
T0444265,113046035
T0437797,112031666
T0441525,112071248
T0436477,112035328
T0445185,113061464
T0444057,113880561
T0450665,114025453
T0446700,113057291
T0443272,113028821
T0438189,112041910
T0453484,114015379
T0444433,113047396
T0436013,112040886
T0439867,113001015
T0435696,112880512
T0450201,114020543
T0446156,113046797
T0450033,113030212
T0443424,111023198
T0439269,112069497
T0452764,113055192
T0447079,110081310
T0435459,112045609
T0448031,113059794
T0447845,111074554
T0451920,114044806
T0439294,112076387
T0452799,114034209
T0438174,112052926
T0438948,112083265
T0438510,112026124
T0444896,113056027
T0437558,112049434
T0450698,113880368
T0454238,114069149
T0448667,113089086
T0451578,114027963
T0449587,114017136
T0448455,114001852
T0438722,112087918
T0440638,111880630
T0439436,112084568
T0452907,114049632
T0449741,113051963
T0448693,114008879
T0443875,113045858
T0443049,113032718
T0452309,114046207
T0450806,114018561
T0446963,113048656
T0439260,112880363
T0444608,113033090
T0438180,112060872
T0441974,113014411
T0449325,114014816
T0437755,111092278
T0445375,113043081
T0450495,113050946
T0442150,113022916
T0435230,112035802
T0442362,113002503
T0448658,113026384
T0453022,114043119
T0437567,112062398
T0451311,114016345
T0435654,112048900
T0439099,112074107
T0437103,111046143
T0438379,112076529
T0445711,113053164
T0437331,112058016
T0451123,114033551
T0447280,113083751
T0443620,113023059
T0436819,111082646
T0444405,110051465
T0441345,113008311
T0444637,113880488
T0450005,114020128
T0435492,112024136
T0449914,113083563
T0450839,114880370
T0449128,113085347
T0452336,114031486
T0436673,112029721
T0446504,113028743
T0442998,113024577
T0434918,112026276
T0451781,114043591
T0446736,113078908
T0450653,114028619
T0442396,113009976
T0441513,113021299
T0444061,113039798
T0437593,111059724
T0438187,112072015
T0452558,114036684
T0443618,113031426
T0449322,114012051
T0446158,113071642
T0449110,113060618
T0446964,113048660
T0439603,112081056
T0437799,112044776
T0444059,113038052
T0436479,112044456
T0442954,113042277
T0449580,113079691
T0448452,113089962
T0438725,112031363
T0453826,114061211
T0438517,112072183
T0435208,112023729
T0447628,113060908
T0437907,112051181
T0440855,113001495
T0451329,114016587
T0448204,113069650
T0451927,114001608
T0439293,112072988
T0438341,112067488
T0450654,114029771
T0445988,113050883
T0437594,112007887
T0452103,114022302
T0445386,113068468
T0446503,113064214
T0443071,110017564
T0441342,113001281
T0436210,112030509
T0444630,109062391
T0450002,114019353
T0449913,114006244
T0435495,112024135
T0446167,113048800
T0443627,113029522
T0441170,113880379
T0439856,112026085
T0436022,112034759
T0444402,112021666
T0438984,112084336
T0440264,112077462
T0447041,113081173
T0451124,114035445
T0435461,112039596
T0451918,114028094
T0442533,113014934
T0451316,114880197
T0452593,114045387
T0437104,112055058
T0438970,112070080
T0453441,114025930
T0435237,112018763
T0437560,112060772
T0440600,112080810
T0453217,114023728
T0445372,113060086
T0436680,111066492
T0451540,114038495
T0435005,112037838
T0447425,111019585
T0447674,113052322
T0435254,112044341
T0454263,114072632
T0442306,113880411
T0441583,113019922
T0439499,112090545
T0452194,114038457
T0437503,112880103
T0453046,114036623
T0438779,112075780
T0440663,112045785
T0445311,112039460
T0453274,114058001
T0437731,112017953
T0447446,113084018
T0451523,113031004
T0435066,112043294
T0446594,113074465
T0434988,112040912
T0442134,113028708
T0453610,112065651
T0437355,112023773
T0445775,113059170
T0435402,112009424
T0448856,114002124
T0450095,114007724
T0443482,113041504
T0442762,112037735
T0448258,114000408
T0440035,112079220
T0436889,111025275
T0437167,112031099
T0444495,112086002
T0445547,113047404
T0441321,113011664
T0444653,113034996
T0445781,113072089
T0452736,113084709
T0449970,114021136
T0446104,113055446
T0446938,112071811
T0443476,113044667
T0451381,114880300
T0434716,112029142
T0442796,112084366
T0443644,113031941
T0439009,112084117
T0437193,112064186
T0444461,112050039
T0452504,113090124
T0436041,112049333
T0450637,114032301
T0447680,113071069
T0446752,113072932
T0443220,112077025
T0454297,114070076
T0441577,113016843
T0436425,112005917
T0444005,113034373
T0441745,113024660
T0453280,114064165
T0440836,113004679
T0450298,113063632
T0448267,114002383
T0448869,114013654
T0451944,114880386
T0450896,114013593
T0448055,113084173
T0440238,112076664
T0438322,112068643
T0444698,113054262
T0447479,113062175
T0435059,112026152
T0438746,112073506
T0452399,114024859
T0453845,114058481
T0453079,114036764
T0446799,113056952
T0448603,113062726
T0443811,113011570
T0434943,112044324
T0435891,112049146
T0444208,113045272
T0439452,111020693
T0452963,113054120
T0449725,114880233
T0437990,112061603
T0439036,112082626
T0449173,114019487
T0439204,112027902
T0441742,112075765
T0440690,111089395
T0452355,114044419
T0436610,112049009
T0444230,113011452
T0450402,113058455
T0443829,113022817
T0446567,110090343
T0435095,112002352
T0450630,114011194
T0446755,113074143
T0453889,114041979
T0452167,114036258
T0446331,113065129
T0449379,114007304
T0443643,113015292
T0444466,113043607
T0437194,112064187
T0439832,113002297
T0441928,112082749
T0441326,113008132
T0444654,113035578
T0452731,114014084
T0436274,111091427
T0445786,113054896
T0446103,113061207
T0449977,113061622
T0443471,113016779
T0442765,113018646
T0440032,113001127
T0438128,112072386
T0453425,114057008
T0437160,112015472
T0445540,113022746
T0437352,112063463
T0436280,112053843
T0445772,113058593
T0435405,112039239
T0450092,114014712
T0448851,113084197
T0447025,113065839
T0443485,113022024
T0447819,113074921
T0440664,112064408
T0453273,114056205
T0447441,113078596
T0446593,113058517
T0435061,112048986
T0451524,113052843
T0448409,114007628
T0451716,114042672
T0454264,114072649
T0442301,112088573
T0441584,112023768
T0452193,114038404
T0437504,112880133
T0449948,112073442
T0446900,113065526
T0450865,113045284
T0441319,113008671
T0439203,111082227
T0437399,112053436
T0436845,112051452
T0444459,113014819
T0441917,113024105
T0449346,113044561
T0452964,114023085
T0439455,112069692
T0452158,114017713
T0443218,113035297
T0449722,113060587
T0434944,112039203
T0435896,112026248
T0449510,114006791
T0439667,112073701
T0445927,113068294
T0440469,112065111
T0451729,114021019
T0442930,113023180
T0448436,113080916
T0435862,112028708
T0445329,113047982
T0449180,114001917
T0442568,113007838
T0447826,113089905
T0453628,114062210
T0437963,112063286
T0435608,112042650
T0448260,113063928
T0443688,113024444
T0441122,113017280
T0436070,112057576
T0445582,113061965
T0439804,112071758
T0444450,113023464
T0446307,113063392
T0446135,113046792
T0443447,113024129
T0446909,113061900
T0441310,113010863
T0444662,112080998
T0437390,112005693
T0446551,113058621
T0450434,114034316
T0447483,113079856
T0449519,113090216
T0452363,111020912
T0436626,112031091
T0440494,113003641
T0441546,113016657
T0453083,114024834
T0436414,112032722
T0435291,112031586
T0450606,114030274
T0443211,113033181
T0435057,112037406
T0442939,113017670
T0451512,114029018
T0447477,113083068
T0442105,112061578
T0454060,114046606
T0440652,113007315
T0438748,112058927
T0441780,112043102
T0452397,114880216
T0452999,114008090
T0453077,114050605
T0437532,111077308
T0446797,113054734
T0435265,112045454
T0442337,113032227
T0454252,114055132
T0440004,113001788
T0436084,112022396
T0445576,113045516
T0438922,112056896
T0447221,113059628
T0451344,114005365
T0435601,112047730
T0443681,113018593
T0448269,114007299
T0442753,113012311
T0448867,113087986
T0447013,113003169
T0442561,113880458
T0449189,113078712
T0445744,113062634
T0444696,113051045
T0437364,112013943
T0453621,114051385
T0441579,113017959
T0438783,112041306
T0436619,112055066
T0443820,113052623
T0439235,112064424
T0450853,114030106
T0434718,111033841
T0436873,112032906
T0439007,112053725
T0438313,112076120
T0448858,114008779
T0448064,113088992
T0447810,113880520
T0448256,113080527
T0449384,114008916
T0438121,112069732
T0437955,112057084
T0437169,112031101
T0442308,113004874
T0448632,113080638
T0438545,112064483
T0445911,113069233
T0439497,112088227
T0453048,114042451
T0435068,112048982
T0435854,112001272
T0448400,114011742
T0447014,113075789
T0448860,113086879
T0435434,112017341
T0447828,113006569
T0440231,112076683
T0445743,113062629
T0444691,113880530
T0438119,112055421
T0445571,113041982
T0436083,112049332
T0437151,112064260
T0447226,113074223
T0443686,113024272
T0440467,113880263
T0445929,113068298
T0445115,113049404
T0435262,112880377
T0451727,114037690
T0447642,114000631
T0442330,112090852
T0454255,114044789
T0447470,114000576
T0442102,113027998
T0454067,114054596
T0448438,113081356
T0441787,113024451
T0438589,112072050
T0440493,112089459
T0441541,113014547
T0453084,114050606
T0435296,112006357
T0446764,113022720
T0450601,114023761
T0443216,113030645
T0443818,113034523
T0441773,113009259
T0436621,112043786
T0452364,114045215
T0448894,114004306
T0450057,114007909
T0449946,113078304
T0446132,113071422
T0442592,112090122
T0452700,114048523
T0437397,111038942
T0444665,113008673
T0437999,112068608
T0441919,113016759
T0445585,113063189
T0446300,113053605
T0443672,112021810
T0449348,113050244
T0437738,111028160
T0442901,112085675
T0451718,114015859
T0438542,112030130
T0439490,112050876
T0447219,113054641
T0435639,112044623
T0449383,114008910
T0436880,112062917
T0437952,112057079
T0440800,112076744
T0438314,111040941
T0453619,114056225
T0442559,113018605
T0451972,114028922
T0451388,114019662
T0436874,112880315
T0436048,112024206
T0439232,112068007
T0441328,113020450
T0445788,113063428
T0450068,114009815
T0451986,114033559
T0446569,112057980
T0443827,113022644
T0449521,114013935
T0434975,112022937
T0443229,113038095
T0444830,113025851
T0452169,114039232
T0453827,114061324
T0443289,113018592
T0435209,112024981
T0447629,113003832
T0449581,114017320
T0453229,115880068
T0438724,112030904
T0448037,113068046
T0451926,113089642
T0439292,112089207
T0438340,111088353
T0440854,112062290
T0438172,112062133
T0448205,113085438
T0451328,114016586
T0450800,114024427
T0446965,113049239
T0446159,113064525
T0439266,113880112
T0436820,112050481
T0438186,112071394
T0449323,114012273
T0435699,112044600
T0444058,113044579
T0444864,113026139
T0439430,112007747
T0452901,114053464
T0448695,114880326
T0439602,112081054
T0442700,112076384
T0434780,112018673
T0451317,114019046
T0435652,112024494
T0452592,114045106
T0453440,114025928
T0438971,112070083
T0437105,111056035
T0441185,113880137
T0437939,112068180
T0437337,112063354
T0440265,112053583
T0448008,114001831
T0435460,112039511
T0446192,113060230
T0451125,114036087
T0453216,114054911
T0445373,113036761
T0436681,112055204
T0440601,112088119
T0443084,113035296
T0454033,114056209
T0447424,113079491
T0442364,112084365
T0451773,113086587
T0437561,112062340
T0445387,112012748
T0436675,112035083
T0443242,113026354
T0451787,114054129
T0450655,114002077
T0436447,112036683
T0452102,113023133
T0445989,113068536
T0441515,113018082
T0443626,113028691
T0447286,113050242
T0436023,112041077
T0452566,113088836
T0444403,113049485
T0452754,114048216
T0444631,113057234
T0453686,114048154
T0439259,112080720
T0450003,114019884
T0446166,113048559
T0449912,113082870
T0434926,112041183
T0452308,114046489
T0439605,112084425
T0452906,114031831
T0439437,112037400
T0448692,114008120
T0439053,112032985
T0438181,112068805
T0449324,114013239
T0450807,114024425
T0439261,112083930
T0441981,113020252
T0438949,112083427
T0440853,113005491
T0438175,112026122
T0448202,114009681
T0448030,113059207
T0447078,113081600
T0435458,112006378
T0452798,114001258
T0439295,112089208
T0438347,112033379
T0449586,114880351
T0451579,114027964
T0444299,113880439
T0438723,111089764
T0440639,112088893
T0437559,112052436
T0444897,113056569
T0438511,112076974
T0448666,112005980
T0450699,113070236
T0440296,112024371
T0450838,114024424
T0450004,114020127
T0449915,114018206
T0446161,112006176
T0435493,112024139
T0443621,113024567
T0447281,113081097
T0436024,112029049
T0444404,112051740
T0438982,111031137
T0441176,112089619
T0442397,113012408
T0443245,113038018
T0446737,113079134
T0451780,114032105
T0450652,114023756
T0436672,112029264
T0445380,113064662
T0452337,114031488
T0443077,111064541
T0442999,113012846
T0442363,113002504
T0448659,113089083
T0454206,114015760
T0437566,112016755
T0440434,112027284
T0445374,113043080
T0440606,113000247
T0442151,113022929
T0454034,114056213
T0451546,114018919
T0435003,112036132
T0450494,111050166
T0445710,113052655
T0437330,112055173
T0440262,112053121
T0438378,112062607
T0447047,113059945
T0446195,113069152
T0434787,112020865
T0435655,110043950
T0451310,114016063
T0438976,112080579
T0453447,114040083
T0440050,112052698
T0449312,114006985
T0443628,113041329
T0447288,112880498
T0439859,112085588
T0439065,112072326
T0436811,111075593
T0438385,111004389
T0439257,112069896
T0447886,114000757
T0450831,114006016
T0446168,113064708
T0445389,113027777
T0439633,112084464
T0448496,110030467
T0451789,114046212
T0445987,113067639
T0444855,113053856
T0453218,113086090
T0448462,113071002
T0442964,113880084
T0448650,113089076
T0449782,114001984
T0435238,112024970
T0453816,114027176
T0451319,112075818
T0440865,113000094
T0437937,112062908
T0437339,111053477
T0445719,113065348
T0448006,114001827
T0436476,112053997
T0444056,113049945
T0450664,114025449
T0446701,113040708
T0442193,113012384
T0436644,112059482
T0452301,114037764
T0444264,113050594
T0437796,112018686
T0446157,113068425
T0450032,114006550
T0452765,114048159
T0439268,112074418
T0444432,113047395
T0452557,112082806
T0439866,112067418
T0436012,112033375
T0438188,112039648
T0446365,112880455
T0435697,112013082
T0450200,114020544
T0434745,112026281
T0442503,113028455
T0451928,114009995
T0448039,113068048
T0435451,112035904
T0445726,113065349
T0452791,114051234
T0441386,113010947
T0439892,112088025
T0445514,113049553
T0437908,112062039
T0440066,113007710
T0435663,112048176
T0451326,114016579
T0447243,113082025
T0453015,114054570
T0440402,112090529
T0438518,112075068
T0453829,114063936
T0454230,114068341
T0442355,113001683
T0435207,112024964
T0454002,114059914
T0442167,112053315
T0435809,112030912
T0447415,113068951
T0451570,113042092
T0435035,112040155
T0445342,110078144
T0453227,114049789
T0444290,112025166
T0437762,112051695
T0448001,113081958
T0435469,112035789
T0447049,113075701
T0442709,112090482
T0434789,111018939
T0438978,112081913
T0438144,112054913
T0437930,112070916
T0439096,112068740
T0448657,113089081
T0453811,114027158
T0436688,112011209
T0440608,111091266
T0448465,113056456
T0435831,112053585
T0451548,114032270
T0449771,114018568
T0442399,113014902
T0439406,112036341
T0443079,112056114
T0442997,113022387
T0438382,112066932
T0439250,112008236
T0449127,113087630
T0450836,114025933
T0450238,113009788
T0440896,113880216
T0436816,112044490
T0454005,114057327
T0449588,114017803
T0445345,113052825
T0437765,112051836
T0444297,113049287
T0453220,114055818
T0440637,111062083
T0453012,114054792
T0440405,113004227
T0444899,112041493
T0454237,114069153
T0443280,113005222
T0442352,113028599
T0447620,113081088
T0450697,114880406
T0438947,112081866
T0437133,112031737
T0445513,113035569
T0439895,113880226
T0442736,113029432
T0435664,112048403
T0446396,113040965
T0435456,112001048
T0448802,114011095
T0437301,112059946
T0452796,114045685
T0438349,110071442
T0440253,113005555
T0444435,113047399
T0452550,113088835
T0443610,112065501
T0446362,113032585
T0434742,110880608
T0449118,113085987
T0443422,113047017
T0446150,113065401
T0447082,113039141
T0434928,111093323
T0442194,113028555
T0450451,113052037
T0452306,114880573
T0436643,112044018
T0437791,112051050
T0441711,113019204
T0445183,113037018
T0436471,112053664
T0452134,114020607
T0444051,112086745
T0452908,114051841
T0439439,112080024
T0450663,114024660
T0446706,113066520
T0443908,113045046
T0450523,113084779
T0443134,112078554
T0441663,113015979
T0439779,112081804
T0452274,114023234
T0438499,112073306
T0452046,114021188
T0436503,111066218
T0446674,114880050
T0437889,112050952
T0439913,112071462
T0445495,113050759
T0449258,113045896
T0451095,114020087
T0443550,113034205
T0441207,113020652
T0437287,112059943
T0452610,114042872
T0438009,113880095
T0440113,113004437
T0437041,112016930
T0453504,113081581
T0445461,113041552
T0435716,112045441
T0451253,114028156
T0447336,113064406
T0451061,114028077
T0440321,112078249
T0437273,112048192
T0444781,111017968
T0445653,113051666
T0451405,114008630
T0441697,113016863
T0452280,114880010
T0437617,112066961
T0445839,113054706
T0440577,113004943
T0445005,112025425
T0437425,112064772
T0453160,114040343
T0446680,113070987
T0451637,114035880
T0442220,113023830
T0439322,112076371
T0445698,113056694
T0449869,113074043
T0451896,111066392
T0449267,113084896
T0439110,112067326
T0441836,113019079
T0447799,113090224
T0443339,113017218
T0449603,114010019
T0439574,112088177
T0444920,113039908
T0453997,113051674
T0452079,114031070
T0439746,112052915
T0434865,112040615
T0451608,114035206
T0448725,114003664
T0439580,112090010
T0440548,113006642
T0453963,114050695
T0438452,111056495
T0438660,112072469
T0434891,112031093
T0454148,114059614
T0448517,113059332
T0438204,111072859
T0451862,114043239
T0448173,114005864
T0435729,112023938
T0447309,113880390
T0438036,112055949
T0436990,112048970
T0440910,113001476
T0452889,114051851
T0440570,113001502
T0453167,114055827
T0447755,113036424
T0435375,112023029
T0447567,111037333
T0451402,114031208
T0454170,114055001
T0442015,112084807
T0452287,114034223
T0445230,113062947
T0435523,112045536
T0448977,114007852
T0447103,113078647
T0449099,114005606
T0450988,114039008
T0440326,112055982
T0444786,113045755
T0440928,111066284
T0437046,112049108
T0436194,112029569
T0445466,113034051
T0435711,112051858
T0447331,113007291
T0443791,112047512
T0446025,113050882
T0437280,112060410
T0452617,114044152
T0439128,112073848
T0444540,111090049
T0445492,113070437
T0439914,112047562
T0446217,113059049
T0450372,114017660
T0443765,113037749
T0441456,113002912
T0440584,111094675
T0444918,113001285
T0453193,113086461
T0444124,113049032
T0450716,114017507
T0446673,113076595
T0435381,112021836
T0450524,113018550
T0447593,113041716
T0443133,111028984
T0454184,114059923
T0441664,112065866
T0452273,114041745
T0448346,113084666
T0438031,112038853
T0437845,112066363
T0445459,113061897
T0436399,112033313
T0451059,114036106
T0448948,113086891
T0448174,113087030
T0447900,113058322
T0434896,112031113
T0435944,112033843
T0445801,113055965
T0439587,113004242
T0438455,112043866
T0439741,111082225
T0438693,112061714
T0444329,114880012
T0441469,113021902
T0452842,113045173
T0442688,112069797
T0449260,113052025
T0436963,112014874
T0441831,112086321
T0439325,112011114
T0452628,114045059
T0446826,112064150
T0448180,114003491
T0450943,114017082
T0440310,113011333
T0436390,112028080
T0445662,113061343
T0450182,114025970
T0447135,113080027
T0449893,112060226
T0447909,113084021
T0442675,113880064
T0438038,112052191
T0453535,114043408
T0437070,112050648
T0447763,113087116
T0442211,113026200
T0440546,112079161
T0445808,113023298
T0453151,114056402
T0445034,113042378
T0452083,114046669
T0440774,112089540
T0437626,112014320
T0445206,113052001
T0446483,113055163
T0435171,110054923
T0451434,114028542
T0447551,111073211
T0442023,112014028
T0452077,113073772
T0439748,112083600
T0444320,112021369
T0446477,113037439
T0443939,113034104
T0444744,113037230
T0450176,114017125
T0446013,113047824
T0449867,114020961
T0446221,113040884
T0443753,112028566
T0441004,113005020
T0441838,113000223
T0442820,113031193
T0454179,114059660
T0438651,112072352
T0441699,113018915
T0437619,112067117
T0445239,113059666
T0438463,112065470
T0445837,113065485
T0451639,114037678
T0448714,113087171
T0438007,112048737
T0437873,112067919
T0440921,113010207
T0447338,113088596
T0435718,112045443
T0448370,113071689
T0449090,114005024
T0442478,111057643
T0438235,112074861
T0453738,114041414
T0437887,112062809
T0436169,112031655
T0448384,113087423
T0449256,114002050
T0450975,114030089
T0446810,113070991
T0449064,113047634
T0441209,113020654
T0439313,111082126
T0437289,112055614
T0435986,112037413
T0452874,114054439
T0435388,111085782
T0443308,113025366
T0450343,114022977
T0451291,114021879
T0442686,111085103
T0441003,112069829
T0439119,112057388
T0439925,112063316
T0444571,113057313
T0441231,111084898
T0452626,114043741
T0444743,113037228
T0443566,112079477
T0446828,113076937
T0440787,112063705
T0441655,113019728
T0444327,113034610
T0436707,112032682
T0446470,112022024
T0443102,113041734
T0450727,112063628
T0444929,113050508
T0441467,113002586
T0452070,113071807
T0436535,112008464
T0438669,112079452
T0437621,112067242
T0451433,114006861
T0446484,113060171
T0442024,112017107
T0454141,114027472
T0437413,112056514
T0452084,114047970
T0445033,113022108
T0447300,113082169
T0435720,112045444
T0448348,113058070
T0442672,113022977
T0436999,112044404
T0445457,113051890
T0437077,112036633
T0444585,113049623
T0453532,114013514
T0440317,113009419
T0445665,113062122
T0437245,112048789
T0447132,113076983
T0448946,113086894
T0450185,114026497
T0451057,114024932
T0435512,112004585
T0444916,111058115
T0438490,109053049
T0439542,112087385
T0452873,113042755
T0450718,113051190
T0449635,113047565
T0435981,112032894
T0444318,113048143
T0439314,112024090
T0452619,114045433
T0439126,112070592
T0437880,112064644
T0446219,113066248
T0450986,114034440
T0449097,113078841
T0451854,114042126
T0440328,112076901
T0437048,112044726
T0440926,113005340
T0452887,114044767
T0445830,113051706
T0442229,113013388
T0448713,113087299
T0435149,112011873
T0435975,112021482
T0448521,113069224
T0439724,113000803
T0448581,114880359
T0442887,113019847
T0443955,113044980
T0449661,113089573
T0445890,111066307
T0450328,114027130
T0441854,113012821
T0439172,112049044
T0436308,112042395
T0440388,112037967
T0450926,114009584
T0447991,113059949
T0449037,114011188
T0440972,113023744
T0437820,112065151
T0448111,114002976
T0451800,112079678
T0447159,113082809
T0435579,112036260
T0436798,112055919
T0435921,110089154
T0451458,114027984
T0449695,114022204
T0448747,113073024
T0437478,112017833
T0453901,114055287
T0438430,112076537
T0445864,113065645
T0450919,112087428
T0449008,114003647
T0446040,113055265
T0452672,114048342
T0444717,113034802
T0441265,113013529
T0436105,112057368
T0452440,114036404
T0453592,114029392
T0444525,113050132
T0436939,112047216
T0443700,113007015
T0450317,114020674
T0446272,113060544
T0445093,113880464
T0436561,112060158
T0441433,113000021
T0452818,114040633
T0443364,113026781
T0442084,113022334
T0443156,113037994
T0434838,112049212
T0446424,113077493
T0452216,114013252
T0436753,112030720
T0441601,113015992
T0453102,114055402
T0436595,112037669
T0440515,112040124
T0444989,113880421
T0448778,114002435
T0443390,113006217
T0451655,113006894
T0447730,113030885
T0450787,114020019
T0449498,114001675
T0442070,113880401
T0454115,114880391
T0451467,113090158
T0445255,113016656
T0440727,112077593
T0446888,113069286
T0442414,113018973
T0448912,113088891
T0447166,114880071
T0435546,112045605
T0451003,114033586
T0452686,114050792
T0437211,112058724
T0453754,114041421
T0445403,113053795
T0438857,111070892
T0442626,112065768
T0451231,114024705
T0435774,112009666
T0446286,113074827
T0448740,114003822
T0435328,112028047
T0447708,113029585
T0445863,113065762
T0442048,113020316
T0437229,112047925
T0448116,113055535
T0448324,113084776
T0437827,112065546
T0438053,112057286
T0453798,113041184
T0450921,113066667
T0449030,114010232
T0447398,112005635
T0441853,113021938
T0439949,112089775
T0439175,112049131
T0436901,112029020
T0451699,114030683
T0436559,112052666
T0439511,112082008
T0445897,112063364
T0441639,112078224
T0439723,113000794
T0449454,114001855
T0434800,112017404
T0443952,113012556
T0450579,114014407
T0439982,112077466
T0440176,112080704
T0442621,113020371
T0446281,113068172
T0451236,114018368
T0448129,113051708
T0442413,113018971
T0451838,114023057
T0435541,112044100
T0452681,114045088
T0441296,112090554
T0442077,113017346
T0435125,112046992
T0453337,113000023
T0437672,112051175
T0453105,114056182
T0436592,112060427
T0445060,113880525
T0438408,112066926
T0453939,114061657
T0450780,114028557
T0443151,113035553
T0451494,113082908
T0444374,113040982
T0436754,112039116
T0441606,112089502
T0452023,114045850
T0436566,112047778
T0445094,113031749
T0441434,113005180
T0443363,112090147
T0450774,112091238
T0439976,112073342
T0444522,114880036
T0441050,113004345
T0440182,113001588
T0443707,112036167
T0450310,113086563
T0446275,113068166
T0447195,113072584
T0446047,113072401
T0436330,112048959
T0452675,114024201
T0444710,113058858
T0441262,113010678
T0448120,113084329
T0435548,112041536
T0447168,112006831
T0438257,112068768
T0439385,112079962
T0438859,112076084
T0440943,112033739
T0441891,112880099
T0442628,113018500
T0448312,114004097
T0446288,113068061
T0445069,113056678
T0437449,112067421
T0453930,114880473
T0438401,112061994
T0448776,114010701
T0448544,113044822
T0435910,112048627
T0443990,113029285
T0442842,113003671
T0444389,111880092
T0438633,112066207
T0452816,114033308
T0443158,113029114
T0452218,114025914
T0439715,112063482
T0449006,113088886
T0446872,113032047
T0450917,113066668
T0444719,113035669
T0436339,112051976
T0439371,112060720
T0438091,112070272
T0441059,112090970
T0436937,112039903
T0436796,112054946
T0453301,114053372
T0454124,114047126
T0451456,114012296
T0435113,111076128
T0442273,113022668
T0447701,112880424
T0437476,112067655
T0453133,114049870
T0442617,113027996
T0447365,113071955
T0453557,114032540
T0445432,113030567
T0440140,112053622
T0437220,112028089
T0440372,112078385
T0442425,113016238
T0451032,113086899
T0446085,113016126
T0435577,112047045
T0447157,113082806
T0448923,113076497
T0450326,114023214
T0447391,113880454
T0440988,112028844
T0438892,112066818
T0452471,114047361
T0436134,112013069
T0436908,112033029
T0453791,114063506
T0444726,113048510
T0436306,112037856
T0450928,114018834
T0449805,114019082
T0446071,113040200
T0435583,112047729
T0450114,114012445
T0452227,113061500
T0441630,113021445
T0434809,111059782
T0443167,113017205
T0450570,114028267
T0443355,111065337
T0442287,113022965
T0450742,114023359
T0446627,113058475
T0451690,114042195
T0436550,112056907
T0444170,113043958
T0452829,114034098
T0452449,114032693
T0439978,112057279
T0441862,113017566
T0439144,112880230
T0443709,113030384
T0446875,113059341
T0434831,112015654
T0449465,114019142
T0450548,113077110
T0441608,113007274
T0436568,112029373
T0444974,113032687
T0448543,113001593
T0442079,113019054
T0449491,114006527
T0453339,113000027
T0453937,114063470
T0448771,112077577
T0441896,113018429
T0448315,114880205
T0446881,113011067
T0448127,114002412
T0439382,112069698
T0443352,113018925
T0449668,114022311
T0446620,113030984
T0436557,112037695
T0445899,114880159
T0441405,113020104
T0452220,114019283
T0441637,113013236
T0450577,113067987
T0444721,113007904
T0436301,112032347
T0440381,113002725
T0441253,112060533
T0443504,113041553
T0447998,113073173
T0446076,113074160
T0450113,114008959
T0446244,111041560
T0444513,111077395
T0439947,112084234
T0441061,113016839
T0437227,112027611
T0453762,114029432
T0451809,114044797
T0442422,113019011
T0435570,112023339
T0448924,113078435
T0447150,113086576
T0442610,113010395
T0447362,113071900
T0453550,114052948
T0438861,112077198
T0445435,113033471
T0441095,112078022
T0447706,113086900
T0435326,112021593
T0453134,114049871
T0437471,112057429
T0444183,113002218
T0438439,112072231
T0453908,113051870
T0440523,112081347
T0436791,112058820
T0453306,114059445
T0443194,113032185
T0442046,113019928
T0447534,113082880
T0435114,111078188
T0442217,113015875
T0451600,114880631
T0435345,111071121
T0453157,109091496
T0452085,114029096
T0439588,112088156
T0437620,112067119
T0440772,113008964
T0454140,114027471
T0446485,113062999
T0451432,114006860
T0442819,113029433
T0447557,113051551
T0445664,113051667
T0436396,112033304
T0437244,112061114
T0453701,114072631
T0448947,113086893
T0450184,114018101
T0442673,113023604
T0447301,113082171
T0435721,112045446
T0453533,114043409
T0444584,113033694
T0436998,112021327
T0440124,112080316
T0445690,113069899
T0441230,112087330
T0443567,112079480
T0446829,112051418
T0450170,114018905
T0449861,113089440
T0442687,112057310
T0451290,113055139
T0439924,113003866
T0444570,113056411
T0441002,113008408
T0446643,111067949
T0447791,113063195
T0436534,112004035
T0444326,113033965
T0453391,114044101
T0452243,114027683
T0436706,112026220
T0449439,114021388
T0435183,112880580
T0437049,112062655
T0437875,112062040
T0449096,111090559
T0451855,113033577
T0448978,114001840
T0451069,114013219
T0438233,112071953
T0448520,113059338
T0435148,112036149
T0447568,113082737
T0452288,114047467
T0439785,110076849
T0453168,114053414
T0445831,113057735
T0442228,113880446
T0448712,113069700
T0444319,113017351
T0439771,111047033
T0438491,112072091
T0452872,114042788
T0439127,112071383
T0437881,112065500
T0446218,113040882
T0450973,114018327
T0446816,113033146
T0449062,114014884
T0452618,114045432
T0444321,112021375
T0436701,111048472
T0440781,113007650
T0443104,113003069
T0446476,113012530
T0443336,113034445
T0446644,111067959
T0441461,112000473
T0449268,113084897
T0450345,114010528
T0441839,113012811
T0436365,112054965
T0445697,113056691
T0452620,113050644
T0444745,113037616
T0441237,112083385
T0449866,114020960
T0446012,113047823
T0442674,113880062
T0447306,111048108
T0445451,112071611
T0437071,112054030
T0438805,112082566
T0438039,111079728
T0445663,113069652
T0437243,112044557
T0440311,113009237
T0447908,114001203
T0443594,113037322
T0450183,114007446
T0448940,113089929
T0445207,113048564
T0440775,113010360
T0454147,114055072
T0448518,113027049
T0446482,113051460
T0435170,111090379
T0447550,114004679
T0442210,113024920
T0435342,112032117
T0451607,114037641
T0437415,112066121
T0453150,114037340
T0445035,113043452
T0441495,111000790
T0445809,113044881
T0449065,113047635
T0449859,113038069
T0437288,112055613
T0439312,112090328
T0436168,112030660
T0439120,112059921
T0437886,112050376
T0449257,114011839
T0452049,114036517
T0444910,113026029
T0443309,113025543
T0435389,111070733
T0449401,113054581
T0435987,112046123
T0446449,112070966
T0439776,112083051
T0438462,112062550
T0440578,113005363
T0445836,113054367
T0454178,114059659
T0445238,113048177
T0441698,113017066
T0439782,112088855
T0450980,114034308
T0442479,113019009
T0453739,114068832
T0438234,112074853
T0440920,113010185
T0438006,112023679
T0447339,113071039
T0439915,112060483
T0452424,112025266
T0445493,113050030
T0439129,112073905
T0450373,114009286
T0442484,113027040
T0443556,113040702
T0449850,114018173
T0451093,114013272
T0450141,114018079
T0436353,112041545
T0441201,113007028
T0454185,114072137
T0447592,106062746
T0450525,113084780
T0436737,112054062
T0444317,113051135
T0441665,112084461
T0436505,112018880
T0444125,113016723
T0453192,114038638
T0444919,113037136
T0440585,111094677
T0443300,112056709
T0446672,113073855
T0454171,114055003
T0447566,113082735
T0451403,114029378
T0445231,113060758
T0452286,112052516
T0441691,112086437
T0438659,110059263
T0445003,112089090
T0440571,113001507
T0447754,112089470
T0446686,113076534
T0435374,111079960
T0451631,113045698
T0437047,112061901
T0440929,112076781
T0440115,113007614
T0443790,111064417
T0451255,114028615
T0450387,114006911
T0449098,113078842
T0451067,114012619
T0435522,112025080
T0448976,114008064
T0444787,113050123
T0440327,113003095
T0449605,114017093
T0441468,113012593
T0439572,112013739
T0444926,113042140
T0453991,114057325
T0436708,112032684
T0444328,113031423
T0439740,113007262
T0440788,112082554
T0449437,114020001
T0443931,113044821
T0449053,113041746
T0443569,113045525
T0450942,114880407
T0449261,113057718
T0442689,113003850
T0446229,114880119
T0441830,112036806
T0436962,112014873
T0436398,112033309
T0440318,113003700
T0447901,113058673
T0448175,114003200
T0449295,114011164
T0448347,113020787
T0440916,113009957
T0445458,113019206
T0437844,112066362
T0438030,112059718
T0436996,112064937
T0448723,114002569
T0453159,114055390
T0439586,112088154
T0445800,113056102
T0453965,114054097
T0438454,112043865
T0435945,112035945
T0447559,113073977
T0435179,111077714
T0442477,111057852
T0435525,111093732
T0447105,113078736
T0437272,112064729
T0444780,111017967
T0453737,114047682
T0440320,112078247
T0438834,111022545
T0440112,113002025
T0443797,113074288
T0451252,114028071
T0447337,113088527
T0450380,114023051
T0437424,111085097
T0445838,113054406
T0451636,114035646
T0446681,113077423
T0447561,113072308
T0435141,112021359
T0452281,113034250
T0445236,113029545
T0441696,113014112
T0440744,112076304
T0436502,112040132
T0453195,114059071
T0444122,113010139
T0438498,111061475
T0443307,113025365
T0435387,111070822
T0443135,113012256
T0452275,114041747
T0444310,113002262
T0441662,113008712
T0442483,113027033
T0443551,113034206
T0446023,113050384
T0451094,114018301
T0448985,114006779
T0450146,113083241
T0437286,112046405
T0452611,114042876
T0436354,112052105
T0441206,113020651
T0444546,112065979
T0452423,114044438
T0439912,113002708
T0437888,112063377
T0449259,113048229
T0443763,113037486
T0450374,114018183
T0435942,112019191
T0448724,114880348
T0451609,114880231
T0445807,112040199
T0439581,112090012
T0453962,114050694
T0449292,113070289
T0448340,113088908
T0435728,112023937
T0447308,113880128
T0440911,113006261
T0438037,112012177
T0437843,112066360
T0436991,112007784
T0438205,111072862
T0451863,114043243
T0447906,114001521
T0449266,113084160
T0444579,112014915
T0441837,113012540
T0436965,112014875
T0439111,112062126
T0445699,113055241
T0439323,112076616
T0450945,114037082
T0448186,113076217
T0449868,114020962
T0450179,114025945
T0439747,112083599
T0434864,112038828
T0449430,114001576
T0443936,112088885
T0446478,113037440
T0443338,113017217
T0449602,114010018
T0447798,113062165
T0452844,114054005
T0445853,112064661
T0453936,114062002
T0443996,113030963
T0442844,113025584
T0448542,113016726
T0449490,114028130
T0435916,112046995
T0438635,112066208
T0453338,113000025
T0446880,113011066
T0447952,113084019
T0448126,113051709
T0438251,112059448
T0439383,112058759
T0441299,113010509
T0440179,112084114
T0449000,113088115
T0438097,112068253
T0439145,112069897
T0439979,112046762
T0441863,113023501
T0435788,112041258
T0449232,113088495
T0452810,114043661
T0444975,113032689
T0444149,113036900
T0449464,114008845
T0441609,113012850
T0451206,114024704
T0442611,113010397
T0437828,112065547
T0453551,114057002
T0453763,114021974
T0437226,112026354
T0451034,113055142
T0446083,113060755
T0447151,113059908
T0448925,114005817
T0451808,114042892
T0442423,113026601
T0448119,113084328
T0436790,112057045
T0447535,113082881
T0451450,113083415
T0435115,112010258
T0454122,114040302
T0443195,113041315
T0442047,113027316
T0435929,112880239
T0435327,112013537
T0438438,112071992
T0440522,112056136
T0437470,112046758
T0445296,113061855
T0452221,114010636
T0444344,113026897
T0448589,114008676
T0450744,114023034
T0446621,113084526
T0443353,113018926
T0449669,114022312
T0442281,112084512
T0445898,113022686
T0436556,112033777
T0437484,112064918
T0444176,113045221
T0446245,111041561
T0447397,111026091
T0439946,112084232
T0452477,114047314
T0436132,111081922
T0440380,113002724
T0439348,112050729
T0444720,113049646
T0436300,113880016
T0446077,113074161
T0450112,114007644
T0447999,113041041
T0443965,113045655
T0443159,113029115
T0434837,112030980
T0449651,113027984
T0436936,112036636
T0441058,112041498
T0441864,113023503
T0450318,114013812
T0449007,114014040
T0444718,113035668
T0436338,112051546
T0437810,112059725
T0438858,112076083
T0441890,112082294
T0442629,113023767
T0448313,113072238
T0447169,113086767
T0446887,113066642
T0451830,113045885
T0447955,113053028
T0452689,114057439
T0451468,114027928
T0435911,112035604
T0449497,114001678
T0440728,112077594
T0444388,113051236
T0445854,114880175
T0453931,114051361
T0444986,113058629
T0445068,113041469
T0448777,114010702
T0440387,112037965
T0444727,113052400
T0453790,114056558
T0452642,115880022
T0446070,113035535
T0435582,112047727
T0450115,114012447
T0450327,114023216
T0440989,112054877
T0438893,112067351
T0439941,112089923
T0450743,113083887
T0446626,113054602
T0443354,113018927
T0452828,114880553
T0436551,112050491
T0452014,114004087
T0452226,114043569
T0436763,112029794
T0445291,113009563
T0446414,113064974
T0443166,113037660
T0447700,112880422
T0448748,113041039
T0440525,112040123
T0444185,113022255
T0437477,112070146
T0436797,112055650
T0450585,114025302
T0447532,113082647
T0435112,112046905
T0454125,114041014
T0440373,112078386
T0451033,113040581
T0448922,113073748
T0447156,113082812
T0442424,113015260
T0451201,114022329
T0435744,112045769
T0447364,113063418
T0440141,112061317
T0439189,112076298
T0447399,112083421
T0436900,112026241
T0439174,112074832
T0439948,112088121
T0452479,114047315
T0439346,113004424
T0438294,112065302
T0446079,113013800
T0449031,114012284
T0441638,113014113
T0439722,113000544
T0443953,113044979
T0450578,114013841
T0448587,114010630
T0451698,114015909
T0449667,114019831
T0445896,113046205
T0452821,113084391
T0439510,112082007
T0444178,113047274
T0436558,112049033
T0438604,113880121
T0442049,112044071
T0448573,114001700
T0447709,113076944
T0453907,114054390
T0445862,112077011
T0440148,113002978
T0437228,112043451
T0448117,113059751
T0451806,114025109
T0436567,112036178
T0445095,113002932
T0450775,113052425
T0443362,112086796
T0446422,113077452
T0451495,114028539
T0450547,114014420
T0442082,113020359
T0443150,112086294
T0444375,113041899
T0452210,113053981
T0449832,114011249
T0441263,113010708
T0452674,114048361
T0441051,112071186
T0438099,112068669
T0436103,112030373
T0439977,112077455
T0447160,113082810
T0435540,112042810
T0448128,114002413
T0451839,114046137
T0441297,112022174
T0452680,114044038
T0445637,113024945
T0453752,114039033
T0437819,112064990
T0445405,113053794
T0437025,112057895
T0447352,113000563
T0451237,114018396
T0446280,113068171
T0435772,112009665
T0442620,113020370
T0440513,112076100
T0453938,114058387
T0453104,114034246
T0437441,113880082
T0436593,112060481
T0445061,113030325
T0435316,112880379
T0447736,113070753
T0450781,114034311
T0442244,112080398
T0435124,112046928
T0447504,113060887
T0442076,113001346
T0444381,113048502
T0453336,115880026
T0445253,113022375
T0447158,113082815
T0447964,113072847
T0448110,113086924
T0448322,113076506
T0442618,113033036
T0437821,112065177
T0448746,113031988
T0445865,111083399
T0437479,112018518
T0445059,113058864
T0440719,112084310
T0438603,112046170
T0436799,112038475
T0435920,112049890
T0448574,113043008
T0442288,112072695
T0452826,114012316
T0445891,111066308
T0452228,114043566
T0434806,111092903
T0443168,113017917
T0448580,114880361
T0440389,112072649
T0444729,113054671
T0447990,114000977
T0450927,114036426
T0449036,114012633
T0446842,112031857
T0439173,112055239
T0436907,112032083
T0441855,113022793
T0451466,113090154
T0449499,114009535
T0437674,112048193
T0445254,113066072
T0440514,112080835
T0437446,112067677
T0453103,114058684
T0445066,113053641
T0436594,112060482
T0451654,114041240
T0450786,114033993
T0447731,113064807
T0439984,112089288
T0438856,112067767
T0447355,113001552
T0447167,112006833
T0448913,114000687
T0451002,114029125
T0442415,113018974
T0439970,112084983
T0436104,112030374
T0444524,113041486
T0453593,114067405
T0450316,114011184
T0435781,111880378
T0446273,113060545
T0443701,113033156
T0447193,113072583
T0450124,113076127
T0449835,113030423
T0446041,109074149
T0443533,112073199
T0450918,113022921
T0449009,114014059
T0436336,112049577
T0444716,113026556
T0451492,114018129
T0446425,112063137
T0442085,113006051
T0434839,112049208
T0443157,113037661
T0437680,112042862
T0444372,113026843
T0452819,114017361
T0436560,112052667
T0446617,113028744
T0450772,114032174
T0443365,112090148
T0446097,113034970
T0447145,113082804
T0442437,113027671
T0447979,114001054
T0440152,112077513
T0441080,113014508
T0438874,112065577
T0453545,114065587
T0437000,112061262
T0445420,113059846
T0451212,114033695
T0447377,113072032
T0442605,113033669
T0440536,113005669
T0445044,113019811
T0453121,114045104
T0437464,112050216
T0447713,114880193
T0451676,113008793
T0449689,114015659
T0435101,112024380
T0451444,114033687
T0443181,113036570
T0448569,114880024
T0454136,114005686
T0442053,113027493
T0440704,113007013
T0445276,113056051
T0437656,111060354
T0436542,112054351
T0437490,112000270
T0446635,113062464
T0443347,113043552
T0450562,114003729
T0443949,113012554
T0446407,112051966
T0443175,113024996
T0439738,112064136
T0441622,113021778
T0452235,114043578
T0450106,114024414
T0453783,114056342
T0452651,114034962
T0439952,112041502
T0452463,114043764
T0449219,114008983
T0438621,112069490
T0445249,113061828
T0443982,113047810
T0448556,114880122
T0449484,114011550
T0451649,112077919
T0445847,113039246
T0438413,112070711
T0440509,112056602
T0444995,113880552
T0436589,112880500
T0435768,112043444
T0438077,112012343
T0437803,112054583
T0440951,113012011
T0441883,113024644
T0439999,110012734
T0438245,112070680
T0446894,113061899
T0442408,112089136
T0448132,113082174
T0447946,113067112
T0440199,113007537
T0439151,112069016
T0444539,113021727
T0441877,113012552
T0450139,114017667
T0446860,113076453
T0449014,114010584
T0446438,113073959
T0434824,112012759
T0443378,113037962
T0449642,114020580
T0439535,112019299
T0444961,113050301
T0441073,113010681
T0438887,112066816
T0452464,114028384
T0436121,112031787
T0446858,113072344
T0453784,114056406
T0444733,113025036
T0452656,114034959
T0450565,114003732
T0443172,113023318
T0449448,114017851
T0436777,112060975
T0452232,114047311
T0441417,113012506
T0444959,113050302
T0452000,114036763
T0436545,112054354
T0446632,113064801
T0447526,113070609
T0442868,113030685
T0435106,112033215
T0454131,114073424
T0443186,113036629
T0438619,112069487
T0436783,112022294
T0437651,112066837
T0437463,112048873
T0444191,113030275
T0447714,112086320
T0440155,113001187
T0441087,113010680
T0453542,114043645
T0438873,112065572
T0440969,113012314
T0445427,111066112
T0435750,111035877
T0451215,113044800
T0442602,113010880
T0448338,113087997
T0451027,114014213
T0446090,113056664
T0448936,113083015
T0442430,113015180
T0440367,113005246
T0448797,114000362
T0452803,114051346
T0439700,113003665
T0436748,112047500
T0443971,113043157
T0451488,114040075
T0449477,114002558
T0449013,114001705
T0446867,113083212
T0443529,112085566
T0446269,113060173
T0436922,112058806
T0440358,112079532
T0446893,113057729
T0447941,113080178
T0448307,114001752
T0437804,112056222
T0438070,112069088
T0440956,112054878
T0441884,113001041
T0442259,113011990
T0445840,113069685
T0453925,114058385
T0438626,112072484
T0447519,113086596
T0443985,113880342
T0442857,113021859
T0435139,112020681
T0435905,111089950
T0441613,112083826
T0451481,113020538
T0443978,113045833
T0443144,113036829
T0446604,113063116
T0444153,113049165
T0452036,114041750
T0445081,113039994
T0450305,113079910
T0435792,112047720
T0443712,113041083
T0449228,113072176
T0441879,113033599
T0439963,112077953
T0444537,113054546
T0436325,112026470
T0452660,114034958
T0444705,113058241
T0447180,113051133
T0450137,114023364
T0447346,113080783
T0435766,112032544
T0446294,113036866
T0442634,113039261
T0438079,112057800
T0439997,112088202
T0437031,112066938
T0438845,112065387
T0453574,114064256
T0441283,113014033
T0440351,112083210
T0445623,113048499
T0447174,113043773
T0451011,114023681
T0447948,113089697
T0442406,112089135
T0453322,114053368
T0437667,112057915
T0444395,113040565
T0445247,113067686
T0447510,113074437
T0442062,113020206
T0448558,113064513
T0435302,112029715
T0451647,112077917
T0450795,114022031
T0443382,113039237
T0440507,113005089
T0437455,111880676
T0445075,113054254
T0436587,112050873
T0450934,113069836
T0449025,114005758
T0446851,113051553
T0438280,112065100
T0436128,112053526
T0440994,113021652
T0452835,114038108
T0439504,112071029
T0445882,113046537
T0452009,113019304
T0449673,113059852
T0443349,113880330
T0442895,113027301
T0443947,113012553
T0434815,112034781
T0439736,112078210
T0440538,112080802
T0453913,114025811
T0445876,113066048
T0451678,114014673
T0449687,114015013
T0448567,113064340
T0437658,111086199
T0445278,113880333
T0447977,113087087
T0442439,113880098
T0451812,114005919
T0438274,111085465
T0453779,114056183
T0439194,112073287
T0437832,112037111
T0438046,112063642
T0452499,114018413
T0447379,113072146
T0451640,114036835
T0447725,113077917
T0442257,113005835
T0443385,113039241
T0440500,113013727
T0453117,114031774
T0437452,111077986
T0436580,111033464
T0445072,113056890
T0440732,112015873
T0438628,112074782
T0445240,113028648
T0435137,112038222
T0442859,113008791
T0451472,114006124
T0447517,113086342
T0442065,113025243
T0454100,114004968
T0440356,112046823
T0437204,112062157
T0453741,114021973
T0447173,113043672
T0435553,111078270
T0451016,114033571
T0442401,113025057
T0447341,113078097
T0451224,114015955
T0440164,113002265
T0440958,113015532
T0453573,114051645
T0438842,112062709
T0441270,113019932
T0452667,114050450
T0436322,112024350
T0444702,113055338
T0450130,113078910
T0447187,113073464
T0443527,113039616
T0450302,114011769
T0435795,112880437
T0439158,112083825
T0436110,112042378
T0452455,114040867
T0439964,112079931
T0453587,114034208
T0446603,113076318
T0450766,114032328
T0444968,112072839
T0441426,113013697
T0444154,113038246
T0445086,113033915
T0441614,113013157
T0444366,112085319
T0436746,112036184
T0451486,114036744
T0443143,113000262
T0439193,112074140
T0438041,111057190
T0445429,113022681
T0440967,113008612
T0448336,113086244
T0451029,114880373
T0448104,113084403
T0447970,113088990
T0451815,114044826
T0438273,112076089
T0442866,112011864
T0448560,114001757
T0453914,114066332
T0445871,113061925
T0453128,114051619
T0449680,114022316
T0449446,114009509
T0448594,114005823
T0439731,112077037
T0444957,113064044
T0449674,113074049
T0441841,113008397
T0438889,112005953
T0440993,112072403
T0446258,113013081
T0449210,114010045
T0435598,112035385
T0443518,113025680
T0450933,114014877
T0447984,113089569
T0446856,113069822
T0449022,114004904
T0438287,112056454
T0438227,112065698
T0447924,113089024
T0448150,113080861
T0450993,114017315
T0442658,112080745
T0453518,114013512
T0440933,113007735
T0438015,111086989
T0448706,113088083
T0437439,111064737
T0452892,114044768
T0438643,112080678
T0439791,112083601
T0451419,114036179
T0446668,113069378
T0453188,114026345
T0444903,112058349
T0452866,114058000
T0452268,114880008
T0439765,112087448
T0443914,113042768
T0444769,113045277
T0439301,112072436
T0449076,114004947
T0446802,113065473
T0448998,113082158
T0451089,114013270
T0449244,114011738
T0450369,114006971
T0441815,113017985
T0445489,112065783
T0441029,113010923
T0454154,114070024
T0451426,114036511
T0435163,112008125
T0437634,112051828
T0440766,113005059
T0440554,113005166
T0441486,112042825
T0442203,113026683
T0448739,113010693
T0437062,112009544
T0453527,113067983
T0440130,110046258
T0442667,113018947
T0447315,112080762
T0451270,114029313
T0442455,113013716
T0447127,113055700
T0450190,114007447
T0451042,114025477
T0445670,113046034
T0453715,114067799
T0437250,112045557
T0438218,112072857
T0439930,112076702
T0452401,114031220
T0436144,112016940
T0437096,112033192
T0442693,113000571
T0450356,113086688
T0443573,113049671
T0449049,114013885
T0449875,113074048
T0445684,113051673
T0452633,114047137
T0441224,112085435
T0434879,112038034
T0443117,113043511
T0446465,114880138
T0453385,114037805
T0440792,112063941
T0438688,112070077
T0441640,113000055
T0452065,113071809
T0452859,114040976
T0439568,112086204
T0443325,113036584
T0446657,113072463
T0450732,114880459
T0447785,113086877
T0448391,113075409
T0449243,114011648
T0452439,114018063
T0436940,110067304
T0437892,112046592
T0449071,114017009
T0442499,113020811
T0446039,113071479
T0439762,112089145
T0435993,111075255
T0449415,113066451
T0434841,112011779
T0454198,114880608
T0450538,114880096
T0443913,113041075
T0440598,112058275
T0438482,112021302
T0452861,114055436
T0438644,112079376
T0442009,113026649
T0451248,114025303
T0440934,113011589
T0445648,113063430
T0450994,114017319
T0447923,113088987
T0446650,113070996
T0450735,114880463
T0446462,113057106
T0450507,114880496
T0444335,113030048
T0453382,113038393
T0452250,114047577
T0436715,112054968
T0440795,112087362
T0443574,113049672
T0446006,113069684
T0449872,113072754
T0452634,114047138
T0445683,113051672
T0444751,113049458
T0441223,112080417
T0439339,112082953
T0436143,112016939
T0452406,112025267
T0439937,112072279
T0437091,112027958
T0444563,113051255
T0443746,113019135
T0451283,114007841
T0443580,113049692
T0451879,114016509
T0442452,113040243
T0450197,114019351
T0435500,112044664
T0451045,113089401
T0449886,114018191
T0445677,113880515
T0453712,113068867
T0445445,113035568
T0438811,112079759
T0437065,113880006
T0440137,113000877
T0437859,112073402
T0442660,113001245
T0447312,113086334
T0453144,114053307
T0437401,112060372
T0445021,113056321
T0438449,112071482
T0441481,109034454
T0442204,113026833
T0451613,114036379
T0435356,112032724
T0454153,114070013
T0435164,112014496
T0446496,113058651
T0451421,114880302
T0437633,112051825
T0445213,113027861
T0440761,112006615
T0434877,112028510
T0443925,113043046
T0435199,112027208
T0438686,112076593
T0452857,114057856
T0439566,112083897
T0453985,114057450
T0444932,113051059
T0446659,113076731
T0441824,113021343
T0439102,112067151
T0441018,112076173
T0449275,114002051
T0450358,114001559
T0449047,113062578
T0451884,114046727
T0444758,113025470
T0436378,111044232
T0440902,112027500
T0438818,112071486
T0436982,112059136
T0451870,114042149
T0443589,113025673
T0447129,112030447
T0438216,112080458
T0448505,114008847
T0440768,113007246
T0445028,113021340
T0445814,113034633
T0439592,112087768
T0438440,112880523
T0448737,114003816
T0437295,112026311
T0444767,113041228
T0452602,114046655
T0436347,112054478
T0441215,113011058
T0442490,113014914
T0450969,114013753
T0451087,114014626
T0449844,113082636
T0448996,114012016
T0450155,114023592
T0445487,112064214
T0436175,112048324
T0439901,113001325
T0452430,114045890
T0436949,112037563
T0441027,113009051
T0443314,113035336
T0450703,113060588
T0446666,113039334
T0452054,114019523
T0453186,114037429
T0444131,113020215
T0439559,112069710
T0440591,113006391
T0443126,113042018
T0454191,114068027
T0442232,113005834
T0447740,113070290
T0445017,112071833
T0453172,114056878
T0437437,112065135
T0440565,112083945
T0452292,113067385
T0445225,113059805
T0440757,112071775
T0447572,113054620
T0435152,111076823
T0438229,112063611
T0440333,112090526
T0435536,112044141
T0448962,114001989
T0443784,113044246
T0451241,114019062
T0435704,112050180
T0447324,113088967
T0450393,114009655
T0453516,111880019
T0436181,112030420
T0440101,112090828
T0452098,114039229
T0439595,112084863
T0445813,111093042
T0438447,112019012
T0453976,114057363
T0448730,114002215
T0447778,113072853
T0448502,114880088
T0435956,112036974
T0453378,114036972
T0451877,114026644
T0449888,114880249
T0445679,113880553
T0437857,112051513
T0438023,112059414
T0440139,113001027
T0449286,114015641
T0448354,114003887
T0451279,113060327
T0446834,113039848
T0450951,114035552
T0443748,113028470
T0452850,114060463
T0453982,114054535
T0449616,114009623
T0449424,114000443
T0443922,113027857
T0450509,113057421
T0441649,113016309
T0439753,111088156
T0442651,112065765
T0443783,112055413
T0435703,112050176
T0447323,113082248
T0453511,114056861
T0444794,113057133
T0437266,111091203
T0445646,113042307
T0440334,112014879
T0451848,114046605
T0448159,113064015
T0435531,111032303
T0447111,113079927
T0448965,113075227
T0445222,113057445
T0453347,114005034
T0440750,112091199
T0442007,112088339
T0435969,111050297
T0442235,113007399
T0451622,114027934
T0445010,113029990
T0437430,112005741
T0453175,114064183
T0438478,112060236
T0452261,111091962
T0441676,112087077
T0454196,114049606
T0450536,113081960
T0446453,113073980
T0450704,114018258
T0446661,113029892
T0435393,112022680
T0452053,114019520
T0436516,112040133
T0453181,114039166
T0440596,113007245
T0443777,113038293
T0446205,113069737
T0452437,114044480
T0437292,106015337
T0436340,112039390
T0439308,112078366
T0449843,113066126
T0446037,113057442
T0443714,113043876
T0446266,113046097
T0435794,112880435
T0439965,112045871
T0452454,114040880
T0444531,113033715
T0439159,112084551
T0440191,112076144
T0452666,114048362
T0441271,112072290
T0450131,114012982
T0452202,105020233
T0451487,114036745
T0450767,114032413
T0452030,114041044
T0441427,113014588
T0437661,112880396
T0440733,113000855
T0443384,113039239
T0435304,112024980
T0451641,114036836
T0447724,113040700
T0437453,112046737
T0445073,113058239
T0442632,113026778
T0447340,113078096
T0446292,113068329
T0435760,112047445
T0445417,113020377
T0438843,112064878
T0440165,113006104
T0445625,112077556
T0453740,114061863
T0437205,112062180
T0441285,113014034
T0442400,113016504
T0451017,114033572
T0435552,112045603
T0437498,108076513
T0452833,114046507
T0439502,112064119
T0449675,113089777
T0449447,114010050
T0434813,112041695
T0442893,112025870
T0436778,112060977
T0439730,112077036
T0450932,112059977
T0435599,112023331
T0438286,112053339
T0441840,113000224
T0438888,106062702
T0440992,112069203
T0439166,112081984
T0436912,112035989
T0446259,113031498
T0447971,113067160
T0448105,113075095
T0448939,113088085
T0451028,114013722
T0438272,112070627
T0440966,113007103
T0439192,112044347
T0437834,111067505
T0438040,112053788
T0453129,114055294
T0453915,114039694
T0438424,112076523
T0445870,113061830
T0448753,113088384
T0435935,112021558
T0442867,112031036
T0452695,114053417
T0441282,113020432
T0439398,112082690
T0440350,112008665
T0448901,113050427
T0447175,113065276
T0442635,113020291
T0447347,113080784
T0435767,112043442
T0446295,113068334
T0440162,112089253
T0443383,113039238
T0451646,113088651
T0435303,112029810
T0453111,114045495
T0437454,108005920
T0445074,113058863
T0440506,113004714
T0437666,112063791
T0444394,113027645
T0440734,113000856
T0442063,112091144
T0448559,113086856
T0454106,115880082
T0447511,113066361
T0446605,113064028
T0444152,113049164
T0441420,113021788
T0437692,112053086
T0444360,113054333
T0436740,112062940
T0441612,113025698
T0439708,112062286
T0442097,113009027
T0451480,114036730
T0443979,113045852
T0452661,114034963
T0436324,112048924
T0444704,113058205
T0443521,113042797
T0450136,113084690
T0447181,113011359
T0449827,114006594
T0449229,113075022
T0450304,113063633
T0435793,112048006
T0441878,113026696
T0452453,114041008
T0444536,113051699
T0440196,112071756
T0435932,111029259
T0448566,113082829
T0442860,113015149
T0445279,113046488
T0438611,112080318
T0440539,112008904
T0453912,114023564
T0449686,114014922
T0448754,113088386
T0438047,112006385
T0448330,113085408
T0447378,113072087
T0448102,113082838
T0447976,113088993
T0451813,114007469
T0446098,113071451
T0453778,114055984
T0438275,112078658
T0444509,113040553
T0436915,112054870
T0449216,114008900
T0449024,114006542
T0450109,114026097
T0439353,112071036
T0449440,113074592
T0448592,114011646
T0434814,111018938
T0446408,113044503
T0442894,113004522
T0443946,113039029
T0452008,113019303
T0452834,114051840
T0449672,114022314
T0443348,113043645
T0445042,113880200
T0453127,114044993
T0437462,112048872
T0444190,113022544
T0440530,113880377
T0442267,113030468
T0447715,113080932
T0435335,112050395
T0442055,112066495
T0447527,113088351
T0442869,112033028
T0437650,112040600
T0440702,111089396
T0442431,113015173
T0446091,113056667
T0451026,112074269
T0447143,113019560
T0437234,112061419
T0453543,114030546
T0448339,113088696
T0451214,114880385
T0447371,113065338
T0446859,113073265
T0443517,113024927
T0446065,113069492
T0450100,114021893
T0444732,113023552
T0453785,114056408
T0452657,114034961
T0436312,112040181
T0438288,112028019
T0441240,113005170
T0438886,112049858
T0436120,112038520
T0452465,114047313
T0441072,113010677
T0439168,113880065
T0443725,113043897
T0446257,112091142
T0436544,112054353
T0452001,114036773
T0437496,112023161
T0444958,113064234
T0443341,113025674
T0451684,114021573
T0443173,113023704
T0446401,113048310
T0452233,114047390
T0436776,108059360
T0441624,113022006
T0445419,112024112
T0441885,112085488
T0437805,112056223
T0440359,112079531
T0438243,112070484
T0446892,113065042
T0451825,113086475
T0447940,113076627
T0438627,112081918
T0435904,112026048
T0443984,113051020
T0448762,114007194
T0442258,113024269
T0453118,114055588
T0453924,114058117
T0444369,113022477
T0449476,114002556
T0443970,113041118
T0445089,113059143
T0452802,114054620
T0444967,112058946
T0449220,114009055
T0446268,113055040
T0438085,112073673
T0436923,112044724
T0439157,112083824
T0452668,114048363
T0439365,112070937
T0446866,113074247
T0449012,114013319
T0443528,112084615
T0443174,113024057
T0450563,114007560
T0443948,113040890
T0446406,114880214
T0436771,112012639
T0452234,114043576
T0439739,112036017
T0436543,112054352
T0437491,112000606
T0441411,112082510
T0450751,113050078
T0446634,113061484
T0438881,112080679
T0452462,114047350
T0439953,112073033
T0441075,113013751
T0443722,113043890
T0447382,113072832
T0443510,113034275
T0435590,112045675
T0450107,114024416
T0453782,114056339
T0436315,112026479
T0440395,112077226
T0453544,114042191
T0452496,114015145
T0445421,112024113
T0438049,112024089
T0442604,113019499
T0435756,112037474
T0447376,113072031
T0442436,113027670
T0447144,113019561
T0448930,114011200
T0453776,114053006
T0445613,113059803
T0440361,112069483
T0454137,114032994
T0448568,113081768
T0442052,112066460
T0436785,112023986
T0445277,113065911
T0437657,109035318
T0440705,112059150
T0445045,112057889
T0440537,113008331
T0449688,114015107
T0442260,113009506
T0447712,113071760
T0435332,112046532
T0441278,112880392
T0439362,112061996
T0446861,113054736
T0449227,113067939
T0441876,113012544
T0438082,112030131
T0440198,113007661
T0439150,112066498
T0443379,113037963
T0452039,114032114
T0439534,112019298
T0452805,114046623
T0444960,113050300
T0439706,112084651
T0442099,112038502
T0443977,113045610
T0451648,112077918
T0444994,113056565
T0440508,108070112
T0445248,110057693
T0438620,112069492
T0435903,112039227
T0443983,113048900
T0442851,113022786
T0453749,114025067
T0438244,112070668
T0451822,113086474
T0448301,113078250
T0440950,113010911
T0441882,113021989
T0439998,113000587
T0438076,112034860
T0449273,113002560
T0451882,114043236
T0449041,114013181
T0439336,112080719
T0443923,113043041
T0444934,113053582
T0449617,114025688
T0446499,113017018
T0434885,112031904
T0442039,113012994
T0438674,112044753
T0453379,114037269
T0445812,113054705
T0439594,112016862
T0438446,112019011
T0452099,114024576
T0435359,112880398
T0448731,114002490
T0438022,112052924
T0437856,112062036
T0436984,112059139
T0440904,112066866
T0449287,114005239
T0448355,114003085
T0450198,114027862
T0437258,112052184
T0446660,113088979
T0435392,112000327
T0443312,113031478
T0441445,113018231
T0440597,112055354
T0436517,111086153
T0453180,114039163
T0444137,113046982
T0452260,114046561
T0450537,114030490
T0446452,113072194
T0454197,114007376
T0439309,112081445
T0441213,112083872
T0444761,113032461
T0437293,106015338
T0452604,114046677
T0436341,112049687
T0449842,113052872
T0448990,113084980
T0442496,113020810
T0450361,114029246
T0444553,113025461
T0439907,112070601
T0452436,114044457
T0440335,112083047
T0453722,114021774
T0445647,113036912
T0448964,113075225
T0451849,114027129
T0448158,111082772
T0451247,114020839
T0435702,112036964
T0447322,113086170
T0450395,114026412
T0440107,112077862
T0438821,112076656
T0437055,112061690
T0447746,113072512
T0451623,114017625
T0446694,113072263
T0435366,112023026
T0442234,113007320
T0453948,114039658
T0439799,113007328
T0452294,112090841
T0445223,113058935
T0435154,112880442
T0442006,113020951
T0435508,112043233
T0447128,113069880
T0451871,114041384
T0447914,113063759
T0448160,113080554
T0438217,112059739
T0438025,112055321
T0436983,112059137
T0453528,114013513
T0438819,112076538
T0442668,112043539
T0445815,113051354
T0438441,111079523
T0453970,114880445
T0437409,111073210
T0448736,114003814
T0442802,113026428
T0434882,112038622
T0435950,112016236
T0438673,111037764
T0439567,112080086
T0444933,113052535
T0435198,112005598
T0434876,112014030
T0449422,113088637
T0439755,113880074
T0438687,112062611
T0452258,114030666
T0449046,114013489
T0451885,114032071
T0448194,114002722
T0444759,113027922
T0436379,111061195
T0441825,112082292
T0450359,114007919
T0449274,113013704
T0441684,112064754
T0452293,113067386
T0451416,113085231
T0435153,112880253
T0446693,113072261
T0451624,114027662
T0445016,113009995
T0437436,112060570
T0453173,114061041
T0435705,112008211
T0447325,113082249
T0442657,113032232
T0443785,113051150
T0440100,112075766
T0445472,113060607
T0438228,112046793
T0453725,114071728
T0437260,112027394
T0435537,112041635
T0447117,113079763
T0448963,114010476
T0442465,113880233
T0448399,113087748
T0443771,113031728
T0436948,112025636
T0445486,113033334
T0441214,112084472
T0437294,112046836
T0444766,113041227
T0452603,114046658
T0449845,113088159
T0448997,114011242
T0449079,114005020
T0442491,113014915
T0441670,112040482
T0436722,112050912
T0447587,113040107
T0446455,113076652
T0434849,112031112
T0454190,114058966
T0450702,113001422
T0446667,113010359
T0441442,113019646
T0439558,112051473
T0440590,113001970
T0436510,112000460
T0444130,113034089
T0453187,113070903
T0435368,112012180
T0452894,114031830
T0439797,113000414
T0453348,114005077
T0442834,113002131
T0442008,112071770
T0435966,111049009
T0448532,113075056
T0445649,113063382
T0451847,114046601
T0451249,114027579
T0438013,112042048
T0436189,112053196
T0440935,113018261
T0443778,113038294
T0448390,113082277
T0449242,114002047
T0439909,112076904
T0452438,114044495
T0449626,114021003
T0452860,114049827
T0439551,112087303
T0436519,112050026
T0441679,113020249
T0443912,112063761
T0454199,114880610
T0437858,112062066
T0440136,112049841
T0437064,112063865
T0447313,113086411
T0451276,114011094
T0442661,113015968
T0447121,112030442
T0450196,114019344
T0451044,114026957
T0449887,114018192
T0443581,113880022
T0451878,114041272
T0440304,112082882
T0453713,114067649
T0437256,112017936
T0451420,114020955
T0435165,112026729
T0446497,113058650
T0447545,113074485
T0440760,112006614
T0453377,114034498
T0437632,112051824
T0445212,113027859
T0453979,114054522
T0438448,112047282
T0440552,113003478
T0441480,113020993
T0437400,112060369
T0445020,112071834
T0435357,112038440
T0451612,114041239
T0446463,113072354
T0440794,112087361
T0453383,114037651
T0436714,112054945
T0444106,113033866
T0452063,114033641
T0450734,114880465
T0447783,113084194
T0449619,113082200
T0443323,113023297
T0441010,113002976
T0439936,112071400
T0436142,112016938
T0444562,113056379
T0450162,114020783
T0446007,113001691
T0443575,113049691
T0452635,114047646
T0444750,113049457
T0439764,112070974
T0452269,114036721
T0447589,113065241
T0449413,113057721
T0443129,113041403
T0434847,112049207
T0438484,112073656
T0444902,112041500
T0452867,114059311
T0453189,114057341
T0450368,114012995
T0448397,113083165
T0449245,114011793
T0441028,113010922
T0437894,112060263
T0445488,112057958
T0439300,112071903
T0444768,113041230
T0448999,114012933
T0446803,113065061
T0449077,114017428
T0442659,113001244
T0438828,112029099
T0438226,112063481
T0447119,113059946
T0435539,112013085
T0450992,114035806
T0447925,114880060
T0449083,114005021
T0438642,112069488
T0440758,112073269
T0439790,112083597
T0442833,113002130
T0448535,113046693
T0448707,113088233
T0438470,112063112
T0445824,113038935
T0452893,114043992
T0437438,111044167
T0449874,113074045
T0443572,113880523
T0449048,114013958
T0436377,112024442
T0445685,113067064
T0444757,113024342
T0439931,112066226
T0437097,112030014
T0450357,113086689
T0451285,114018406
T0442692,112076000
T0452858,114060431
T0447784,112059080
T0450733,114880461
T0446464,113072403
T0435196,112037571
T0443116,113009277
T0438689,110078355
T0441641,113019128
T0453384,114037804
T0452256,114046562
T0441487,112088871
T0452090,114880551
T0451615,114043098
T0435350,112046800
T0447770,111057466
T0448738,114003819
T0446490,113066827
T0435162,111090449
T0451427,114036513
T0442030,113014651
T0440767,113007212
T0437635,112052136
T0445215,113035312
T0450191,113074531
T0447126,113078815
T0449880,113074047
T0451043,114026956
T0442454,113040587
T0440303,112078393
T0445671,113055315
T0437251,112062741
T0440131,113000878
T0453526,114023781
T0438817,112072524
T0444591,113046199
T0437063,112050950
T0447314,112034455
T0451271,114029314
T0435734,112042762
T0447868,113085616
T0442526,113023273
T0448820,114003728
T0446186,113057666
T0437323,112049516
T0440271,112079375
T0452586,114045373
T0437111,112880565
T0438965,112065058
T0440043,112039901
T0438159,112056095
T0447266,113071545
T0435646,112024295
T0444087,113046482
T0437575,112059876
T0440427,113005278
T0442370,111056218
T0435222,110079971
T0451767,114036607
T0447602,114008945
T0454027,114051344
T0448478,113076068
T0451555,114037440
T0435010,112016468
T0447430,113072580
T0453202,114048117
T0436695,112055214
T0445367,113059940
T0442384,113018977
T0446724,113077908
T0451793,114020443
T0443064,111088348
T0450473,114021304
T0443858,113022897
T0444241,112065569
T0436661,112031576
T0439629,112091348
T0435480,112033344
T0452740,114039448
T0441357,112082508
T0440285,112090077
T0436037,112053357
T0444417,113019747
T0438991,112053727
T0450225,114014383
T0447292,113062282
T0437778,112061256
T0438730,112054356
T0449595,114010014
T0435813,112024245
T0442941,113019143
T0451758,114022953
T0436498,111069884
T0438502,112026116
T0445956,113069995
T0447259,113068236
T0435679,112040641
T0441992,113016909
T0439888,112077438
T0440840,113018302
T0437912,112069620
T0438166,112053546
T0447857,113047909
T0448023,113079516
T0442519,113031818
T0446985,113056300
T0449337,113060216
T0444428,113054335
T0440088,111042743
T0441368,113008974
T0439272,110084714
T0450028,114015068
T0449939,112030354
T0449561,113065571
T0442189,113028556
T0452129,114011351
T0444870,112083950
T0439844,112073740
T0438996,112064780
T0444410,112090829
T0443635,113022102
T0447295,113071278
T0446347,113076852
T0450010,113085696
T0435487,112014723
T0446175,113036447
T0449901,113081970
T0436202,112052574
T0444622,113045458
T0441350,113010203
T0440282,112079777
T0443063,113035302
T0450474,114030817
T0436666,112051547
T0437586,112065466
T0436454,112037136
T0443251,113039933
T0451794,112079677
T0442145,113028782
T0443097,113034854
T0454020,114025753
T0435017,112035990
T0451552,114007371
T0442979,113022621
T0450480,114000639
T0447437,113083979
T0437740,111061401
T0438708,112081879
T0437572,112028632
T0440420,112075003
T0451760,114022955
T0447605,113077686
T0445536,113057034
T0452581,113077703
T0438962,112076674
T0453453,114049501
T0437116,112043894
T0448229,113057466
T0442713,113031781
T0447261,113059393
T0434793,112017409
T0442521,112048885
T0445704,113051524
T0450679,114880398
T0445199,113055866
T0452912,113073247
T0439423,110074393
T0444279,113047973
T0439611,112075819
T0434932,111093171
T0452778,114051910
T0439275,112048214
T0450813,113088730
T0443438,113044345
T0447098,113054459
T0449330,114021536
T0434758,112032812
T0446378,113050647
T0441961,113014804
T0453498,114032577
T0436833,112044462
T0439281,113880119
T0447850,113045623
T0446982,112072913
T0448818,114003720
T0451109,114024931
T0448216,113088200
T0445509,112034456
T0440847,112063149
T0437129,112060363
T0437915,112032845
T0448672,114001109
T0453008,114058214
T0453834,114029071
T0438505,112026120
T0444883,113039670
T0449592,114009684
T0435028,112041552
T0442946,112050220
T0443894,113043032
T0452315,114047209
T0437782,112050036
T0442187,113028559
T0446527,113052155
T0451590,113079768
T0446715,113074826
T0444042,113033114
T0441530,113023020
T0443603,112043523
T0450214,114027864
T0453491,114039380
T0444426,113880025
T0436006,112021888
T0439872,112077367
T0441154,113000621
T0444614,113048078
T0452771,114035028
T0436234,112027136
T0441366,113008973
T0449937,113059798
T0447091,113080238
T0442725,112073763
T0435677,112040638
T0446385,113075363
T0453465,114046911
T0438954,112062375
T0445500,113037921
T0439886,113002060
T0438168,112063242
T0453657,114066357
T0441392,113016344
T0439288,112084583
T0447859,113085100
T0435445,112032366
T0451100,114024929
T0448811,114003731
T0447065,113880512
T0437776,112065055
T0453233,114017988
T0440624,112076282
T0448449,113089706
T0443293,113036042
T0442341,113025709
T0447633,113082058
T0451756,114035224
T0435213,112031481
T0453001,114055291
T0445958,112035488
T0440416,113001540
T0446940,113079412
T0450825,114019228
T0447892,110090548
T0450019,113080536
T0439243,112048213
T0440885,110087868
T0436805,112044486
T0439071,112077492
T0449306,114009266
T0452924,112025268
T0449762,113049624
T0448482,111058097
T0449550,114001950
T0446518,113050459
T0453802,113088327
T0449796,114016281
T0451769,114036989
T0448476,113080991
T0454029,114051345
T0437749,112062002
T0447866,113085450
T0446188,113058870
T0440871,112072334
T0452588,114046007
T0447268,113090203
T0443294,113036043
T0454223,114064351
T0442346,113033639
T0447634,113082061
T0435214,112023670
T0437543,112051709
T0453006,114052284
T0445351,113051819
T0444283,113050958
T0437771,112028772
T0440623,112070074
T0454011,114060398
T0447406,113057407
T0435026,112042116
T0445735,113057226
T0441395,113016468
T0451107,114030166
T0435442,112034499
T0447062,113025187
T0448816,114003508
T0442722,113028786
T0446382,113055733
T0451335,114020117
T0447250,113080252
T0437127,112059989
T0438953,112047033
T0439881,112038439
T0444613,113045105
T0436233,112035363
T0452776,114036221
T0441361,112081748
T0449930,114014995
T0446144,113017402
T0447096,113043658
T0443604,113013280
T0446376,113050566
T0450213,114026127
T0444421,108067240
T0439875,112088079
T0452544,112068564
T0436001,112040682
T0439049,112080623
T0441153,112085757
T0446712,113071075
T0436465,111042143
T0445197,113055175
T0444045,113040979
T0441537,113011786
T0444879,114880102
T0436657,112041839
T0444277,113047971
T0437785,112069712
T0443052,113032755
T0442180,113019132
T0450445,113059915
T0446520,113077983
T0440876,113008879
T0445538,113057642
T0437924,112067317
T0438150,112072335
T0441198,112071136
T0439082,112049405
T0448015,113055684
T0451138,114022656
T0448829,114015584
T0438362,112030133
T0440278,112056429
T0435825,112044663
T0438706,112081878
T0445960,113062480
T0453805,114001011
T0438534,112067489
T0449557,113048893
T0443851,113022748
T0436668,112040312
T0437588,112065736
T0449765,113073048
T0441950,113026860
T0439076,112059320
T0436802,112036793
T0449133,113090067
T0435489,112051104
T0452749,114008931
T0438336,112069610
T0435429,112038225
T0447009,113065491
T0451950,112083234
T0449193,113090091
T0450882,114031832
T0442749,112043727
T0437970,110089017
T0453409,114048328
T0438938,112080962
T0452983,114047018
T0453851,114067048
T0451508,114021571
T0442923,113035867
T0448425,114011101
T0435871,112880562
T0449731,114015355
T0439446,112066343
T0452977,113065133
T0438594,112066206
T0453099,114059246
T0452379,112004651
T0443805,113010889
T0443039,112089788
T0434957,112031409
T0435885,112013129
T0439210,112061945
T0444678,113880528
T0448889,112019314
T0448287,112003251
T0437984,112067782
T0435072,112031753
T0451537,113052939
T0440677,113005925
T0445305,113062669
T0453260,114032875
T0437517,112058739
T0447660,113075176
T0435240,112034826
T0454277,114007395
T0453436,114005059
T0444481,113045462
T0445553,113052245
T0447204,113078296
T0451153,113084866
T0448842,114011618
T0447036,113071536
T0443496,112082248
T0438309,112062424
T0437341,112062069
T0445761,113045534
T0436869,112043835
T0441107,113005759
T0444475,113010189
T0437187,112047334
T0436055,111054097
T0452510,114047437
T0451395,114040606
T0442782,113042906
T0443650,113026434
T0446110,112057089
T0449158,114006263
T0450849,114028995
T0441335,113011925
T0444647,113031790
T0450411,113075393
T0443006,113034351
T0434968,112038621
T0438799,112064873
T0452346,114021845
T0436603,112044293
T0444223,113056638
T0453294,114044615
T0452948,114045815
T0441563,112061966
T0452174,114007665
T0450623,114012924
T0446746,113078065
T0443668,113023108
T0448280,113005775
T0437983,112055553
T0439025,112080658
T0439819,112076411
T0452528,114052457
T0439217,112081660
T0446128,113051005
T0442588,113030168
T0439673,112069999
T0450429,114026423
T0434950,111078653
T0449504,110056433
T0439441,112049156
T0444815,113029489
T0440489,113002075
T0438593,111032364
T0444029,113027887
T0439687,112084650
T0438755,112073151
T0442924,113022685
T0442118,112035808
T0447658,113070930
T0435278,112010797
T0448610,113024372
T0452984,113061395
T0445933,113068286
T0437977,112067290
T0440019,112089576
T0438103,112069777
T0449194,114013708
T0448046,113079592
T0441564,112071170
T0447693,113066777
T0446741,113010516
T0454284,114021754
T0449709,114021910
T0450416,114020870
T0435081,111090267
T0446573,113084022
T0440684,112049678
T0436604,112055956
T0452341,114043951
T0453293,114053369
T0444224,113056647
T0443465,113014360
T0441332,113011917
T0439228,112079284
T0445792,112049924
T0452725,113090123
T0437180,112054033
T0444472,113043753
T0439826,112075242
T0452517,114021276
T0446325,114880112
T0450240,113082837
T0442785,113033183
T0449997,114019335
T0447031,113071255
T0451968,114041803
T0443491,112068806
T0440214,112091372
T0445766,113049055
T0437948,112052269
T0444486,113006172
T0453431,114053305
T0453869,114044237
T0438558,112076997
T0440442,112087947
T0452187,114015720
T0445130,112043684
T0437510,113880024
T0447667,113078791
T0435247,112044352
T0454270,114068202
T0442315,113880432
T0447455,112880545
T0451530,114038122
T0446587,113075824
T0454042,114030626
T0442127,112089692
T0435849,111880382
T0453267,114049739
T0435088,112040488
T0443834,113052781
T0449532,114017317
T0434966,112035544
T0443008,113006604
T0452348,114030081
T0444823,113033247
T0439477,113002997
T0452946,114045966
T0446748,113070949
T0439013,112078831
T0441109,113011049
T0441935,113015537
T0437189,112058244
T0450847,114028981
T0448084,113068216
T0449156,113062360
T0446922,113024763
T0439221,112080624
T0436269,112037604
T0440813,113006954
T0442778,113036314
T0447804,113084839
T0448070,114001229
T0443498,113018972
T0451961,114002059
T0434992,112018342
T0448414,113076190
T0438763,112048248
T0438551,112047260
T0445905,114880155
T0437519,111067964
T0441304,112018722
T0452713,114013298
T0437384,112005687
T0448887,112019312
T0450044,114000428
T0449955,114020147
T0446121,112062064
T0443453,112071933
T0450878,114011640
T0442581,113018607
T0434733,112028855
T0448289,114002733
T0441136,113880348
T0439810,112082945
T0436064,112021755
T0443205,113038110
T0440480,112081469
T0441552,113024686
T0439448,112068618
T0452979,114057966
T0453097,114059226
T0441760,113028626
T0444212,112071052
T0436632,112042334
T0452377,114045293
T0447497,113074770
T0454080,114040747
T0434959,112880434
T0451734,114018792
T0447651,113077847
T0454246,114065883
T0440474,112048200
T0437526,111072863
T0445106,113043146
T0440646,112018392
T0453251,113067247
T0451506,114012671
T0447463,113081483
T0442111,112089691
T0438338,112072096
T0437370,113880097
T0444682,113052365
T0448873,113029976
T0435427,112037628
T0442575,113015409
T0435615,112002798
T0442747,112031749
T0440010,112052700
T0453867,114038390
T0445902,114880164
T0435249,112032885
T0447669,113069272
T0442915,113016434
T0435847,112031275
T0442129,113016939
T0434995,112026733
T0438764,112058590
T0453269,114053652
T0449999,114019343
T0448077,112036322
T0451966,114004307
T0438300,112003644
T0437348,112034999
T0437946,112068227
T0440814,112082958
T0444488,113018284
T0451368,114009701
T0448245,113083886
T0446119,113060020
T0448083,113075003
T0436860,112034349
T0441932,113024504
T0439828,112072983
T0452519,114021630
T0443659,113037016
T0449363,114880239
T0444824,110073033
T0434961,112038633
T0441758,113023755
T0439642,112090178
T0447232,113064592
T0435612,111092166
T0443692,113034424
T0436097,111086559
T0445565,113047306
T0453400,114062623
T0445757,113033373
T0444685,113053334
T0448048,113080071
T0451959,114001993
T0440641,113005481
T0439689,112054500
T0437713,110018915
T0453256,114011282
T0447464,113081484
T0435878,112033463
T0442116,111068783
T0451733,114015082
T0446784,113082129
T0442324,112090854
T0440473,112055241
T0438569,112065169
T0453064,114057488
T0445101,113046316
T0444215,113022241
T0452370,114050849
T0436635,112038338
T0450427,114021323
T0447490,113076819
T0443030,112064415
T0454087,114001147
T0435282,112045346
T0449738,114011186
T0441555,113030470
T0453090,110046429
T0444027,113027885
T0436407,112052427
T0452142,114044641
T0434734,112028856
T0446314,113069698
T0443666,113022491
T0445591,113051041
T0439817,112075580
T0441303,113014035
T0452714,114034035
T0436251,112050850
T0444671,113061356
T0448880,112019306
T0446126,112017846
T0449952,112054871
T0435685,112033470
T0434757,111018932
T0450212,114019350
T0453497,114032133
T0436000,112046194
T0452545,114040609
T0439874,112062218
T0444612,113038720
T0436232,112023989
T0446145,113065222
T0449931,114015373
T0450020,114010295
T0447097,113053677
T0452313,114017933
T0444276,113047951
T0437784,113880131
T0450444,114009456
T0443053,112046089
T0442181,113020665
T0446713,113066519
T0443261,113034078
T0441536,113010827
T0436464,112041092
T0445196,113053344
T0440622,112090295
T0444282,113058620
T0437770,112028771
T0454010,114060337
T0442175,112088975
T0447635,113082062
T0450682,114017586
T0451750,114021015
T0435215,112031565
T0454222,114059161
T0442347,113004545
T0437542,112051708
T0451334,114024407
T0446383,113062939
T0435671,112038470
T0447251,113080266
T0442723,113030307
T0448219,113059987
T0440848,112035785
T0438952,112033929
T0437126,112057860
T0439880,112026084
T0441394,113016421
T0437314,112032631
T0453651,114063430
T0445734,113056009
T0435443,112034504
T0451106,114031730
T0448817,114003719
T0442511,113014885
T0445995,113067638
T0441509,113029350
T0437589,112067961
T0450649,114020780
T0449764,114022683
T0443850,112880530
T0448484,112029154
T0449556,114014201
T0435488,112022122
T0446946,113880086
T0450823,114019183
T0447894,114000758
T0439077,112069260
T0438999,112078830
T0451905,114028614
T0448014,114880083
T0440279,112064124
T0438151,112072336
T0441199,113024584
T0439083,112065014
T0440877,113013301
T0445539,113022704
T0445961,113062481
T0438535,112069684
T0453804,114001010
T0453038,114058998
T0448642,112051360
T0447438,113083987
T0435018,112036191
T0443098,113034863
T0435824,112049720
T0438707,112087917
T0439289,112086123
T0453656,114025125
T0437313,111049760
T0445733,113056008
T0451101,114020161
T0447064,113077376
T0448810,114007486
T0442516,113000172
T0447858,113085021
T0435676,112040637
T0446384,113055990
T0451333,114020144
T0438955,112080581
T0453464,114049897
T0445501,113047927
T0451757,114035232
T0440625,113004796
T0437777,112075912
T0435020,112039660
T0446714,113071292
T0441531,112040247
T0436463,112030699
T0444043,113033115
T0441703,113010422
T0452314,114046206
T0437783,112064118
T0443054,113032814
T0441367,113012099
T0444615,113048079
T0436235,112029408
T0449936,114022657
T0446142,111053747
T0447090,113070797
T0450027,114014735
T0435682,112041698
T0450215,114011000
T0434750,112015300
T0449338,113085624
T0443602,112088679
T0440087,113007358
T0441155,112085761
T0444427,113054338
T0453490,114049887
T0448477,114004195
T0435823,112049709
T0453803,113089037
T0438532,112065226
T0437922,112018917
T0439084,112065015
T0440870,111076563
T0452589,114054619
T0435649,112010712
T0448221,113067724
T0446189,113058916
T0442529,113025282
T0447867,113085559
T0448013,113087088
T0439070,112069494
T0444418,113057919
T0436038,112046427
T0449135,113880175
T0446941,113880219
T0450824,114006015
T0443857,113026214
T0442985,112050224
T0446519,113059011
T0434905,112047409
T0448483,111074586
T0449551,114006896
T0439626,112091385
T0452925,112025269
T0439414,113024472
T0445992,113054174
T0449763,113049626
T0440421,112077569
T0437573,112056978
T0453036,114049874
T0435224,112024976
T0451761,114022959
T0442978,113020372
T0447436,113083975
T0450481,114024288
T0442144,113016371
T0443096,113034853
T0438709,112073030
T0453204,114048098
T0445361,113059644
T0436693,112056215
T0447052,113071652
T0435472,112037123
T0442520,113029540
T0437325,112045877
T0440045,112075767
T0445537,113040751
T0453452,114064923
T0438963,112062963
T0447260,113020566
T0434792,112015660
T0435640,112044794
T0451305,114025015
T0442712,113031637
T0450011,114880335
T0446174,113034843
T0446948,113046131
T0440283,112083255
T0439845,112084334
T0444411,113033228
T0434766,112022317
T0446346,114880124
T0443634,111079482
T0441507,113023578
T0437587,112065509
T0444075,112061528
T0446722,113077935
T0451795,114030178
T0450647,114010321
T0442382,113028363
T0443250,113039932
T0450475,114021305
T0437914,112073403
T0438160,112072690
T0441994,113017733
T0448819,114003724
T0451108,114030167
T0447851,113089848
T0448025,112065767
T0451934,114033763
T0446983,112072914
T0442947,112050223
T0447409,113057859
T0435815,112039694
T0448441,114005570
T0442349,113032420
T0448673,114004108
T0444882,113045166
T0453009,114033095
T0439610,112055427
T0444278,113047972
T0436658,112042132
T0443861,113045296
T0450678,114023806
T0449755,114006460
T0448687,114007087
T0444876,113035707
T0439422,112085248
T0452913,114035349
T0445198,113055639
T0434759,112015750
T0436832,112036791
T0438194,112074726
T0453499,114039897
T0447099,113054457
T0450812,113082721
T0446517,113054113
T0443065,111088351
T0439628,112091364
T0441732,113016824
T0452325,114036368
T0441500,107025728
T0437580,112051826
T0451792,114048955
T0439842,112080566
T0452573,114018815
T0438990,112081429
T0444416,113880504
T0434761,112016784
T0450224,114025757
T0443633,111079467
T0450016,114007428
T0446173,113034842
T0435481,112014223
T0449907,114002337
T0441356,113005443
T0440284,112083577
T0436204,112009191
T0453693,114027908
T0441190,112070000
T0440042,112077742
T0438158,112074878
T0445530,113001401
T0452587,114040081
T0438964,112064972
T0437110,112061551
T0434795,112029647
T0447267,113053275
T0451302,114035507
T0435647,112024054
T0442715,113031783
T0448821,113081089
T0446187,113058710
T0435475,112000329
T0447869,113085617
T0445702,113020495
T0437322,112880491
T0435011,112029001
T0451554,114037436
T0447431,113074126
T0448479,113085397
T0440614,112016111
T0453203,114048118
T0436694,112056216
T0445968,113069493
T0444086,113046481
T0437574,112040822
T0435223,111061955
T0454214,114069938
T0439273,112076140
T0450029,114016609
T0449938,113059797
T0450815,114014228
T0449336,114015951
T0436835,112018418
T0439041,112084120
T0440089,112053676
T0443268,113040435
T0452914,114041470
T0439425,112085318
T0452128,114031469
T0443866,113045973
T0442188,113028557
T0434934,111026101
T0451759,114022954
T0453832,113880565
T0440419,112077573
T0444885,113044984
T0445957,112003847
T0436499,112021989
T0438731,112061525
T0435812,112053586
T0449594,114019180
T0448446,113084682
T0454019,114066561
T0439287,112070900
T0438355,112057933
T0453658,114041997
T0448022,112065766
T0446984,113066219
T0442518,113030947
T0435678,112040639
T0438167,112056096
T0441993,113016910
T0440841,112086010
T0441933,113000093
T0452518,114021561
T0443658,113029883
T0448082,113079419
T0449150,114008377
T0446924,113073627
T0439227,112078548
T0434960,112038632
T0441759,113028624
T0439643,112091193
T0453892,114065881
T0435846,112055597
T0448412,113027022
T0442914,113014892
T0446588,113058477
T0453268,114051274
T0438765,112063202
T0452188,114011468
T0438557,112074634
T0453866,114006310
T0445903,114880152
T0435248,112044381
T0440815,112082960
T0436895,111083199
T0438133,113880059
T0440029,112071682
T0448244,114000235
T0449396,114015230
T0451369,114035471
T0448076,114880289
T0451967,114041153
T0449998,114019340
T0445769,113050543
T0449739,114011248
T0443203,113029553
T0446771,113081859
T0450614,113076110
T0453091,114023474
T0441554,113025474
T0436634,112031574
T0452371,114027076
T0441766,112069106
T0446543,113059012
T0444670,113061354
T0437382,111038788
T0442587,113029788
T0448881,112019304
T0449953,114880196
T0451190,114037067
T0434735,111077291
T0452527,114052979
T0439816,112069995
T0445590,113051042
T0453633,114055268
T0444684,113054245
T0437376,112022087
T0448049,113080243
T0451958,113080729
T0435421,112022763
T0443693,113034425
T0435613,111093076
T0451356,114035470
T0445564,113045485
T0437144,112058675
T0453401,112054958
T0438930,112047129
T0442325,113005127
T0451732,114010864
T0447657,114000134
T0437520,111074674
T0440472,112031521
T0453859,114043015
T0453257,114014089
T0437712,112014592
T0445332,113063839
T0440640,113001263
T0439688,112085703
T0442117,111068784
T0435879,112036337
T0454072,114040621
T0435045,111090274
T0447465,113071238
T0448071,112065770
T0451960,114002033
T0438306,112075798
T0453439,114045876
T0436892,112014060
T0438134,111092376
T0437518,111067963
T0445138,113045445
T0438550,112064573
T0445904,114880153
T0439482,112063521
T0441598,113009254
T0454278,114075958
T0442913,113011594
T0440678,112082372
T0453895,113068326
T0452947,114030295
T0439476,112090996
T0446749,112081196
T0449533,114009257
T0435089,111060941
T0452349,114014551
T0450846,114028906
T0448085,113066433
T0446923,113049386
T0449157,114001826
T0444648,113047733
T0441934,113000099
T0437188,112073586
T0436866,112060587
T0450248,114026030
T0437715,111079038
T0442110,112089689
T0447462,113081416
T0451735,114022951
T0447650,113074896
T0453062,114048495
T0437527,112017724
T0438937,112080957
T0453406,110075559
T0437143,112054567
T0440011,112072551
T0445751,112005877
T0453634,113085020
T0442574,113036978
T0448872,113029975
T0448288,111058314
T0452520,114031743
T0444445,112088575
T0441137,112025056
T0437385,112005688
T0444677,113061360
T0450879,114012310
T0448886,112019311
T0451197,114037072
T0452376,114045295
T0441761,113028627
T0443036,113038889
T0454081,114044235
T0434958,112035543
T0446544,113049884
T0443204,113022504
T0450613,114031044
T0444021,113021758
T0436401,112024974
T0440481,113014022
T0441553,113025240
T0452978,114057963
T0439449,112068619
T0447659,113074747
T0438566,112048915
T0439686,112084646
T0438754,112073150
T0442925,112050604
T0445758,113033374
T0448047,113080070
T0447833,113076345
T0448275,114015545
T0451358,113085464
T0440018,113000468
T0437976,112067289
T0439216,112081652
T0446915,113036282
T0450870,113072392
T0446129,113064657
T0449353,113063220
T0443669,113051046
T0452529,114035026
T0439818,112076410
T0437982,112046996
T0439024,112075178
T0449737,114011185
T0436408,112053525
T0444028,113027886
T0452971,114025298
T0438592,112063690
T0444814,113017317
T0439672,112069997
T0454088,114050895
T0434951,112044323
T0435883,112000962
T0449505,114024312
T0450428,114026418
T0453430,114044645
T0437175,112053192
T0444487,113012257
T0440027,112071681
T0437949,112052382
T0451367,114023777
T0435622,112050997
T0447202,114880150
T0451969,114014227
T0442542,113030741
T0448078,113070702
T0443490,113031422
T0447030,113036425
T0437347,112034989
T0445767,113049060
T0435848,112043897
T0442126,112033740
T0435074,111016623
T0446586,113058476
T0451531,114032786
T0445303,113060905
T0453266,114046144
T0440671,113011629
T0437511,113880083
T0453868,114013976
T0440443,112088496
T0442314,113016489
T0447666,113081905
T0451703,114041383
T0435080,112001444
T0452340,114045830
T0436605,112022604
T0453292,114044614
T0436437,112024443
T0454285,114075966
T0449708,114022169
T0447692,113076424
T0446740,113064264
T0437181,112037554
T0452516,114021275
T0439827,112083828
T0442784,113019620
T0446324,113071063
T0434704,112011261
T0443464,113014356
T0446116,111034956
T0449962,114017357
T0450073,113019649
T0452724,114880279
T0441333,113011924
T0439229,112082857
T0439675,112075827
T0434956,112044325
T0443038,112089326
T0435884,112000963
T0447498,113074771
T0449730,114014276
T0453098,114059238
T0452976,114057961
T0439447,112060609
T0444813,113055655
T0438595,112076011
T0449354,114003428
T0448286,113044111
T0450279,113072457
T0441905,113008737
T0437985,112042030
T0439023,112075176
T0444679,114880065
T0439211,112069484
T0446912,113071115
T0451199,114022328
T0448888,112019313
T0438939,112079958
T0440823,113011784
T0437971,112012033
T0438337,112058271
T0449192,113080816
T0448040,113076344
T0438753,112059030
T0440649,113005480
T0448424,114010998
T0451509,114036150
T0442922,113035864
T0448616,114009491
T0454249,114073607
T0453850,114064058
T0438561,112075529
T0449159,114006279
T0450848,114028988
T0443463,113044666
T0449965,114021133
T0450074,114034534
T0444646,114880054
T0445794,113035901
T0437186,112056159
T0452511,114006756
T0436868,112043837
T0443651,113045604
T0451394,114040608
T0450246,114014210
T0452949,114012912
T0439478,113003358
T0441562,112051469
T0443235,113010625
T0454282,114066149
T0450622,114012923
T0446747,112042097
T0443007,113034352
T0450410,114026410
T0446575,113031754
T0436602,112044284
T0453295,114044898
T0444222,113051334
T0445136,113061991
T0448629,113073149
T0454276,114075955
T0447661,113076543
T0435241,111083121
T0451704,114041241
T0442121,113022093
T0451536,114038069
T0445304,113070242
T0453261,114039651
T0440676,113005423
T0443497,112082251
T0451152,111048751
T0450080,114029597
T0448843,114011650
T0437340,112062065
T0445760,113041217
T0440212,112087561
T0438308,112880115
T0444480,113045040
T0453437,114026700
T0447205,113078323
